{
  "p_cnot_IX": 0.00138114364411029,
  "p_cnot_IY": 0.0004694653284388137,
  "p_cnot_IZ": 0.0,
  "p_cnot_XI": 0.0002663892195802483,
  "p_cnot_XX": 0.0,
  "p_cnot_XY": 0.0005360718960096523,
  "p_cnot_XZ": 0.00027006661479917675,
  "p_cnot_YI": 0.0006637946689517943,
  "p_cnot_YX": 0.0,
  "p_cnot_YY": 0.0,
  "p_cnot_YZ": 0.0006655092668257953,
  "p_cnot_ZI": 0.00044844615219907173,
  "p_cnot_ZX": 0.00025733018604219473,
  "p_cnot_ZY": 0.0004988815090681351,
  "p_cnot_ZZ": 1.8749145299129604e-05,
  "p_idle_cnot_X": 0.00015173758787970478,
  "p_idle_cnot_Y": 0.0010092803818806113,
  "p_idle_cnot_Z": 0.0,
  "p_idle_spam_X": 0.0008133533038718293,
  "p_idle_spam_Y": 0.0019216548995969038,
  "p_idle_spam_Z": 0.0,
  "p_meas_X": 0.00523695512590696,
  "p_meas_Z": 0.00523695512590696,
  "p_prep_X": 0.0010280806787926907,
  "p_prep_Z": 0.0010280806787926907
}