{
  "p_cnot_IX": 0.00026238844611402507,
  "p_cnot_IY": 0.00023490536865179942,
  "p_cnot_IZ": 0.0,
  "p_cnot_XI": 1.2820612706019413e-06,
  "p_cnot_XX": 0.0,
  "p_cnot_XY": 5.737635869398851e-05,
  "p_cnot_XZ": 1.2538921695921794e-06,
  "p_cnot_YI": 0.00022009505664972648,
  "p_cnot_YX": 0.0,
  "p_cnot_YY": 4.20215670479078e-05,
  "p_cnot_YZ": 0.0002186380298107847,
  "p_cnot_ZI": 0.0006000257727420412,
  "p_cnot_ZX": 0.0,
  "p_cnot_ZY": 0.0,
  "p_cnot_ZZ": 1.2999862467368506e-05,
  "p_idle_cnot_X": 0.0007489479807723295,
  "p_idle_cnot_Y": 0.0005884615570524477,
  "p_idle_cnot_Z": 0.0,
  "p_idle_spam_X": 0.001635847623862136,
  "p_idle_spam_Y": 0.00192651353680509,
  "p_idle_spam_Z": 0.0004990237576374273,
  "p_meas_X": 0.001812975887938683,
  "p_meas_Z": 0.001812975887938683,
  "p_prep_X": 0.0012628948599843408,
  "p_prep_Z": 0.0012628948599843408
}