{
  "p_cnot_IX": 0.0018103083608147507,
  "p_cnot_IY": 0.0,
  "p_cnot_IZ": 0.0,
  "p_cnot_XI": 6.190607576831982e-07,
  "p_cnot_XX": 0.0,
  "p_cnot_XY": 0.00230140531580072,
  "p_cnot_XZ": 6.885129831498287e-07,
  "p_cnot_YI": 0.0002896705014579366,
  "p_cnot_YX": 0.0,
  "p_cnot_YY": 0.0002643817166439401,
  "p_cnot_YZ": 0.0002471653070708345,
  "p_cnot_ZI": 0.002314601648240213,
  "p_cnot_ZX": 0.0,
  "p_cnot_ZY": 0.0,
  "p_cnot_ZZ": 0.0,
  "p_idle_cnot_X": 0.0,
  "p_idle_cnot_Y": 0.0003993297182074958,
  "p_idle_cnot_Z": 0.0,
  "p_idle_spam_X": 0.0,
  "p_idle_spam_Y": 0.0009736766774499533,
  "p_idle_spam_Z": 0.0,
  "p_meas_X": 0.0007423000091408775,
  "p_meas_Z": 0.0007423000091408775,
  "p_prep_X": 0.002689178723160982,
  "p_prep_Z": 0.002689178723160982
}