{
  "p_cnot_IX": 0.0,
  "p_cnot_IY": 5.617828401425857e-05,
  "p_cnot_IZ": 0.00010604613445081666,
  "p_cnot_XI": 0.0,
  "p_cnot_XX": 0.0,
  "p_cnot_XY": 0.0014854501359975213,
  "p_cnot_XZ": 0.0,
  "p_cnot_YI": 0.0,
  "p_cnot_YX": 0.0,
  "p_cnot_YY": 4.758255569567122e-06,
  "p_cnot_YZ": 0.0,
  "p_cnot_ZI": 0.0010591432581627848,
  "p_cnot_ZX": 0.0,
  "p_cnot_ZY": 0.0,
  "p_cnot_ZZ": 0.00043473876453113203,
  "p_idle_cnot_X": 0.00035815414191067853,
  "p_idle_cnot_Y": 0.0001781384656866185,
  "p_idle_cnot_Z": 0.0,
  "p_idle_spam_X": 0.0013935268544193946,
  "p_idle_spam_Y": 0.0021668013273920318,
  "p_idle_spam_Z": 0.00021210565784303658,
  "p_meas_X": 0.0036921916330052897,
  "p_meas_Z": 0.0036921916330052897,
  "p_prep_X": 0.00189261514170709,
  "p_prep_Z": 0.00189261514170709
}