{
  "p_cnot_IX": 0.0,
  "p_cnot_IY": 0.0,
  "p_cnot_IZ": 0.00015225435492503562,
  "p_cnot_XI": 0.0001117785308691511,
  "p_cnot_XX": 0.0007115512836091085,
  "p_cnot_XY": 0.0,
  "p_cnot_XZ": 0.0001286450511591168,
  "p_cnot_YI": 9.773574527681792e-05,
  "p_cnot_YX": 0.0002869560873737701,
  "p_cnot_YY": 0.0,
  "p_cnot_YZ": 0.00015871873122452973,
  "p_cnot_ZI": 0.0005584278270576298,
  "p_cnot_ZX": 0.0,
  "p_cnot_ZY": 0.0,
  "p_cnot_ZZ": 0.0003550173419560824,
  "p_idle_cnot_X": 0.0,
  "p_idle_cnot_Y": 0.00037126784843674913,
  "p_idle_cnot_Z": 0.0,
  "p_idle_spam_X": 0.0021291517030201275,
  "p_idle_spam_Y": 0.0011698584829557387,
  "p_idle_spam_Z": 0.0,
  "p_meas_X": 0.00690673203317875,
  "p_meas_Z": 0.00690673203317875,
  "p_prep_X": 0.0,
  "p_prep_Z": 0.0
}