{
  "p_cnot_IX": 0.0007592195570319053,
  "p_cnot_IY": 0.0,
  "p_cnot_IZ": 0.0,
  "p_cnot_XI": 0.0010219588056033934,
  "p_cnot_XX": 0.0,
  "p_cnot_XY": 0.0027633964737832717,
  "p_cnot_XZ": 0.0010128553876691338,
  "p_cnot_YI": 0.0008149778633777897,
  "p_cnot_YX": 0.0,
  "p_cnot_YY": 0.0,
  "p_cnot_YZ": 0.0007946738153772154,
  "p_cnot_ZI": 0.0006720887672631473,
  "p_cnot_ZX": 0.0,
  "p_cnot_ZY": 0.0,
  "p_cnot_ZZ": 0.0002461678406401457,
  "p_idle_cnot_X": 1.0848574938886714e-06,
  "p_idle_cnot_Y": 0.0002319876683591778,
  "p_idle_cnot_Z": 0.0,
  "p_idle_spam_X": 0.0012079494953617367,
  "p_idle_spam_Y": 0.0018657014802104437,
  "p_idle_spam_Z": 0.0002250595381841532,
  "p_meas_X": 0.003392857263414318,
  "p_meas_Z": 0.003392857263414318,
  "p_prep_X": 0.0022095842848316788,
  "p_prep_Z": 0.0022095842848316788
}