{
  "p_cnot_IX": 0.0,
  "p_cnot_IY": 0.0,
  "p_cnot_IZ": 0.0,
  "p_cnot_XI": 1.4195315890793272e-05,
  "p_cnot_XX": 0.0002084240809095792,
  "p_cnot_XY": 5.824579875182557e-07,
  "p_cnot_XZ": 1.4893663136541059e-05,
  "p_cnot_YI": 0.0,
  "p_cnot_YX": 0.0,
  "p_cnot_YY": 0.0,
  "p_cnot_YZ": 0.001088153169253131,
  "p_cnot_ZI": 0.0004050308750582839,
  "p_cnot_ZX": 0.0,
  "p_cnot_ZY": 0.0,
  "p_cnot_ZZ": 0.0006750625773085774,
  "p_idle_cnot_X": 0.001605639971764717,
  "p_idle_cnot_Y": 0.0,
  "p_idle_cnot_Z": 0.0,
  "p_idle_spam_X": 4.517085684319535e-05,
  "p_idle_spam_Y": 0.0022962127862758337,
  "p_idle_spam_Z": 0.0,
  "p_meas_X": 0.0032650818157533364,
  "p_meas_Z": 0.0032650818157533364,
  "p_prep_X": 0.0,
  "p_prep_Z": 0.0
}