{
  "p_cnot_IX": 0.00013973163697183688,
  "p_cnot_IY": 0.0001551590680567666,
  "p_cnot_IZ": 0.0,
  "p_cnot_XI": 5.298881645629517e-05,
  "p_cnot_XX": 0.0,
  "p_cnot_XY": 0.0,
  "p_cnot_XZ": 5.310869210977717e-05,
  "p_cnot_YI": 1.4266823421982483e-05,
  "p_cnot_YX": 0.0,
  "p_cnot_YY": 0.0,
  "p_cnot_YZ": 1.436254132422469e-05,
  "p_cnot_ZI": 0.0003275481987168991,
  "p_cnot_ZX": 8.43744363064622e-05,
  "p_cnot_ZY": 1.2880882911598941e-05,
  "p_cnot_ZZ": 0.00012950011762970606,
  "p_idle_cnot_X": 4.5499736709863015e-05,
  "p_idle_cnot_Y": 0.0009013556041821641,
  "p_idle_cnot_Z": 0.00018933972658425255,
  "p_idle_spam_X": 0.0017677413190050528,
  "p_idle_spam_Y": 0.001408695681939598,
  "p_idle_spam_Z": 0.00023710709500097873,
  "p_meas_X": 0.001604910865923575,
  "p_meas_Z": 0.001604910865923575,
  "p_prep_X": 0.0013939712949953675,
  "p_prep_Z": 0.0013939712949953675
}