{
  "p_cnot_IX": 0.0,
  "p_cnot_IY": 0.0,
  "p_cnot_IZ": 0.00047768766192418324,
  "p_cnot_XI": 0.0002739391745970754,
  "p_cnot_XX": 0.0002868794718806476,
  "p_cnot_XY": 0.0,
  "p_cnot_XZ": 0.0003095994054632402,
  "p_cnot_YI": 1.6777583161777222e-06,
  "p_cnot_YX": 0.001304451157642462,
  "p_cnot_YY": 0.0,
  "p_cnot_YZ": 9.621927781033327e-06,
  "p_cnot_ZI": 0.0,
  "p_cnot_ZX": 0.0,
  "p_cnot_ZY": 2.772554008655508e-05,
  "p_cnot_ZZ": 0.0005377209301200157,
  "p_idle_cnot_X": 0.00011309508640394222,
  "p_idle_cnot_Y": 0.00019329098234495965,
  "p_idle_cnot_Z": 0.0,
  "p_idle_spam_X": 0.0018427621158888182,
  "p_idle_spam_Y": 0.0022478009815891584,
  "p_idle_spam_Z": 0.0,
  "p_meas_X": 0.006522213253128886,
  "p_meas_Z": 0.006522213253128886,
  "p_prep_X": 0.0016067021798388,
  "p_prep_Z": 0.0016067021798388
}