{
  "p_cnot_IX": 0.0011494388496808745,
  "p_cnot_IY": 0.00017943214299655534,
  "p_cnot_IZ": 5.481628313514325e-06,
  "p_cnot_XI": 0.00023895057178392198,
  "p_cnot_XX": 0.0,
  "p_cnot_XY": 0.00021841289849276502,
  "p_cnot_XZ": 0.00024371769958828827,
  "p_cnot_YI": 0.0007898757133135834,
  "p_cnot_YX": 0.0,
  "p_cnot_YY": 0.0003512566959564661,
  "p_cnot_YZ": 0.0007919308978351498,
  "p_cnot_ZI": 1.889631444921949e-05,
  "p_cnot_ZX": 0.0006862070703407562,
  "p_cnot_ZY": 0.0006929639893618345,
  "p_cnot_ZZ": 0.0,
  "p_idle_cnot_X": 3.187398651930398e-05,
  "p_idle_cnot_Y": 0.0,
  "p_idle_cnot_Z": 0.0,
  "p_idle_spam_X": 0.0008300725289653587,
  "p_idle_spam_Y": 0.0019452309187568087,
  "p_idle_spam_Z": 0.0,
  "p_meas_X": 0.0065869360398734126,
  "p_meas_Z": 0.0065869360398734126,
  "p_prep_X": 0.0008460225608992204,
  "p_prep_Z": 0.0008460225608992204
}