{
  "p_cnot_IX": 0.0006774761542983948,
  "p_cnot_IY": 0.0002571738279571681,
  "p_cnot_IZ": 0.0,
  "p_cnot_XI": 0.0006066227235521938,
  "p_cnot_XX": 0.0009517728263284281,
  "p_cnot_XY": 0.0004798780010221294,
  "p_cnot_XZ": 0.0006083560775002141,
  "p_cnot_YI": 0.0007944310309943184,
  "p_cnot_YX": 0.00048743205690956196,
  "p_cnot_YY": 1.912698345847109e-05,
  "p_cnot_YZ": 0.0007980840252665899,
  "p_cnot_ZI": 0.000641433467383866,
  "p_cnot_ZX": 0.00014890469449666766,
  "p_cnot_ZY": 0.0,
  "p_cnot_ZZ": 2.5640667246841843e-05,
  "p_idle_cnot_X": 0.0,
  "p_idle_cnot_Y": 5.95081805104288e-05,
  "p_idle_cnot_Z": 0.0003684428650897968,
  "p_idle_spam_X": 0.0008879312157153382,
  "p_idle_spam_Y": 0.0010201051743653307,
  "p_idle_spam_Z": 1.523139678574417e-05,
  "p_meas_X": 0.0018333150896619132,
  "p_meas_Z": 0.0018333150896619132,
  "p_prep_X": 0.0013659733900511053,
  "p_prep_Z": 0.0013659733900511053
}