{
  "p_cnot_IX": 0.0004141264040038087,
  "p_cnot_IY": 0.0,
  "p_cnot_IZ": 0.0,
  "p_cnot_XI": 0.0005082351459379234,
  "p_cnot_XX": 0.0,
  "p_cnot_XY": 0.0016891292489718888,
  "p_cnot_XZ": 0.0004851715267317593,
  "p_cnot_YI": 0.0003355796622941111,
  "p_cnot_YX": 0.0,
  "p_cnot_YY": 0.0,
  "p_cnot_YZ": 0.0003428334439499869,
  "p_cnot_ZI": 0.0010707172469280805,
  "p_cnot_ZX": 0.0,
  "p_cnot_ZY": 0.0,
  "p_cnot_ZZ": 0.0,
  "p_idle_cnot_X": 0.0006149966852905087,
  "p_idle_cnot_Y": 0.0004497972124074305,
  "p_idle_cnot_Z": 0.0,
  "p_idle_spam_X": 0.0002377492374587078,
  "p_idle_spam_Y": 0.001301462904013544,
  "p_idle_spam_Z": 0.0,
  "p_meas_X": 0.004806948781168779,
  "p_meas_Z": 0.004806948781168779,
  "p_prep_X": 0.0,
  "p_prep_Z": 0.0
}