{
  "p_cnot_IX": 0.0016058391326447586,
  "p_cnot_IY": 0.0,
  "p_cnot_IZ": 0.0,
  "p_cnot_XI": 0.00012213153716908646,
  "p_cnot_XX": 0.00040859563180127177,
  "p_cnot_XY": 0.0,
  "p_cnot_XZ": 0.00011712149621849464,
  "p_cnot_YI": 0.001103871399578601,
  "p_cnot_YX": 0.0009795624719483595,
  "p_cnot_YY": 0.0,
  "p_cnot_YZ": 0.0010977956049062557,
  "p_cnot_ZI": 0.0,
  "p_cnot_ZX": 0.0018074687308717993,
  "p_cnot_ZY": 0.0,
  "p_cnot_ZZ": 0.0,
  "p_idle_cnot_X": 0.0,
  "p_idle_cnot_Y": 0.0,
  "p_idle_cnot_Z": 0.0,
  "p_idle_spam_X": 0.0,
  "p_idle_spam_Y": 0.0018843826588003723,
  "p_idle_spam_Z": 0.0,
  "p_meas_X": 0.004561646181383938,
  "p_meas_Z": 0.004561646181383938,
  "p_prep_X": 0.0,
  "p_prep_Z": 0.0
}