{
  "p_cnot_IX": 0.0016870205766785474,
  "p_cnot_IY": 0.00019016546863522986,
  "p_cnot_IZ": 5.51872542776135e-07,
  "p_cnot_XI": 0.00037228291731088907,
  "p_cnot_XX": 0.0009174763600900945,
  "p_cnot_XY": 0.0003793692415507164,
  "p_cnot_XZ": 0.00037329910672117503,
  "p_cnot_YI": 0.0008969637631402135,
  "p_cnot_YX": 0.0005584178951804425,
  "p_cnot_YY": 2.1446195384724466e-05,
  "p_cnot_YZ": 0.0008989950163424972,
  "p_cnot_ZI": 5.8951542285044626e-05,
  "p_cnot_ZX": 0.0004910422255634308,
  "p_cnot_ZY": 3.6289365380218707e-06,
  "p_cnot_ZZ": 0.0,
  "p_idle_cnot_X": 0.0,
  "p_idle_cnot_Y": 0.0,
  "p_idle_cnot_Z": 0.0,
  "p_idle_spam_X": 2.120009311265135e-05,
  "p_idle_spam_Y": 0.0012069008351550715,
  "p_idle_spam_Z": 0.0,
  "p_meas_X": 0.004043773281246211,
  "p_meas_Z": 0.004043773281246211,
  "p_prep_X": 0.0016572360536425688,
  "p_prep_Z": 0.0016572360536425688
}