{
  "p_cnot_IX": 0.00214277646988818,
  "p_cnot_IY": 0.0017385856078939387,
  "p_cnot_IZ": 0.0,
  "p_cnot_XI": 0.0,
  "p_cnot_XX": 0.0,
  "p_cnot_XY": 0.0006119481361645029,
  "p_cnot_XZ": 0.0,
  "p_cnot_YI": 0.0,
  "p_cnot_YX": 0.0,
  "p_cnot_YY": 0.0,
  "p_cnot_YZ": 0.0,
  "p_cnot_ZI": 0.0009782073301315016,
  "p_cnot_ZX": 0.0,
  "p_cnot_ZY": 0.0,
  "p_cnot_ZZ": 0.0,
  "p_idle_cnot_X": 9.589603261326417e-05,
  "p_idle_cnot_Y": 0.0008238219612257945,
  "p_idle_cnot_Z": 0.0,
  "p_idle_spam_X": 0.0,
  "p_idle_spam_Y": 0.0004914622089198095,
  "p_idle_spam_Z": 0.0,
  "p_meas_X": 0.0018931422263364767,
  "p_meas_Z": 0.0018931422263364767,
  "p_prep_X": 0.005804943811843811,
  "p_prep_Z": 0.005804943811843811
}