{
  "p_cnot_IX": 0.0,
  "p_cnot_IY": 0.0,
  "p_cnot_IZ": 0.0005054699605398484,
  "p_cnot_XI": 0.00025464545515471737,
  "p_cnot_XX": 0.0002779486702179179,
  "p_cnot_XY": 0.0,
  "p_cnot_XZ": 0.00029872484035459336,
  "p_cnot_YI": 0.0,
  "p_cnot_YX": 0.0013045085340798138,
  "p_cnot_YY": 0.0,
  "p_cnot_YZ": 6.92122277998839e-08,
  "p_cnot_ZI": 0.0,
  "p_cnot_ZX": 0.0,
  "p_cnot_ZY": 0.0,
  "p_cnot_ZZ": 0.000546036680943082,
  "p_idle_cnot_X": 0.00012574078420729865,
  "p_idle_cnot_Y": 0.00020413377839460285,
  "p_idle_cnot_Z": 0.0,
  "p_idle_spam_X": 0.0018091815340984707,
  "p_idle_spam_Y": 0.002225241566333449,
  "p_idle_spam_Z": 0.0,
  "p_meas_X": 0.006521416789594439,
  "p_meas_Z": 0.006521416789594439,
  "p_prep_X": 0.0016084363923641136,
  "p_prep_Z": 0.0016084363923641136
}