{
  "p_cnot_IX": 0.0,
  "p_cnot_IY": 0.0,
  "p_cnot_IZ": 0.0,
  "p_cnot_XI": 2.593067411410605e-05,
  "p_cnot_XX": 0.00010640714735160103,
  "p_cnot_XY": 0.0,
  "p_cnot_XZ": 0.00018562174326977,
  "p_cnot_YI": 0.0007832797571491635,
  "p_cnot_YX": 0.0,
  "p_cnot_YY": 0.0,
  "p_cnot_YZ": 0.0008273753737645891,
  "p_cnot_ZI": 0.00022093734089339103,
  "p_cnot_ZX": 0.0,
  "p_cnot_ZY": 0.0,
  "p_cnot_ZZ": 0.00046749118989882084,
  "p_idle_cnot_X": 0.0016754704185124917,
  "p_idle_cnot_Y": 0.0,
  "p_idle_cnot_Z": 0.0,
  "p_idle_spam_X": 3.856921897374903e-05,
  "p_idle_spam_Y": 0.0021776108223774846,
  "p_idle_spam_Z": 0.0,
  "p_meas_X": 0.0025991974791503792,
  "p_meas_Z": 0.0025991974791503792,
  "p_prep_X": 2.8388012661223808e-05,
  "p_prep_Z": 2.8388012661223808e-05
}