{
  "p_cnot_IX": 0.0,
  "p_cnot_IY": 3.8518773196312205e-05,
  "p_cnot_IZ": 0.0,
  "p_cnot_XI": 0.0,
  "p_cnot_XX": 0.0,
  "p_cnot_XY": 0.0,
  "p_cnot_XZ": 0.0,
  "p_cnot_YI": 0.0,
  "p_cnot_YX": 0.0,
  "p_cnot_YY": 0.0,
  "p_cnot_YZ": 0.0,
  "p_cnot_ZI": 0.0,
  "p_cnot_ZX": 0.0,
  "p_cnot_ZY": 0.0,
  "p_cnot_ZZ": 3.2500359060816247e-05,
  "p_idle_cnot_X": 0.0,
  "p_idle_cnot_Y": 0.0008791673840819693,
  "p_idle_cnot_Z": 0.0,
  "p_idle_spam_X": 0.003764816151408348,
  "p_idle_spam_Y": 0.0010742282943304537,
  "p_idle_spam_Z": 0.0,
  "p_meas_X": 0.0062567619324875616,
  "p_meas_Z": 0.0062567619324875616,
  "p_prep_X": 0.0,
  "p_prep_Z": 0.0
}