{
  "p_cnot_IX": 0.0017786596590150334,
  "p_cnot_IY": 0.0,
  "p_cnot_IZ": 0.0,
  "p_cnot_XI": 0.0,
  "p_cnot_XX": 0.0,
  "p_cnot_XY": 0.0022984828081664267,
  "p_cnot_XZ": 0.0,
  "p_cnot_YI": 0.00027389137926323135,
  "p_cnot_YX": 0.0,
  "p_cnot_YY": 0.0002905874863833779,
  "p_cnot_YZ": 0.00022973606157088744,
  "p_cnot_ZI": 0.0023441587201165747,
  "p_cnot_ZX": 0.0,
  "p_cnot_ZY": 0.0,
  "p_cnot_ZZ": 0.0,
  "p_idle_cnot_X": 0.0,
  "p_idle_cnot_Y": 0.00039138895986538975,
  "p_idle_cnot_Z": 0.0,
  "p_idle_spam_X": 0.0,
  "p_idle_spam_Y": 0.001004670867490848,
  "p_idle_spam_Z": 0.0,
  "p_meas_X": 0.0007788671768929734,
  "p_meas_Z": 0.0007788671768929734,
  "p_prep_X": 0.0027015751246112357,
  "p_prep_Z": 0.0027015751246112357
}