{
  "p_cnot_IX": 0.0,
  "p_cnot_IY": 0.0,
  "p_cnot_IZ": 0.0,
  "p_cnot_XI": 0.0,
  "p_cnot_XX": 0.0,
  "p_cnot_XY": 0.0015179740983299456,
  "p_cnot_XZ": 0.0,
  "p_cnot_YI": 0.0,
  "p_cnot_YX": 0.0,
  "p_cnot_YY": 6.238519906414584e-07,
  "p_cnot_YZ": 0.0,
  "p_cnot_ZI": 0.0011373290991415074,
  "p_cnot_ZX": 0.0,
  "p_cnot_ZY": 0.0,
  "p_cnot_ZZ": 0.0004609073850058897,
  "p_idle_cnot_X": 0.0005090944502960823,
  "p_idle_cnot_Y": 0.00015886353441500582,
  "p_idle_cnot_Z": 3.0718165136053664e-07,
  "p_idle_spam_X": 0.0011198401928779293,
  "p_idle_spam_Y": 0.002236983315982272,
  "p_idle_spam_Z": 7.701902868373035e-05,
  "p_meas_X": 0.0036818105631660704,
  "p_meas_Z": 0.0036818105631660704,
  "p_prep_X": 0.0014450996456471343,
  "p_prep_Z": 0.0014450996456471343
}