{
  "p_cnot_IX": 0.0,
  "p_cnot_IY": 0.0,
  "p_cnot_IZ": 9.529191224817222e-05,
  "p_cnot_XI": 0.00020299356114538051,
  "p_cnot_XX": 0.0006976959190917103,
  "p_cnot_XY": 0.0,
  "p_cnot_XZ": 0.00021384740933228487,
  "p_cnot_YI": 8.70863245656296e-05,
  "p_cnot_YX": 0.00022285593710911347,
  "p_cnot_YY": 0.0,
  "p_cnot_YZ": 0.0001314294133889428,
  "p_cnot_ZI": 0.00048348323542715736,
  "p_cnot_ZX": 0.0,
  "p_cnot_ZY": 0.0,
  "p_cnot_ZZ": 0.0004362456255461863,
  "p_idle_cnot_X": 0.0,
  "p_idle_cnot_Y": 0.00035944405278313555,
  "p_idle_cnot_Z": 0.0,
  "p_idle_spam_X": 0.0021637637159685114,
  "p_idle_spam_Y": 0.0011927400329514524,
  "p_idle_spam_Z": 0.0,
  "p_meas_X": 0.007044471605974252,
  "p_meas_Z": 0.007044471605974252,
  "p_prep_X": 0.0,
  "p_prep_Z": 0.0
}