{
  "p_cnot_IX": 0.00015681480923099473,
  "p_cnot_IY": 4.067652793863192e-05,
  "p_cnot_IZ": 1.5967181675097707e-05,
  "p_cnot_XI": 3.4885876416951154e-05,
  "p_cnot_XX": 0.0,
  "p_cnot_XY": 5.352591856997714e-05,
  "p_cnot_XZ": 3.461486983205513e-05,
  "p_cnot_YI": 0.0003034231484927619,
  "p_cnot_YX": 0.0,
  "p_cnot_YY": 5.1777610665241284e-05,
  "p_cnot_YZ": 0.0003029238031364715,
  "p_cnot_ZI": 0.0004584789916947303,
  "p_cnot_ZX": 1.2522619193461981e-05,
  "p_cnot_ZY": 0.0,
  "p_cnot_ZZ": 0.00025686344118508236,
  "p_idle_cnot_X": 0.0007009666635368588,
  "p_idle_cnot_Y": 0.0006018729700691132,
  "p_idle_cnot_Z": 1.1058434554815215e-05,
  "p_idle_spam_X": 0.001473179052273618,
  "p_idle_spam_Y": 0.0016777110926302719,
  "p_idle_spam_Z": 0.0010350121633285394,
  "p_meas_X": 0.0014653981626931874,
  "p_meas_Z": 0.0014653981626931874,
  "p_prep_X": 0.0013114574546742002,
  "p_prep_Z": 0.0013114574546742002
}