{
  "p_cnot_IX": 0.0006051284037185736,
  "p_cnot_IY": 0.0,
  "p_cnot_IZ": 0.0,
  "p_cnot_XI": 0.0007437261537257215,
  "p_cnot_XX": 0.0,
  "p_cnot_XY": 0.00157488889977604,
  "p_cnot_XZ": 0.0007367722636831611,
  "p_cnot_YI": 0.0010078593315827407,
  "p_cnot_YX": 0.0,
  "p_cnot_YY": 5.3188466587124514e-05,
  "p_cnot_YZ": 0.0009957180486273817,
  "p_cnot_ZI": 0.0009669094208458956,
  "p_cnot_ZX": 0.0,
  "p_cnot_ZY": 0.0003031342040107468,
  "p_cnot_ZZ": 8.632008471281985e-05,
  "p_idle_cnot_X": 1.1025612807859989e-05,
  "p_idle_cnot_Y": 0.0002282007239418416,
  "p_idle_cnot_Z": 3.742726486400624e-05,
  "p_idle_spam_X": 0.0015788549028405666,
  "p_idle_spam_Y": 0.0022345713838650754,
  "p_idle_spam_Z": 0.0011829173145359848,
  "p_meas_X": 0.002389385059896295,
  "p_meas_Z": 0.002389385059896295,
  "p_prep_X": 0.0020232412004988834,
  "p_prep_Z": 0.0020232412004988834
}