{
  "p_cnot_IX": 0.0,
  "p_cnot_IY": 0.000492793430407377,
  "p_cnot_IZ": 0.0,
  "p_cnot_XI": 0.0009450438567693586,
  "p_cnot_XX": 0.00032052443429472083,
  "p_cnot_XY": 0.0,
  "p_cnot_XZ": 0.0009776269470868398,
  "p_cnot_YI": 0.0005767734580033937,
  "p_cnot_YX": 0.0016701925332984118,
  "p_cnot_YY": 0.0,
  "p_cnot_YZ": 0.0005781134855174095,
  "p_cnot_ZI": 0.0,
  "p_cnot_ZX": 0.00040866615279619434,
  "p_cnot_ZY": 3.766470956940427e-05,
  "p_cnot_ZZ": 0.0,
  "p_idle_cnot_X": 0.0,
  "p_idle_cnot_Y": 0.0,
  "p_idle_cnot_Z": 0.0,
  "p_idle_spam_X": 0.0005491968978652722,
  "p_idle_spam_Y": 0.00134174261671713,
  "p_idle_spam_Z": 0.0,
  "p_meas_X": 0.008783564407675687,
  "p_meas_Z": 0.008783564407675687,
  "p_prep_X": 0.0007522374269013172,
  "p_prep_Z": 0.0007522374269013172
}