{
  "p_cnot_IX": 0.00042079501948944094,
  "p_cnot_IY": 0.0,
  "p_cnot_IZ": 0.0,
  "p_cnot_XI": 0.00037758516590733675,
  "p_cnot_XX": 0.0,
  "p_cnot_XY": 0.0017111553767187853,
  "p_cnot_XZ": 0.0003690481989241292,
  "p_cnot_YI": 0.0003938302095984121,
  "p_cnot_YX": 0.0,
  "p_cnot_YY": 0.0,
  "p_cnot_YZ": 0.0003676009120143079,
  "p_cnot_ZI": 0.0009075326222751582,
  "p_cnot_ZX": 0.0,
  "p_cnot_ZY": 0.0,
  "p_cnot_ZZ": 2.4777345606732482e-05,
  "p_idle_cnot_X": 0.0007193578875339423,
  "p_idle_cnot_Y": 0.00039243046820118776,
  "p_idle_cnot_Z": 2.8262554774101023e-07,
  "p_idle_spam_X": 0.00019814376547419487,
  "p_idle_spam_Y": 0.0013452681075250248,
  "p_idle_spam_Z": 0.0,
  "p_meas_X": 0.004830569375497181,
  "p_meas_Z": 0.004830569375497181,
  "p_prep_X": 0.0003845792106779352,
  "p_prep_Z": 0.0003845792106779352
}