{
  "p_cnot_IX": 0.00164128423267533,
  "p_cnot_IY": 0.0,
  "p_cnot_IZ": 0.0,
  "p_cnot_XI": 0.000119625131770062,
  "p_cnot_XX": 0.0003863721962892314,
  "p_cnot_XY": 0.0,
  "p_cnot_XZ": 0.00011371457548975615,
  "p_cnot_YI": 0.0010936252468747934,
  "p_cnot_YX": 0.0010142191195139493,
  "p_cnot_YY": 0.0,
  "p_cnot_YZ": 0.0010837197356222833,
  "p_cnot_ZI": 0.0,
  "p_cnot_ZX": 0.0017611309167572266,
  "p_cnot_ZY": 0.0,
  "p_cnot_ZZ": 0.0,
  "p_idle_cnot_X": 0.0,
  "p_idle_cnot_Y": 0.0,
  "p_idle_cnot_Z": 0.0,
  "p_idle_spam_X": 0.0,
  "p_idle_spam_Y": 0.0018984718179706314,
  "p_idle_spam_Z": 0.0,
  "p_meas_X": 0.00460970433212023,
  "p_meas_Z": 0.00460970433212023,
  "p_prep_X": 0.0,
  "p_prep_Z": 0.0
}