{
  "p_cnot_IX": 0.0009881407615181872,
  "p_cnot_IY": 0.0006068583159439589,
  "p_cnot_IZ": 0.0,
  "p_cnot_XI": 0.0003859990173885242,
  "p_cnot_XX": 0.0,
  "p_cnot_XY": 0.0008117438793422758,
  "p_cnot_XZ": 0.00038716496912723594,
  "p_cnot_YI": 0.0007321382068213207,
  "p_cnot_YX": 0.0,
  "p_cnot_YY": 0.00033880779251428694,
  "p_cnot_YZ": 0.0007323385342347458,
  "p_cnot_ZI": 0.0006616009433979339,
  "p_cnot_ZX": 0.00031385301579044513,
  "p_cnot_ZY": 2.9839017981230823e-05,
  "p_cnot_ZZ": 0.0,
  "p_idle_cnot_X": 3.4580167441877672e-06,
  "p_idle_cnot_Y": 0.00015425894858721385,
  "p_idle_cnot_Z": 0.0,
  "p_idle_spam_X": 0.001028489576127036,
  "p_idle_spam_Y": 0.0014642142528425656,
  "p_idle_spam_Z": 0.0,
  "p_meas_X": 0.002938558127142255,
  "p_meas_Z": 0.002938558127142255,
  "p_prep_X": 0.0013562771399161222,
  "p_prep_Z": 0.0013562771399161222
}