{
  "p_cnot_IX": 0.0017325645515590463,
  "p_cnot_IY": 5.61218407021073e-06,
  "p_cnot_IZ": 7.981938273825535e-08,
  "p_cnot_XI": 0.0005332793817841589,
  "p_cnot_XX": 0.0008010608500309308,
  "p_cnot_XY": 0.00031065078585871685,
  "p_cnot_XZ": 0.0005346930890600272,
  "p_cnot_YI": 0.0008363415615775281,
  "p_cnot_YX": 0.0005375056713297316,
  "p_cnot_YY": 5.2851163266467063e-05,
  "p_cnot_YZ": 0.0008391054765437504,
  "p_cnot_ZI": 1.6650258789075986e-05,
  "p_cnot_ZX": 0.00047635061204917567,
  "p_cnot_ZY": 0.00036347813860544226,
  "p_cnot_ZZ": 3.3330118626710905e-07,
  "p_idle_cnot_X": 0.0,
  "p_idle_cnot_Y": 0.0,
  "p_idle_cnot_Z": 0.0,
  "p_idle_spam_X": 4.530664404566638e-05,
  "p_idle_spam_Y": 0.0010761583791573219,
  "p_idle_spam_Z": 0.0,
  "p_meas_X": 0.0043461345329942865,
  "p_meas_Z": 0.0043461345329942865,
  "p_prep_X": 0.0017815267352251597,
  "p_prep_Z": 0.0017815267352251597
}