{
  "p_cnot_IX": 0.0,
  "p_cnot_IY": 0.0,
  "p_cnot_IZ": 6.139758051976863e-05,
  "p_cnot_XI": 0.0001928182947183322,
  "p_cnot_XX": 0.0006915769256203269,
  "p_cnot_XY": 0.0,
  "p_cnot_XZ": 0.00020083573251996944,
  "p_cnot_YI": 0.0,
  "p_cnot_YX": 0.0002818855424361762,
  "p_cnot_YY": 0.0,
  "p_cnot_YZ": 0.00018669477046747722,
  "p_cnot_ZI": 0.0005007416877676257,
  "p_cnot_ZX": 0.0,
  "p_cnot_ZY": 0.0,
  "p_cnot_ZZ": 0.000435781442649172,
  "p_idle_cnot_X": 0.0,
  "p_idle_cnot_Y": 0.0003609015136676967,
  "p_idle_cnot_Z": 0.0,
  "p_idle_spam_X": 0.002148613841200317,
  "p_idle_spam_Y": 0.0011892188716646041,
  "p_idle_spam_Z": 0.0,
  "p_meas_X": 0.0035420638564382934,
  "p_meas_Z": 0.0035420638564382934,
  "p_prep_X": 0.0,
  "p_prep_Z": 0.0
}