{
  "p_cnot_IX": 0.0,
  "p_cnot_IY": 0.0,
  "p_cnot_IZ": 0.0,
  "p_cnot_XI": 0.0,
  "p_cnot_XX": 0.0,
  "p_cnot_XY": 0.001272835632418603,
  "p_cnot_XZ": 0.0,
  "p_cnot_YI": 0.0,
  "p_cnot_YX": 0.0,
  "p_cnot_YY": 0.0001234448271135194,
  "p_cnot_YZ": 0.0,
  "p_cnot_ZI": 0.0011791479572949568,
  "p_cnot_ZX": 8.616097496385714e-07,
  "p_cnot_ZY": 0.0,
  "p_cnot_ZZ": 0.0004528567591510816,
  "p_idle_cnot_X": 0.00031392134591033883,
  "p_idle_cnot_Y": 0.00019203611907874088,
  "p_idle_cnot_Z": 0.0,
  "p_idle_spam_X": 0.0015187922258510023,
  "p_idle_spam_Y": 0.002186733123934014,
  "p_idle_spam_Z": 0.0005591683774228344,
  "p_meas_X": 0.005093604699987945,
  "p_meas_Z": 0.005093604699987945,
  "p_prep_X": 0.0,
  "p_prep_Z": 0.0
}