{
  "p_cnot_IX": 0.0,
  "p_cnot_IY": 4.918806239352043e-05,
  "p_cnot_IZ": 0.0,
  "p_cnot_XI": 0.0,
  "p_cnot_XX": 0.0,
  "p_cnot_XY": 0.0,
  "p_cnot_XZ": 0.0,
  "p_cnot_YI": 0.0,
  "p_cnot_YX": 0.0,
  "p_cnot_YY": 0.0,
  "p_cnot_YZ": 0.0,
  "p_cnot_ZI": 0.0,
  "p_cnot_ZX": 0.0,
  "p_cnot_ZY": 0.0,
  "p_cnot_ZZ": 6.591739499490068e-06,
  "p_idle_cnot_X": 0.0,
  "p_idle_cnot_Y": 0.0008852284063744779,
  "p_idle_cnot_Z": 0.0,
  "p_idle_spam_X": 0.003768935887959312,
  "p_idle_spam_Y": 0.0010547661039874677,
  "p_idle_spam_Z": 0.0,
  "p_meas_X": 0.006274760359744409,
  "p_meas_Z": 0.006274760359744409,
  "p_prep_X": 1.7354395073869537e-05,
  "p_prep_Z": 1.7354395073869537e-05
}