{
  "p_cnot_IX": 0.0017166418566173934,
  "p_cnot_IY": 0.0,
  "p_cnot_IZ": 0.0,
  "p_cnot_XI": 3.567468123539108e-05,
  "p_cnot_XX": 0.0,
  "p_cnot_XY": 0.0023091972687267577,
  "p_cnot_XZ": 3.657432586526539e-05,
  "p_cnot_YI": 0.00024236786818515176,
  "p_cnot_YX": 0.0,
  "p_cnot_YY": 0.00027169411232591604,
  "p_cnot_YZ": 0.00019985445004977624,
  "p_cnot_ZI": 0.0024066750692270378,
  "p_cnot_ZX": 0.0,
  "p_cnot_ZY": 0.0,
  "p_cnot_ZZ": 0.0,
  "p_idle_cnot_X": 0.0,
  "p_idle_cnot_Y": 0.0004026822152571655,
  "p_idle_cnot_Z": 0.0,
  "p_idle_spam_X": 0.0,
  "p_idle_spam_Y": 0.0009999941055374253,
  "p_idle_spam_Z": 0.0,
  "p_meas_X": 0.0009984880522116964,
  "p_meas_Z": 0.0009984880522116964,
  "p_prep_X": 0.0024196635426012116,
  "p_prep_Z": 0.0024196635426012116
}