{
  "p_cnot_IX": 0.0,
  "p_cnot_IY": 0.0,
  "p_cnot_IZ": 0.0004380017581038883,
  "p_cnot_XI": 0.0002357170820160929,
  "p_cnot_XX": 0.00022668382360237305,
  "p_cnot_XY": 0.0,
  "p_cnot_XZ": 0.00029517288551981536,
  "p_cnot_YI": 0.0,
  "p_cnot_YX": 0.0014095313841403763,
  "p_cnot_YY": 0.0,
  "p_cnot_YZ": 0.0,
  "p_cnot_ZI": 0.0,
  "p_cnot_ZX": 0.0,
  "p_cnot_ZY": 4.3405992008811666e-05,
  "p_cnot_ZZ": 0.0005337125793981891,
  "p_idle_cnot_X": 0.00012885715675075803,
  "p_idle_cnot_Y": 0.00018416041469599773,
  "p_idle_cnot_Z": 0.0,
  "p_idle_spam_X": 0.0018352192433454919,
  "p_idle_spam_Y": 0.0022351954769055066,
  "p_idle_spam_Z": 0.0,
  "p_meas_X": 0.006702117770429145,
  "p_meas_Z": 0.006702117770429145,
  "p_prep_X": 0.0015403991890132278,
  "p_prep_Z": 0.0015403991890132278
}