{
  "p_cnot_IX": 0.0,
  "p_cnot_IY": 0.0,
  "p_cnot_IZ": 0.0,
  "p_cnot_XI": 0.0,
  "p_cnot_XX": 0.0001752597024961323,
  "p_cnot_XY": 8.366543715917573e-06,
  "p_cnot_XZ": 0.0,
  "p_cnot_YI": 0.0,
  "p_cnot_YX": 0.0,
  "p_cnot_YY": 0.0,
  "p_cnot_YZ": 0.0011587017974754809,
  "p_cnot_ZI": 0.00038430325251264617,
  "p_cnot_ZX": 0.0,
  "p_cnot_ZY": 0.0,
  "p_cnot_ZZ": 0.0006620666318720076,
  "p_idle_cnot_X": 0.001591443948116185,
  "p_idle_cnot_Y": 0.0,
  "p_idle_cnot_Z": 0.0,
  "p_idle_spam_X": 0.0001582050437130103,
  "p_idle_spam_Y": 0.0022747057274222896,
  "p_idle_spam_Z": 0.0,
  "p_meas_X": 0.0032415283110957967,
  "p_meas_Z": 0.0032415283110957967,
  "p_prep_X": 0.0,
  "p_prep_Z": 0.0
}