{
  "p_cnot_IX": 0.0021538154743685556,
  "p_cnot_IY": 0.0017600100508998182,
  "p_cnot_IZ": 0.0,
  "p_cnot_XI": 0.0,
  "p_cnot_XX": 0.0,
  "p_cnot_XY": 0.0006087723710172902,
  "p_cnot_XZ": 0.0,
  "p_cnot_YI": 0.0,
  "p_cnot_YX": 0.0,
  "p_cnot_YY": 0.0,
  "p_cnot_YZ": 0.0,
  "p_cnot_ZI": 0.0009654540853001562,
  "p_cnot_ZX": 0.0,
  "p_cnot_ZY": 0.0,
  "p_cnot_ZZ": 0.0,
  "p_idle_cnot_X": 8.114482451212373e-05,
  "p_idle_cnot_Y": 0.000816459618751123,
  "p_idle_cnot_Z": 0.0,
  "p_idle_spam_X": 0.0,
  "p_idle_spam_Y": 0.0004953044210859791,
  "p_idle_spam_Z": 0.0,
  "p_meas_X": 0.0019200783688067494,
  "p_meas_Z": 0.0019200783688067494,
  "p_prep_X": 0.005885967212528102,
  "p_prep_Z": 0.005885967212528102
}