{
  "p_cnot_IX": 0.0002981283108294037,
  "p_cnot_IY": 0.0002542019760742592,
  "p_cnot_IZ": 0.000258680533280859,
  "p_cnot_XI": 0.0003641367230083444,
  "p_cnot_XX": 0.00018959110912654043,
  "p_cnot_XY": 0.0005903797692055797,
  "p_cnot_XZ": 0.0003626136747165137,
  "p_cnot_YI": 0.0007624997931800377,
  "p_cnot_YX": 0.0,
  "p_cnot_YY": 0.00023927775253041088,
  "p_cnot_YZ": 0.0007604967636273739,
  "p_cnot_ZI": 0.0006160283551049624,
  "p_cnot_ZX": 4.249952243171359e-05,
  "p_cnot_ZY": 1.1249123544589103e-05,
  "p_cnot_ZZ": 0.0006793177442229367,
  "p_idle_cnot_X": 0.000488334162456992,
  "p_idle_cnot_Y": 0.00041558246010568354,
  "p_idle_cnot_Z": 1.8948655524080546e-05,
  "p_idle_spam_X": 0.0014878470836299025,
  "p_idle_spam_Y": 0.001736511457588168,
  "p_idle_spam_Z": 0.0013923055797315906,
  "p_meas_X": 0.0016421996064689233,
  "p_meas_Z": 0.0016421996064689233,
  "p_prep_X": 0.0015648861635120658,
  "p_prep_Z": 0.0015648861635120658
}