{
  "p_cnot_IX": 0.0005300363186854229,
  "p_cnot_IY": 3.818069704714719e-05,
  "p_cnot_IZ": 0.0,
  "p_cnot_XI": 0.00013112274142683538,
  "p_cnot_XX": 0.0,
  "p_cnot_XY": 0.0002145778948102213,
  "p_cnot_XZ": 0.00013115005511564888,
  "p_cnot_YI": 0.0002476450143662749,
  "p_cnot_YX": 0.0,
  "p_cnot_YY": 0.0007267193308385489,
  "p_cnot_YZ": 0.00024344312258216478,
  "p_cnot_ZI": 0.0006993271107195023,
  "p_cnot_ZX": 0.0,
  "p_cnot_ZY": 0.0,
  "p_cnot_ZZ": 0.0,
  "p_idle_cnot_X": 0.00048342907481085994,
  "p_idle_cnot_Y": 0.000526652324370953,
  "p_idle_cnot_Z": 0.0,
  "p_idle_spam_X": 0.0014220996384947723,
  "p_idle_spam_Y": 0.0017805530163067177,
  "p_idle_spam_Z": 0.0,
  "p_meas_X": 0.0035635296566790433,
  "p_meas_Z": 0.0035635296566790433,
  "p_prep_X": 0.0002340690872968756,
  "p_prep_Z": 0.0002340690872968756
}