{
  "p_cnot_IX": 0.0,
  "p_cnot_IY": 0.0,
  "p_cnot_IZ": 0.00012347048070056646,
  "p_cnot_XI": 0.00015556773114258868,
  "p_cnot_XX": 0.0006585371880680922,
  "p_cnot_XY": 0.0,
  "p_cnot_XZ": 0.0002057856445321307,
  "p_cnot_YI": 5.068241456477058e-06,
  "p_cnot_YX": 0.0002986837293975819,
  "p_cnot_YY": 0.0,
  "p_cnot_YZ": 0.00015831409864675334,
  "p_cnot_ZI": 0.0005267297517103096,
  "p_cnot_ZX": 0.0,
  "p_cnot_ZY": 0.0,
  "p_cnot_ZZ": 0.00042393545650055124,
  "p_idle_cnot_X": 0.0,
  "p_idle_cnot_Y": 0.0003668567587714562,
  "p_idle_cnot_Z": 0.0,
  "p_idle_spam_X": 0.0021255386456230973,
  "p_idle_spam_Y": 0.0011941996567355626,
  "p_idle_spam_Z": 0.0,
  "p_meas_X": 0.007058871369696807,
  "p_meas_Z": 0.007058871369696807,
  "p_prep_X": 0.0,
  "p_prep_Z": 0.0
}