{
  "p_cnot_IX": 0.0017129416808069828,
  "p_cnot_IY": 0.0,
  "p_cnot_IZ": 0.0,
  "p_cnot_XI": 0.00013113776021767793,
  "p_cnot_XX": 0.00040858311688576004,
  "p_cnot_XY": 0.0,
  "p_cnot_XZ": 0.0001258152647116869,
  "p_cnot_YI": 0.0011046087531471755,
  "p_cnot_YX": 0.0009576258824929784,
  "p_cnot_YY": 0.0,
  "p_cnot_YZ": 0.0011013100343175448,
  "p_cnot_ZI": 0.0,
  "p_cnot_ZX": 0.0017019061914435973,
  "p_cnot_ZY": 0.0,
  "p_cnot_ZZ": 0.0,
  "p_idle_cnot_X": 0.0,
  "p_idle_cnot_Y": 0.0,
  "p_idle_cnot_Z": 0.0,
  "p_idle_spam_X": 0.0,
  "p_idle_spam_Y": 0.001886642938913887,
  "p_idle_spam_Z": 0.0,
  "p_meas_X": 0.004561953017635315,
  "p_meas_Z": 0.004561953017635315,
  "p_prep_X": 0.0,
  "p_prep_Z": 0.0
}