{
  "p_cnot_IX": 0.00048275957233106257,
  "p_cnot_IY": 0.0,
  "p_cnot_IZ": 1.5056457151622656e-05,
  "p_cnot_XI": 0.00034883879283515535,
  "p_cnot_XX": 0.0,
  "p_cnot_XY": 0.0017025526267037384,
  "p_cnot_XZ": 0.00034024475829642524,
  "p_cnot_YI": 0.00043144222286144797,
  "p_cnot_YX": 0.0,
  "p_cnot_YY": 0.0,
  "p_cnot_YZ": 0.00039524385704234,
  "p_cnot_ZI": 0.0007798663221182592,
  "p_cnot_ZX": 0.0,
  "p_cnot_ZY": 0.0,
  "p_cnot_ZZ": 2.0734180988405444e-05,
  "p_idle_cnot_X": 0.0007540120127473377,
  "p_idle_cnot_Y": 0.0003656920411288515,
  "p_idle_cnot_Z": 0.0,
  "p_idle_spam_X": 0.00012298045631876093,
  "p_idle_spam_Y": 0.0013608408091509048,
  "p_idle_spam_Z": 0.0,
  "p_meas_X": 0.004785598740092863,
  "p_meas_Z": 0.004785598740092863,
  "p_prep_X": 0.0007684239444273138,
  "p_prep_Z": 0.0007684239444273138
}