{
  "p_cnot_IX": 0.0010289821588808199,
  "p_cnot_IY": 0.0004513601483590665,
  "p_cnot_IZ": 0.0,
  "p_cnot_XI": 0.0011119111006434276,
  "p_cnot_XX": 0.0008983484655433678,
  "p_cnot_XY": 0.0,
  "p_cnot_XZ": 0.001116637442485747,
  "p_cnot_YI": 0.0006336532158819332,
  "p_cnot_YX": 0.00031384098478130665,
  "p_cnot_YY": 5.233309312384992e-05,
  "p_cnot_YZ": 0.0006439704153260583,
  "p_cnot_ZI": 0.0,
  "p_cnot_ZX": 1.311180914756162e-05,
  "p_cnot_ZY": 0.00010539219606800051,
  "p_cnot_ZZ": 9.335232160426777e-06,
  "p_idle_cnot_X": 0.0,
  "p_idle_cnot_Y": 0.0001346650842449151,
  "p_idle_cnot_Z": 0.0,
  "p_idle_spam_X": 0.0004789279907850555,
  "p_idle_spam_Y": 0.001244568819044552,
  "p_idle_spam_Z": 0.0,
  "p_meas_X": 0.005714921760815829,
  "p_meas_Z": 0.005714921760815829,
  "p_prep_X": 0.002548937464962535,
  "p_prep_Z": 0.002548937464962535
}