{
  "p_cnot_IX": 0.0011130860315645816,
  "p_cnot_IY": 0.0005770760494405357,
  "p_cnot_IZ": 0.0,
  "p_cnot_XI": 0.0004624198498674334,
  "p_cnot_XX": 0.0,
  "p_cnot_XY": 0.0006660012992797059,
  "p_cnot_XZ": 0.0004663291792691448,
  "p_cnot_YI": 0.0006871031299991518,
  "p_cnot_YX": 0.0,
  "p_cnot_YY": 0.00011327555316338954,
  "p_cnot_YZ": 0.0006883838135540096,
  "p_cnot_ZI": 0.00017476757891414114,
  "p_cnot_ZX": 0.00022586447969521304,
  "p_cnot_ZY": 0.0002705180014827639,
  "p_cnot_ZZ": 1.8507054654374814e-05,
  "p_idle_cnot_X": 2.0085204950691836e-05,
  "p_idle_cnot_Y": 7.289847637429469e-06,
  "p_idle_cnot_Z": 0.0,
  "p_idle_spam_X": 0.000916106894350307,
  "p_idle_spam_Y": 0.002017956681843942,
  "p_idle_spam_Z": 0.0,
  "p_meas_X": 0.005625788565784252,
  "p_meas_Z": 0.005625788565784252,
  "p_prep_X": 0.0015199349853997552,
  "p_prep_Z": 0.0015199349853997552
}