{
  "p_cnot_IX": 0.0014515360138879112,
  "p_cnot_IY": 8.006673840166368e-05,
  "p_cnot_IZ": 0.0,
  "p_cnot_XI": 0.0007169861683568791,
  "p_cnot_XX": 0.0004717978192482328,
  "p_cnot_XY": 1.84021984795377e-05,
  "p_cnot_XZ": 0.0007179531412188554,
  "p_cnot_YI": 0.0009267434052368833,
  "p_cnot_YX": 0.0007412301053537572,
  "p_cnot_YY": 0.0003023078936235933,
  "p_cnot_YZ": 0.0009289206404861455,
  "p_cnot_ZI": 0.0,
  "p_cnot_ZX": 0.00037724500977236067,
  "p_cnot_ZY": 0.00033324469013552675,
  "p_cnot_ZZ": 0.0,
  "p_idle_cnot_X": 0.0,
  "p_idle_cnot_Y": 0.0,
  "p_idle_cnot_Z": 0.0,
  "p_idle_spam_X": 0.0002469090370873243,
  "p_idle_spam_Y": 0.0010374440924503531,
  "p_idle_spam_Z": 0.0,
  "p_meas_X": 0.004234939989738166,
  "p_meas_Z": 0.004234939989738166,
  "p_prep_X": 0.0015832789339773176,
  "p_prep_Z": 0.0015832789339773176
}