{
  "p_cnot_IX": 0.0005691738362591713,
  "p_cnot_IY": 0.0,
  "p_cnot_IZ": 0.0,
  "p_cnot_XI": 3.4827617359530356e-05,
  "p_cnot_XX": 0.0,
  "p_cnot_XY": 0.0,
  "p_cnot_XZ": 7.435823391730249e-06,
  "p_cnot_YI": 0.00031999347829118235,
  "p_cnot_YX": 0.0,
  "p_cnot_YY": 0.0007099275461211336,
  "p_cnot_YZ": 0.0003137995635908779,
  "p_cnot_ZI": 0.0004513421312229758,
  "p_cnot_ZX": 0.0,
  "p_cnot_ZY": 0.0,
  "p_cnot_ZZ": 0.0,
  "p_idle_cnot_X": 0.0005832413806656169,
  "p_idle_cnot_Y": 0.00046255874200530465,
  "p_idle_cnot_Z": 0.0,
  "p_idle_spam_X": 0.0016971722045191046,
  "p_idle_spam_Y": 0.0020264896467655303,
  "p_idle_spam_Z": 0.0,
  "p_meas_X": 0.004337260242179205,
  "p_meas_Z": 0.004337260242179205,
  "p_prep_X": 0.0,
  "p_prep_Z": 0.0
}