{
  "p_cnot_IX": 0.00214597448567647,
  "p_cnot_IY": 0.0017337725687470345,
  "p_cnot_IZ": 0.0,
  "p_cnot_XI": 0.0,
  "p_cnot_XX": 0.0,
  "p_cnot_XY": 0.0006466783721984724,
  "p_cnot_XZ": 0.0,
  "p_cnot_YI": 0.0,
  "p_cnot_YX": 0.0,
  "p_cnot_YY": 0.0,
  "p_cnot_YZ": 0.0,
  "p_cnot_ZI": 0.0009951711650936146,
  "p_cnot_ZX": 0.0,
  "p_cnot_ZY": 0.0,
  "p_cnot_ZZ": 0.0,
  "p_idle_cnot_X": 6.796489936866281e-05,
  "p_idle_cnot_Y": 0.0008241655894344964,
  "p_idle_cnot_Z": 0.0,
  "p_idle_spam_X": 0.0,
  "p_idle_spam_Y": 0.00048253953811829004,
  "p_idle_spam_Z": 0.0,
  "p_meas_X": 0.0018960049112572816,
  "p_meas_Z": 0.0018960049112572816,
  "p_prep_X": 0.005827776457347782,
  "p_prep_Z": 0.005827776457347782
}