{
  "p_cnot_IX": 0.0,
  "p_cnot_IY": 0.0,
  "p_cnot_IZ": 0.0,
  "p_cnot_XI": 0.0,
  "p_cnot_XX": 0.00017992830021083863,
  "p_cnot_XY": 0.0,
  "p_cnot_XZ": 0.0,
  "p_cnot_YI": 0.0,
  "p_cnot_YX": 0.0,
  "p_cnot_YY": 0.0,
  "p_cnot_YZ": 0.0011217741929135114,
  "p_cnot_ZI": 0.00039660404807141984,
  "p_cnot_ZX": 0.0,
  "p_cnot_ZY": 0.0,
  "p_cnot_ZZ": 0.0006523643436895115,
  "p_idle_cnot_X": 0.0016259575414118703,
  "p_idle_cnot_Y": 0.0,
  "p_idle_cnot_Z": 0.0,
  "p_idle_spam_X": 7.32378834599514e-05,
  "p_idle_spam_Y": 0.002278681182081376,
  "p_idle_spam_Z": 0.0,
  "p_meas_X": 0.003291337783186348,
  "p_meas_Z": 0.003291337783186348,
  "p_prep_X": 0.0,
  "p_prep_Z": 0.0
}