{
  "p_cnot_IX": 0.0,
  "p_cnot_IY": 0.0,
  "p_cnot_IZ": 0.0,
  "p_cnot_XI": 0.0,
  "p_cnot_XX": 0.0,
  "p_cnot_XY": 0.00120106212958711,
  "p_cnot_XZ": 0.0,
  "p_cnot_YI": 0.0,
  "p_cnot_YX": 0.0,
  "p_cnot_YY": 8.18105869766818e-05,
  "p_cnot_YZ": 0.0,
  "p_cnot_ZI": 0.0010027415087684546,
  "p_cnot_ZX": 0.0,
  "p_cnot_ZY": 0.0,
  "p_cnot_ZZ": 0.00053660901403678,
  "p_idle_cnot_X": 0.00041350036003098427,
  "p_idle_cnot_Y": 0.00015534707784224574,
  "p_idle_cnot_Z": 3.26653238133703e-06,
  "p_idle_spam_X": 0.0014109717967046573,
  "p_idle_spam_Y": 0.0022712540443179203,
  "p_idle_spam_Z": 0.0005803638450927252,
  "p_meas_X": 0.005179405708768086,
  "p_meas_Z": 0.005179405708768086,
  "p_prep_X": 0.00019537339519450227,
  "p_prep_Z": 0.00019537339519450227
}