{
  "p_cnot_IX": 0.0,
  "p_cnot_IY": 0.0,
  "p_cnot_IZ": 0.00016796221975707467,
  "p_cnot_XI": 8.296436269009345e-05,
  "p_cnot_XX": 0.0007030854319561685,
  "p_cnot_XY": 0.0,
  "p_cnot_XZ": 0.00023598999180293774,
  "p_cnot_YI": 0.0,
  "p_cnot_YX": 0.00020724531583379708,
  "p_cnot_YY": 0.0,
  "p_cnot_YZ": 0.00033299089621947,
  "p_cnot_ZI": 0.0004865375050022643,
  "p_cnot_ZX": 0.0,
  "p_cnot_ZY": 0.0,
  "p_cnot_ZZ": 0.0003320156869316785,
  "p_idle_cnot_X": 0.0,
  "p_idle_cnot_Y": 0.0003681861045425428,
  "p_idle_cnot_Z": 0.0,
  "p_idle_spam_X": 0.002146110912619962,
  "p_idle_spam_Y": 0.001188496699047747,
  "p_idle_spam_Z": 0.0,
  "p_meas_X": 0.006987521487841884,
  "p_meas_Z": 0.006987521487841884,
  "p_prep_X": 0.0,
  "p_prep_Z": 0.0
}