{
  "p_cnot_IX": 6.55278068570534e-05,
  "p_cnot_IY": 0.0,
  "p_cnot_IZ": 0.0,
  "p_cnot_XI": 0.0,
  "p_cnot_XX": 0.0,
  "p_cnot_XY": 0.0,
  "p_cnot_XZ": 0.0,
  "p_cnot_YI": 4.4698486283099466e-05,
  "p_cnot_YX": 0.0,
  "p_cnot_YY": 0.0,
  "p_cnot_YZ": 4.490965339553681e-05,
  "p_cnot_ZI": 0.00034347970012041075,
  "p_cnot_ZX": 0.0,
  "p_cnot_ZY": 0.0,
  "p_cnot_ZZ": 0.00018234655905008683,
  "p_idle_cnot_X": 1.4895461581047588e-05,
  "p_idle_cnot_Y": 0.0010155332383596128,
  "p_idle_cnot_Z": 0.00023980166160142804,
  "p_idle_spam_X": 0.0015384551236242569,
  "p_idle_spam_Y": 0.0012504802497086734,
  "p_idle_spam_Z": 0.00015402545178694967,
  "p_meas_X": 0.0013955389222573941,
  "p_meas_Z": 0.0013955389222573941,
  "p_prep_X": 0.0011959567959477827,
  "p_prep_Z": 0.0011959567959477827
}