{
  "p_cnot_IX": 0.00045652554494541876,
  "p_cnot_IY": 1.989370121773451e-05,
  "p_cnot_IZ": 0.00016911704709466954,
  "p_cnot_XI": 0.0005591193614683422,
  "p_cnot_XX": 2.6012604580511364e-05,
  "p_cnot_XY": 0.0010259713390203724,
  "p_cnot_XZ": 0.00055524528482984,
  "p_cnot_YI": 0.0009038282043926393,
  "p_cnot_YX": 0.0,
  "p_cnot_YY": 0.00018590345020879162,
  "p_cnot_YZ": 0.0008975126887893887,
  "p_cnot_ZI": 0.0008508163709524933,
  "p_cnot_ZX": 0.0,
  "p_cnot_ZY": 0.0,
  "p_cnot_ZZ": 0.00044773162589524507,
  "p_idle_cnot_X": 0.0003900930025212821,
  "p_idle_cnot_Y": 0.0002344082769385627,
  "p_idle_cnot_Z": 0.00015180829504296924,
  "p_idle_spam_X": 0.0015624450589359626,
  "p_idle_spam_Y": 0.001919944514103349,
  "p_idle_spam_Z": 0.0013345394695022674,
  "p_meas_X": 0.0019705021911089384,
  "p_meas_Z": 0.0019705021911089384,
  "p_prep_X": 0.001771844754256131,
  "p_prep_Z": 0.001771844754256131
}