{
  "p_cnot_IX": 0.0018966772050652034,
  "p_cnot_IY": 0.0,
  "p_cnot_IZ": 0.0,
  "p_cnot_XI": 1.9109168586471243e-05,
  "p_cnot_XX": 0.0,
  "p_cnot_XY": 0.0022669295189556475,
  "p_cnot_XZ": 5.061336915319497e-08,
  "p_cnot_YI": 0.00030483866137787384,
  "p_cnot_YX": 0.0,
  "p_cnot_YY": 0.0002273873132061577,
  "p_cnot_YZ": 0.00026584549671477436,
  "p_cnot_ZI": 0.002282458915511813,
  "p_cnot_ZX": 0.0,
  "p_cnot_ZY": 0.0,
  "p_cnot_ZZ": 0.0,
  "p_idle_cnot_X": 0.0,
  "p_idle_cnot_Y": 0.00038733177357558405,
  "p_idle_cnot_Z": 0.0,
  "p_idle_spam_X": 0.0,
  "p_idle_spam_Y": 0.0010064243714357946,
  "p_idle_spam_Z": 0.0,
  "p_meas_X": 0.0007752110917260477,
  "p_meas_Z": 0.0007752110917260477,
  "p_prep_X": 0.002716230578992782,
  "p_prep_Z": 0.002716230578992782
}