{
  "p_cnot_IX": 0.0,
  "p_cnot_IY": 9.074078522143561e-07,
  "p_cnot_IZ": 0.0002040335585529705,
  "p_cnot_XI": 0.00030837242423781855,
  "p_cnot_XX": 0.00035880439028326757,
  "p_cnot_XY": 0.0,
  "p_cnot_XZ": 0.0003185102697348039,
  "p_cnot_YI": 4.129725152385391e-07,
  "p_cnot_YX": 0.0010709367021957432,
  "p_cnot_YY": 0.0,
  "p_cnot_YZ": 5.988008134838206e-06,
  "p_cnot_ZI": 0.0,
  "p_cnot_ZX": 0.0,
  "p_cnot_ZY": 0.00024277490399808542,
  "p_cnot_ZZ": 0.0005215664175475423,
  "p_idle_cnot_X": 0.00027071180967251385,
  "p_idle_cnot_Y": 0.00014397702739090323,
  "p_idle_cnot_Z": 0.0,
  "p_idle_spam_X": 0.0015643727153813688,
  "p_idle_spam_Y": 0.0022831465252232982,
  "p_idle_spam_Z": 0.0,
  "p_meas_X": 0.006099438471807674,
  "p_meas_Z": 0.006099438471807674,
  "p_prep_X": 0.002325825034884005,
  "p_prep_Z": 0.002325825034884005
}