{
  "p_cnot_IX": 0.001530542839410753,
  "p_cnot_IY": 0.0,
  "p_cnot_IZ": 0.0,
  "p_cnot_XI": 0.0,
  "p_cnot_XX": 0.0009022029644039471,
  "p_cnot_XY": 0.0004626201913076114,
  "p_cnot_XZ": 0.0,
  "p_cnot_YI": 0.0008522199278768089,
  "p_cnot_YX": 0.0006178762639708149,
  "p_cnot_YY": 0.00018062218648138228,
  "p_cnot_YZ": 0.0008573139909582823,
  "p_cnot_ZI": 0.0009629426495029202,
  "p_cnot_ZX": 0.00113107060409509,
  "p_cnot_ZY": 0.0,
  "p_cnot_ZZ": 0.0,
  "p_idle_cnot_X": 0.0,
  "p_idle_cnot_Y": 1.3299226542401936e-05,
  "p_idle_cnot_Z": 0.0,
  "p_idle_spam_X": 0.0,
  "p_idle_spam_Y": 0.0017842524568138034,
  "p_idle_spam_Z": 0.0,
  "p_meas_X": 0.002004478288741572,
  "p_meas_Z": 0.002004478288741572,
  "p_prep_X": 0.0010271478839384786,
  "p_prep_Z": 0.0010271478839384786
}