{
  "p_cnot_IX": 0.00040385724788230456,
  "p_cnot_IY": 0.0,
  "p_cnot_IZ": 1.2620891487951002e-05,
  "p_cnot_XI": 0.0004932332566200598,
  "p_cnot_XX": 0.0,
  "p_cnot_XY": 0.0017094034555059244,
  "p_cnot_XZ": 0.0004528832676692971,
  "p_cnot_YI": 0.0003313896915298676,
  "p_cnot_YX": 0.0,
  "p_cnot_YY": 0.0,
  "p_cnot_YZ": 0.000337605388760123,
  "p_cnot_ZI": 0.001057656363524246,
  "p_cnot_ZX": 0.0,
  "p_cnot_ZY": 0.0,
  "p_cnot_ZZ": 7.704144364049507e-06,
  "p_idle_cnot_X": 0.0006187159910245996,
  "p_idle_cnot_Y": 0.00044658622628155394,
  "p_idle_cnot_Z": 0.0,
  "p_idle_spam_X": 0.00026273938510365725,
  "p_idle_spam_Y": 0.0012936074147755568,
  "p_idle_spam_Z": 0.0,
  "p_meas_X": 0.0048122237156302495,
  "p_meas_Z": 0.0048122237156302495,
  "p_prep_X": 2.7759560171675575e-05,
  "p_prep_Z": 2.7759560171675575e-05
}