{
  "p_cnot_IX": 0.0,
  "p_cnot_IY": 0.0,
  "p_cnot_IZ": 0.0,
  "p_cnot_XI": 0.0004642181696152051,
  "p_cnot_XX": 0.0,
  "p_cnot_XY": 0.0004032119442781101,
  "p_cnot_XZ": 0.0004704453111768375,
  "p_cnot_YI": 0.0007435822625979816,
  "p_cnot_YX": 0.0,
  "p_cnot_YY": 0.00019081160128022807,
  "p_cnot_YZ": 0.0007512140486280423,
  "p_cnot_ZI": 0.0,
  "p_cnot_ZX": 0.0014374886692005105,
  "p_cnot_ZY": 0.0009094064566432118,
  "p_cnot_ZZ": 0.0,
  "p_idle_cnot_X": 0.0,
  "p_idle_cnot_Y": 0.0,
  "p_idle_cnot_Z": 0.0,
  "p_idle_spam_X": 0.0013040374968088444,
  "p_idle_spam_Y": 0.0019003929428212255,
  "p_idle_spam_Z": 0.0,
  "p_meas_X": 0.007413390352094654,
  "p_meas_Z": 0.007413390352094654,
  "p_prep_X": 0.0,
  "p_prep_Z": 0.0
}