{
  "p_cnot_IX": 0.0008620891450614126,
  "p_cnot_IY": 0.0002042265396292506,
  "p_cnot_IZ": 0.0,
  "p_cnot_XI": 0.0010299177829486874,
  "p_cnot_XX": 0.0005111518020475987,
  "p_cnot_XY": 0.0,
  "p_cnot_XZ": 0.001034416580421313,
  "p_cnot_YI": 0.0005836990462799823,
  "p_cnot_YX": 0.0007928032453499152,
  "p_cnot_YY": 0.0001303231218948214,
  "p_cnot_YZ": 0.0005962021195615999,
  "p_cnot_ZI": 0.0,
  "p_cnot_ZX": 0.0,
  "p_cnot_ZY": 0.00044533215550859314,
  "p_cnot_ZZ": 4.350862707684566e-05,
  "p_idle_cnot_X": 0.0,
  "p_idle_cnot_Y": 4.298920897214463e-05,
  "p_idle_cnot_Z": 0.0,
  "p_idle_spam_X": 0.00022552621531779296,
  "p_idle_spam_Y": 0.0013836351674448748,
  "p_idle_spam_Z": 0.0,
  "p_meas_X": 0.00659025217896419,
  "p_meas_Z": 0.00659025217896419,
  "p_prep_X": 0.003042195489095843,
  "p_prep_Z": 0.003042195489095843
}