{
  "p_cnot_IX": 0.0013152923397032157,
  "p_cnot_IY": 3.8168267067317674e-05,
  "p_cnot_IZ": 0.0,
  "p_cnot_XI": 0.000894210525870696,
  "p_cnot_XX": 0.0002359317841770972,
  "p_cnot_XY": 1.0568176882555835e-06,
  "p_cnot_XZ": 0.0008937392463479356,
  "p_cnot_YI": 0.0007540684218183592,
  "p_cnot_YX": 0.0012624283338611084,
  "p_cnot_YY": 7.275860968375902e-06,
  "p_cnot_YZ": 0.0007538038608387656,
  "p_cnot_ZI": 0.0,
  "p_cnot_ZX": 0.00023616182476574821,
  "p_cnot_ZY": 0.0005784320111775585,
  "p_cnot_ZZ": 0.0,
  "p_idle_cnot_X": 0.0,
  "p_idle_cnot_Y": 0.0,
  "p_idle_cnot_Z": 0.0,
  "p_idle_spam_X": 0.0002664640431389407,
  "p_idle_spam_Y": 0.001073900822766004,
  "p_idle_spam_Z": 0.0,
  "p_meas_X": 0.005505243327833916,
  "p_meas_Z": 0.005505243327833916,
  "p_prep_X": 0.0009963218002172142,
  "p_prep_Z": 0.0009963218002172142
}