{
  "p_cnot_IX": 0.00010080915158266187,
  "p_cnot_IY": 0.0002618126505363833,
  "p_cnot_IZ": 0.00020563636067680698,
  "p_cnot_XI": 0.0006327615201256188,
  "p_cnot_XX": 0.000256104370557169,
  "p_cnot_XY": 0.0,
  "p_cnot_XZ": 0.0006298719792890284,
  "p_cnot_YI": 0.0,
  "p_cnot_YX": 0.0007699320363091568,
  "p_cnot_YY": 2.6981422440588957e-05,
  "p_cnot_YZ": 4.14195001576205e-06,
  "p_cnot_ZI": 0.0003001018322349045,
  "p_cnot_ZX": 8.016458801457012e-07,
  "p_cnot_ZY": 8.381981647701075e-05,
  "p_cnot_ZZ": 0.00040980055907988757,
  "p_idle_cnot_X": 9.90670231173219e-05,
  "p_idle_cnot_Y": 0.00027087156427234944,
  "p_idle_cnot_Z": 0.0,
  "p_idle_spam_X": 0.0014508325783894951,
  "p_idle_spam_Y": 0.002195997705683486,
  "p_idle_spam_Z": 0.0,
  "p_meas_X": 0.005128403802535717,
  "p_meas_Z": 0.005128403802535717,
  "p_prep_X": 0.002326825850103131,
  "p_prep_Z": 0.002326825850103131
}