{
  "p_cnot_IX": 0.0006169116805716268,
  "p_cnot_IY": 0.0,
  "p_cnot_IZ": 0.0,
  "p_cnot_XI": 0.0008971736115144161,
  "p_cnot_XX": 0.0,
  "p_cnot_XY": 0.002549127368916278,
  "p_cnot_XZ": 0.0009113003245747503,
  "p_cnot_YI": 0.0011473726566244074,
  "p_cnot_YX": 0.0,
  "p_cnot_YY": 0.0,
  "p_cnot_YZ": 0.001090586784877427,
  "p_cnot_ZI": 0.00014998115542144146,
  "p_cnot_ZX": 0.0,
  "p_cnot_ZY": 0.0,
  "p_cnot_ZZ": 0.0,
  "p_idle_cnot_X": 0.00029514676203679704,
  "p_idle_cnot_Y": 0.0,
  "p_idle_cnot_Z": 0.0,
  "p_idle_spam_X": 0.000934814877077335,
  "p_idle_spam_Y": 0.0025413674796427297,
  "p_idle_spam_Z": 0.0,
  "p_meas_X": 0.005451213848268423,
  "p_meas_Z": 0.005451213848268423,
  "p_prep_X": 0.002063201733383485,
  "p_prep_Z": 0.002063201733383485
}