{
  "p_cnot_IX": 0.0021352287705315794,
  "p_cnot_IY": 0.0017666915351932685,
  "p_cnot_IZ": 0.0,
  "p_cnot_XI": 0.0,
  "p_cnot_XX": 0.0,
  "p_cnot_XY": 0.0005582476704807391,
  "p_cnot_XZ": 0.0,
  "p_cnot_YI": 0.0,
  "p_cnot_YX": 0.0,
  "p_cnot_YY": 0.0,
  "p_cnot_YZ": 0.0,
  "p_cnot_ZI": 0.0010055826547703199,
  "p_cnot_ZX": 0.0,
  "p_cnot_ZY": 0.0,
  "p_cnot_ZZ": 0.0,
  "p_idle_cnot_X": 0.00010095299114802264,
  "p_idle_cnot_Y": 0.0008251471921967427,
  "p_idle_cnot_Z": 0.0,
  "p_idle_spam_X": 0.0,
  "p_idle_spam_Y": 0.0004848449486920399,
  "p_idle_spam_Z": 0.0,
  "p_meas_X": 0.0018232769587709936,
  "p_meas_Z": 0.0018232769587709936,
  "p_prep_X": 0.005797275071069135,
  "p_prep_Z": 0.005797275071069135
}