{
  "p_cnot_IX": 0.0,
  "p_cnot_IY": 0.0,
  "p_cnot_IZ": 0.0,
  "p_cnot_XI": 7.38024539058784e-05,
  "p_cnot_XX": 0.00021431408282348611,
  "p_cnot_XY": 1.1235896322599489e-05,
  "p_cnot_XZ": 0.00011783135407984295,
  "p_cnot_YI": 0.0,
  "p_cnot_YX": 0.0,
  "p_cnot_YY": 0.0,
  "p_cnot_YZ": 0.0010377749840025019,
  "p_cnot_ZI": 0.0003629444225109438,
  "p_cnot_ZX": 0.0,
  "p_cnot_ZY": 0.0,
  "p_cnot_ZZ": 0.0007396220870244325,
  "p_idle_cnot_X": 0.001502599952269933,
  "p_idle_cnot_Y": 0.0,
  "p_idle_cnot_Z": 0.0,
  "p_idle_spam_X": 0.0002537138380976979,
  "p_idle_spam_Y": 0.0022736447479169697,
  "p_idle_spam_Z": 0.0,
  "p_meas_X": 0.003485970073998667,
  "p_meas_Z": 0.003485970073998667,
  "p_prep_X": 0.0,
  "p_prep_Z": 0.0
}