{
  "p_cnot_IX": 0.0006941460170319054,
  "p_cnot_IY": 0.0,
  "p_cnot_IZ": 0.0,
  "p_cnot_XI": 3.767961548992174e-05,
  "p_cnot_XX": 0.0,
  "p_cnot_XY": 0.0,
  "p_cnot_XZ": 3.654310809238676e-05,
  "p_cnot_YI": 0.0003351296977067018,
  "p_cnot_YX": 0.0,
  "p_cnot_YY": 0.0007078044374516299,
  "p_cnot_YZ": 0.0003264623217145231,
  "p_cnot_ZI": 0.0004706334798888095,
  "p_cnot_ZX": 0.0,
  "p_cnot_ZY": 0.0,
  "p_cnot_ZZ": 0.0,
  "p_idle_cnot_X": 0.0005042535973613422,
  "p_idle_cnot_Y": 0.00046677554110741506,
  "p_idle_cnot_Z": 0.0,
  "p_idle_spam_X": 0.0017383007814370357,
  "p_idle_spam_Y": 0.0020122962571908916,
  "p_idle_spam_Z": 0.0,
  "p_meas_X": 0.004316679440551372,
  "p_meas_Z": 0.004316679440551372,
  "p_prep_X": 0.0,
  "p_prep_Z": 0.0
}