{
  "p_cnot_IX": 9.448173260648092e-05,
  "p_cnot_IY": 0.0,
  "p_cnot_IZ": 0.0,
  "p_cnot_XI": 1.56100126525836e-08,
  "p_cnot_XX": 0.0010260567853764677,
  "p_cnot_XY": 0.0,
  "p_cnot_XZ": 1.552437480526425e-08,
  "p_cnot_YI": 6.694198256302454e-05,
  "p_cnot_YX": 0.0,
  "p_cnot_YY": 0.0,
  "p_cnot_YZ": 7.53822160837588e-05,
  "p_cnot_ZI": 0.0011698501382096872,
  "p_cnot_ZX": 0.0,
  "p_cnot_ZY": 0.0,
  "p_cnot_ZZ": 8.78831871489265e-05,
  "p_idle_cnot_X": 0.0,
  "p_idle_cnot_Y": 0.0006066571824046033,
  "p_idle_cnot_Z": 0.0,
  "p_idle_spam_X": 0.0023382306404520618,
  "p_idle_spam_Y": 0.000811446042203703,
  "p_idle_spam_Z": 0.0,
  "p_meas_X": 0.003351123390030309,
  "p_meas_Z": 0.003351123390030309,
  "p_prep_X": 0.0012206309369606283,
  "p_prep_Z": 0.0012206309369606283
}