{
  "p_cnot_IX": 0.0018052005061574442,
  "p_cnot_IY": 0.0,
  "p_cnot_IZ": 0.0,
  "p_cnot_XI": 8.418898058679759e-06,
  "p_cnot_XX": 0.0,
  "p_cnot_XY": 0.0023256765307337413,
  "p_cnot_XZ": 1.4327764154151238e-05,
  "p_cnot_YI": 0.00028770087746384936,
  "p_cnot_YX": 0.0,
  "p_cnot_YY": 0.0002504420196737194,
  "p_cnot_YZ": 0.00024108237922662826,
  "p_cnot_ZI": 0.0022877399174244914,
  "p_cnot_ZX": 0.0,
  "p_cnot_ZY": 0.0,
  "p_cnot_ZZ": 0.0,
  "p_idle_cnot_X": 0.0,
  "p_idle_cnot_Y": 0.00039143575683014915,
  "p_idle_cnot_Z": 0.0,
  "p_idle_spam_X": 0.0,
  "p_idle_spam_Y": 0.0009805975647441904,
  "p_idle_spam_Z": 0.0,
  "p_meas_X": 0.0008788917867757383,
  "p_meas_Z": 0.0008788917867757383,
  "p_prep_X": 0.00272605870732503,
  "p_prep_Z": 0.00272605870732503
}