{
  "p_cnot_IX": 0.0,
  "p_cnot_IY": 0.0,
  "p_cnot_IZ": 0.0,
  "p_cnot_XI": 0.0,
  "p_cnot_XX": 0.0,
  "p_cnot_XY": 0.0012666595885851184,
  "p_cnot_XZ": 0.0,
  "p_cnot_YI": 0.0,
  "p_cnot_YX": 0.0,
  "p_cnot_YY": 0.00010217089119871485,
  "p_cnot_YZ": 0.0,
  "p_cnot_ZI": 0.0011565059275018114,
  "p_cnot_ZX": 0.0,
  "p_cnot_ZY": 0.0,
  "p_cnot_ZZ": 0.00044066892227066567,
  "p_idle_cnot_X": 0.00034227209664652896,
  "p_idle_cnot_Y": 0.00020129492984771334,
  "p_idle_cnot_Z": 0.0,
  "p_idle_spam_X": 0.0014867085668378093,
  "p_idle_spam_Y": 0.0021808737814297736,
  "p_idle_spam_Z": 0.0005354437623389917,
  "p_meas_X": 0.005062647617647511,
  "p_meas_Z": 0.005062647617647511,
  "p_prep_X": 0.0,
  "p_prep_Z": 0.0
}