{
  "p_cnot_IX": 0.0,
  "p_cnot_IY": 2.0066280750733094e-05,
  "p_cnot_IZ": 0.0,
  "p_cnot_XI": 0.0,
  "p_cnot_XX": 0.0,
  "p_cnot_XY": 0.0,
  "p_cnot_XZ": 0.0,
  "p_cnot_YI": 0.0,
  "p_cnot_YX": 0.0,
  "p_cnot_YY": 0.0,
  "p_cnot_YZ": 0.0,
  "p_cnot_ZI": 0.0,
  "p_cnot_ZX": 0.0,
  "p_cnot_ZY": 0.0,
  "p_cnot_ZZ": 4.277709709696937e-05,
  "p_idle_cnot_X": 0.0,
  "p_idle_cnot_Y": 0.0008804317385141183,
  "p_idle_cnot_Z": 0.0,
  "p_idle_spam_X": 0.003759885644724264,
  "p_idle_spam_Y": 0.0010740098168835624,
  "p_idle_spam_Z": 0.0,
  "p_meas_X": 0.006191024963158146,
  "p_meas_Z": 0.006191024963158146,
  "p_prep_X": 7.692396824698687e-05,
  "p_prep_Z": 7.692396824698687e-05
}