{
  "p_cnot_IX": 0.001670932148647607,
  "p_cnot_IY": 0.0,
  "p_cnot_IZ": 0.0,
  "p_cnot_XI": 0.00011493781759516853,
  "p_cnot_XX": 0.0003923955498827851,
  "p_cnot_XY": 0.0,
  "p_cnot_XZ": 0.00010942119207262599,
  "p_cnot_YI": 0.0010970618035848433,
  "p_cnot_YX": 0.0010136851661527529,
  "p_cnot_YY": 0.0,
  "p_cnot_YZ": 0.0010924401048019049,
  "p_cnot_ZI": 0.0,
  "p_cnot_ZX": 0.0017279375794432275,
  "p_cnot_ZY": 0.0,
  "p_cnot_ZZ": 0.0,
  "p_idle_cnot_X": 0.0,
  "p_idle_cnot_Y": 0.0,
  "p_idle_cnot_Z": 0.0,
  "p_idle_spam_X": 0.0,
  "p_idle_spam_Y": 0.001885281920661889,
  "p_idle_spam_Z": 0.0,
  "p_meas_X": 0.004596068000470751,
  "p_meas_Z": 0.004596068000470751,
  "p_prep_X": 0.0,
  "p_prep_Z": 0.0
}