{
  "p_cnot_IX": 0.000920397461679403,
  "p_cnot_IY": 0.0,
  "p_cnot_IZ": 0.0,
  "p_cnot_XI": 0.0005202225443381806,
  "p_cnot_XX": 0.0,
  "p_cnot_XY": 1.1307691408672108e-05,
  "p_cnot_XZ": 0.0005261291204731596,
  "p_cnot_YI": 0.0007726788891792758,
  "p_cnot_YX": 0.0,
  "p_cnot_YY": 0.0004164381377065625,
  "p_cnot_YZ": 0.0007748576972015015,
  "p_cnot_ZI": 0.0,
  "p_cnot_ZX": 0.0007139325743044011,
  "p_cnot_ZY": 0.0009327127221725381,
  "p_cnot_ZZ": 0.0,
  "p_idle_cnot_X": 0.0,
  "p_idle_cnot_Y": 0.0,
  "p_idle_cnot_Z": 0.0,
  "p_idle_spam_X": 0.0010179556961232084,
  "p_idle_spam_Y": 0.0019453752475965765,
  "p_idle_spam_Z": 0.0,
  "p_meas_X": 0.007134844820730894,
  "p_meas_Z": 0.007134844820730894,
  "p_prep_X": 0.0001598619659559186,
  "p_prep_Z": 0.0001598619659559186
}