{
  "p_cnot_IX": 0.0,
  "p_cnot_IY": 0.0003177053137065035,
  "p_cnot_IZ": 0.0,
  "p_cnot_XI": 0.0010254464851222962,
  "p_cnot_XX": 0.0004027617441612847,
  "p_cnot_XY": 0.0,
  "p_cnot_XZ": 0.001030749388981951,
  "p_cnot_YI": 0.0005264327094936175,
  "p_cnot_YX": 0.00164903498881972,
  "p_cnot_YY": 0.0,
  "p_cnot_YZ": 0.0005421536777874338,
  "p_cnot_ZI": 0.0,
  "p_cnot_ZX": 0.00020204188798092918,
  "p_cnot_ZY": 0.00028106601091155514,
  "p_cnot_ZZ": 1.8375601307261916e-06,
  "p_idle_cnot_X": 0.0,
  "p_idle_cnot_Y": 0.0,
  "p_idle_cnot_Z": 0.0,
  "p_idle_spam_X": 0.0005580356772348086,
  "p_idle_spam_Y": 0.0012861496566873582,
  "p_idle_spam_Z": 0.0,
  "p_meas_X": 0.008574067976123473,
  "p_meas_Z": 0.008574067976123473,
  "p_prep_X": 0.0013767993356384948,
  "p_prep_Z": 0.0013767993356384948
}