{
  "p_cnot_IX": 0.00098710219905867,
  "p_cnot_IY": 0.0,
  "p_cnot_IZ": 7.160983874531878e-05,
  "p_cnot_XI": 0.00037884711568355873,
  "p_cnot_XX": 0.0,
  "p_cnot_XY": 0.0014858282200014843,
  "p_cnot_XZ": 0.0003747868834943146,
  "p_cnot_YI": 0.0003644806170913219,
  "p_cnot_YX": 0.0,
  "p_cnot_YY": 0.0,
  "p_cnot_YZ": 0.00035619125974280794,
  "p_cnot_ZI": 0.0011349504130748454,
  "p_cnot_ZX": 0.0,
  "p_cnot_ZY": 0.0,
  "p_cnot_ZZ": 0.0,
  "p_idle_cnot_X": 0.0006365521819480507,
  "p_idle_cnot_Y": 0.0005277413517384841,
  "p_idle_cnot_Z": 2.0945133141794614e-05,
  "p_idle_spam_X": 1.503330257609409e-05,
  "p_idle_spam_Y": 0.001199983726429875,
  "p_idle_spam_Z": 0.0,
  "p_meas_X": 0.002375360642072707,
  "p_meas_Z": 0.002375360642072707,
  "p_prep_X": 0.0010746991620015833,
  "p_prep_Z": 0.0010746991620015833
}