{
  "p_cnot_IX": 0.0015257251124264693,
  "p_cnot_IY": 0.00012212376016751246,
  "p_cnot_IZ": 0.0,
  "p_cnot_XI": 0.0004669261081119318,
  "p_cnot_XX": 0.0008137789502335912,
  "p_cnot_XY": 0.00041831673943869274,
  "p_cnot_XZ": 0.00046799924440695293,
  "p_cnot_YI": 0.0008213162453436271,
  "p_cnot_YX": 0.0005699963860931073,
  "p_cnot_YY": 0.00018165607050757914,
  "p_cnot_YZ": 0.0008230366010216973,
  "p_cnot_ZI": 0.0002315931310589108,
  "p_cnot_ZX": 0.0005659308695257417,
  "p_cnot_ZY": 0.00016646174155560158,
  "p_cnot_ZZ": 0.0,
  "p_idle_cnot_X": 0.0,
  "p_idle_cnot_Y": 0.0,
  "p_idle_cnot_Z": 0.0,
  "p_idle_spam_X": 2.6184646250980012e-05,
  "p_idle_spam_Y": 0.0011318008700879909,
  "p_idle_spam_Z": 0.0,
  "p_meas_X": 0.0035371694096833386,
  "p_meas_Z": 0.0035371694096833386,
  "p_prep_X": 0.001622237272928842,
  "p_prep_Z": 0.001622237272928842
}