{
  "p_cnot_IX": 0.0,
  "p_cnot_IY": 0.0,
  "p_cnot_IZ": 0.00015513304521291686,
  "p_cnot_XI": 0.00011863232291133953,
  "p_cnot_XX": 0.000652588648943523,
  "p_cnot_XY": 0.0,
  "p_cnot_XZ": 0.00020971973402333382,
  "p_cnot_YI": 2.994510553110775e-05,
  "p_cnot_YX": 0.0003037364818860498,
  "p_cnot_YY": 0.0,
  "p_cnot_YZ": 0.00024202651706993074,
  "p_cnot_ZI": 0.0004850304832022128,
  "p_cnot_ZX": 0.0,
  "p_cnot_ZY": 0.0,
  "p_cnot_ZZ": 0.000366068266418331,
  "p_idle_cnot_X": 0.0,
  "p_idle_cnot_Y": 0.00036176869840232783,
  "p_idle_cnot_Z": 0.0,
  "p_idle_spam_X": 0.0021312848413811603,
  "p_idle_spam_Y": 0.0011901712849328938,
  "p_idle_spam_Z": 0.0,
  "p_meas_X": 0.007068215748657972,
  "p_meas_Z": 0.007068215748657972,
  "p_prep_X": 0.0,
  "p_prep_Z": 0.0
}