{
  "p_cnot_IX": 0.0,
  "p_cnot_IY": 0.0,
  "p_cnot_IZ": 0.0,
  "p_cnot_XI": 0.0,
  "p_cnot_XX": 0.0,
  "p_cnot_XY": 0.0012580385853804394,
  "p_cnot_XZ": 0.0,
  "p_cnot_YI": 0.0,
  "p_cnot_YX": 0.0,
  "p_cnot_YY": 9.646202108336937e-05,
  "p_cnot_YZ": 0.0,
  "p_cnot_ZI": 0.001169542224274792,
  "p_cnot_ZX": 0.0,
  "p_cnot_ZY": 0.0,
  "p_cnot_ZZ": 0.0004502213161209472,
  "p_idle_cnot_X": 0.0003730282102401955,
  "p_idle_cnot_Y": 0.00020081648888815154,
  "p_idle_cnot_Z": 0.0,
  "p_idle_spam_X": 0.0014282531501666825,
  "p_idle_spam_Y": 0.0021807500280548245,
  "p_idle_spam_Z": 0.0004790341576245608,
  "p_meas_X": 0.005006369162433146,
  "p_meas_Z": 0.005006369162433146,
  "p_prep_X": 0.0,
  "p_prep_Z": 0.0
}