{
  "p_cnot_IX": 0.0012412553819374096,
  "p_cnot_IY": 0.0013844844801717705,
  "p_cnot_IZ": 5.464831128644726e-05,
  "p_cnot_XI": 0.0,
  "p_cnot_XX": 0.0,
  "p_cnot_XY": 0.0008705060914444237,
  "p_cnot_XZ": 0.0,
  "p_cnot_YI": 0.0001411277015703883,
  "p_cnot_YX": 0.0,
  "p_cnot_YY": 0.0,
  "p_cnot_YZ": 0.0001367924036355039,
  "p_cnot_ZI": 0.001329852906055825,
  "p_cnot_ZX": 0.0,
  "p_cnot_ZY": 0.0001098947471498277,
  "p_cnot_ZZ": 0.00023689971356025206,
  "p_idle_cnot_X": 0.0,
  "p_idle_cnot_Y": 0.0006887813774491075,
  "p_idle_cnot_Z": 0.0005535361408562703,
  "p_idle_spam_X": 0.0,
  "p_idle_spam_Y": 0.000642969315858975,
  "p_idle_spam_Z": 0.0,
  "p_meas_X": 0.0015817531515952752,
  "p_meas_Z": 0.0015817531515952752,
  "p_prep_X": 0.0015290969522212094,
  "p_prep_Z": 0.0015290969522212094
}