{
  "p_cnot_IX": 0.00011283265866322229,
  "p_cnot_IY": 0.0,
  "p_cnot_IZ": 0.0,
  "p_cnot_XI": 0.0,
  "p_cnot_XX": 0.0,
  "p_cnot_XY": 0.0,
  "p_cnot_XZ": 0.0,
  "p_cnot_YI": 0.0,
  "p_cnot_YX": 0.0,
  "p_cnot_YY": 0.0,
  "p_cnot_YZ": 0.0,
  "p_cnot_ZI": 0.0004920567221037477,
  "p_cnot_ZX": 0.0,
  "p_cnot_ZY": 0.0,
  "p_cnot_ZZ": 0.0,
  "p_idle_cnot_X": 0.0,
  "p_idle_cnot_Y": 0.0010138400526303675,
  "p_idle_cnot_Z": 1.4432227539645086e-05,
  "p_idle_spam_X": 0.0027074852400858895,
  "p_idle_spam_Y": 0.0011879049221329644,
  "p_idle_spam_Z": 0.0,
  "p_meas_X": 0.002345095752341893,
  "p_meas_Z": 0.002345095752341893,
  "p_prep_X": 0.0016705603496756764,
  "p_prep_Z": 0.0016705603496756764
}