{
  "p_cnot_IX": 0.0017508902402360582,
  "p_cnot_IY": 0.0,
  "p_cnot_IZ": 0.0,
  "p_cnot_XI": 1.6486110135253044e-05,
  "p_cnot_XX": 0.0,
  "p_cnot_XY": 0.0023269577028498752,
  "p_cnot_XZ": 5.524934360115798e-05,
  "p_cnot_YI": 0.0002655138886672283,
  "p_cnot_YX": 0.0,
  "p_cnot_YY": 0.0002672301761010936,
  "p_cnot_YZ": 0.0002210000091304559,
  "p_cnot_ZI": 0.00231999203518475,
  "p_cnot_ZX": 0.0,
  "p_cnot_ZY": 0.0,
  "p_cnot_ZZ": 0.0,
  "p_idle_cnot_X": 0.0,
  "p_idle_cnot_Y": 0.00039195428152913043,
  "p_idle_cnot_Z": 0.0,
  "p_idle_spam_X": 0.0,
  "p_idle_spam_Y": 0.0009891105966075746,
  "p_idle_spam_Z": 0.0,
  "p_meas_X": 0.0009153735276765181,
  "p_meas_Z": 0.0009153735276765181,
  "p_prep_X": 0.0026756166182235323,
  "p_prep_Z": 0.0026756166182235323
}