{
  "p_cnot_IX": 0.0006494500795179413,
  "p_cnot_IY": 0.0,
  "p_cnot_IZ": 0.0,
  "p_cnot_XI": 0.0009045102592807137,
  "p_cnot_XX": 0.0,
  "p_cnot_XY": 0.002296586587386192,
  "p_cnot_XZ": 0.0008955095760113891,
  "p_cnot_YI": 0.001064729198785814,
  "p_cnot_YX": 0.0,
  "p_cnot_YY": 7.190057975195359e-06,
  "p_cnot_YZ": 0.0010466329532908014,
  "p_cnot_ZI": 0.0008637802820067728,
  "p_cnot_ZX": 0.0,
  "p_cnot_ZY": 0.0,
  "p_cnot_ZZ": 0.0,
  "p_idle_cnot_X": 0.0,
  "p_idle_cnot_Y": 0.00018505904527519316,
  "p_idle_cnot_Z": 0.0,
  "p_idle_spam_X": 0.0013531798250973283,
  "p_idle_spam_Y": 0.002263722886029565,
  "p_idle_spam_Z": 0.0007610222670981735,
  "p_meas_X": 0.0028485378333727293,
  "p_meas_Z": 0.0028485378333727293,
  "p_prep_X": 0.0021034574178610327,
  "p_prep_Z": 0.0021034574178610327
}