{
  "p_cnot_IX": 0.0,
  "p_cnot_IY": 0.0,
  "p_cnot_IZ": 0.00015661763626057622,
  "p_cnot_XI": 0.0,
  "p_cnot_XX": 0.00015326011832708533,
  "p_cnot_XY": 0.0001000097912021709,
  "p_cnot_XZ": 0.0,
  "p_cnot_YI": 0.0005832723546358011,
  "p_cnot_YX": 0.0,
  "p_cnot_YY": 0.0,
  "p_cnot_YZ": 0.0006927167687799771,
  "p_cnot_ZI": 0.00032994419822217173,
  "p_cnot_ZX": 0.0,
  "p_cnot_ZY": 0.0,
  "p_cnot_ZZ": 0.0005557590008659758,
  "p_idle_cnot_X": 0.0014927002337010377,
  "p_idle_cnot_Y": 0.0,
  "p_idle_cnot_Z": 0.0,
  "p_idle_spam_X": 0.0001879079862078335,
  "p_idle_spam_Y": 0.0022859606167483374,
  "p_idle_spam_Z": 0.0,
  "p_meas_X": 0.0034650387974585776,
  "p_meas_Z": 0.0034650387974585776,
  "p_prep_X": 0.0,
  "p_prep_Z": 0.0
}