{
  "p_cnot_IX": 0.0,
  "p_cnot_IY": 0.0,
  "p_cnot_IZ": 0.0005146402619009244,
  "p_cnot_XI": 0.00024746154577381317,
  "p_cnot_XX": 0.0002809122834124967,
  "p_cnot_XY": 0.0,
  "p_cnot_XZ": 0.00028071277187468506,
  "p_cnot_YI": 5.793783869707514e-08,
  "p_cnot_YX": 0.0013371021200222926,
  "p_cnot_YY": 0.0,
  "p_cnot_YZ": 9.979370577012143e-06,
  "p_cnot_ZI": 0.0,
  "p_cnot_ZX": 0.0,
  "p_cnot_ZY": 1.9068566745870405e-06,
  "p_cnot_ZZ": 0.0005408487095280492,
  "p_idle_cnot_X": 0.00010794148256985841,
  "p_idle_cnot_Y": 0.00020027475063212762,
  "p_idle_cnot_Z": 0.0,
  "p_idle_spam_X": 0.0018346847589569078,
  "p_idle_spam_Y": 0.0022204246952611402,
  "p_idle_spam_Z": 0.0,
  "p_meas_X": 0.006440369520950137,
  "p_meas_Z": 0.006440369520950137,
  "p_prep_X": 0.0017032043712476976,
  "p_prep_Z": 0.0017032043712476976
}