{
  "p_cnot_IX": 0.0007112119852752882,
  "p_cnot_IY": 0.0,
  "p_cnot_IZ": 0.0,
  "p_cnot_XI": 2.4949749367396516e-05,
  "p_cnot_XX": 0.0,
  "p_cnot_XY": 0.0,
  "p_cnot_XZ": 3.4307268690431316e-05,
  "p_cnot_YI": 0.00033469720398194484,
  "p_cnot_YX": 0.0,
  "p_cnot_YY": 0.0006971542880052626,
  "p_cnot_YZ": 0.00032890596917245154,
  "p_cnot_ZI": 0.0004504260143636178,
  "p_cnot_ZX": 0.0,
  "p_cnot_ZY": 0.0,
  "p_cnot_ZZ": 0.0,
  "p_idle_cnot_X": 0.0005217734109464893,
  "p_idle_cnot_Y": 0.00046315592672443263,
  "p_idle_cnot_Z": 0.0,
  "p_idle_spam_X": 0.0016984219282038659,
  "p_idle_spam_Y": 0.002022602053191507,
  "p_idle_spam_Z": 0.0,
  "p_meas_X": 0.004336711013383531,
  "p_meas_Z": 0.004336711013383531,
  "p_prep_X": 0.0,
  "p_prep_Z": 0.0
}