{
  "p_cnot_IX": 0.0004171133019106242,
  "p_cnot_IY": 0.0,
  "p_cnot_IZ": 6.230955770693478e-05,
  "p_cnot_XI": 0.0004264151681602486,
  "p_cnot_XX": 0.0,
  "p_cnot_XY": 0.0016723941888744055,
  "p_cnot_XZ": 0.0003993681736972709,
  "p_cnot_YI": 0.0003855052382766082,
  "p_cnot_YX": 0.0,
  "p_cnot_YY": 0.0,
  "p_cnot_YZ": 0.000374054481248495,
  "p_cnot_ZI": 0.0009275247921687778,
  "p_cnot_ZX": 0.0,
  "p_cnot_ZY": 0.0,
  "p_cnot_ZZ": 0.0,
  "p_idle_cnot_X": 0.0006753212583353441,
  "p_idle_cnot_Y": 0.0004155325388659891,
  "p_idle_cnot_Z": 0.0,
  "p_idle_spam_X": 0.00022694617905606626,
  "p_idle_spam_Y": 0.0013241968884046525,
  "p_idle_spam_Z": 0.0,
  "p_meas_X": 0.005108957450130978,
  "p_meas_Z": 0.005108957450130978,
  "p_prep_X": 1.5941859975877384e-05,
  "p_prep_Z": 1.5941859975877384e-05
}