{
  "p_cnot_IX": 0.0010275426332452028,
  "p_cnot_IY": 0.0,
  "p_cnot_IZ": 0.0,
  "p_cnot_XI": 0.0011282645009409007,
  "p_cnot_XX": 0.001244625101823541,
  "p_cnot_XY": 4.75923206517829e-06,
  "p_cnot_XZ": 0.0011310499704140398,
  "p_cnot_YI": 0.000633095751313313,
  "p_cnot_YX": 0.00046048288097578057,
  "p_cnot_YY": 0.0,
  "p_cnot_YZ": 0.0006396455871757448,
  "p_cnot_ZI": 0.0002852467288712654,
  "p_cnot_ZX": 0.0,
  "p_cnot_ZY": 0.0,
  "p_cnot_ZZ": 0.0,
  "p_idle_cnot_X": 0.0,
  "p_idle_cnot_Y": 0.00029184941888916083,
  "p_idle_cnot_Z": 0.0,
  "p_idle_spam_X": 0.0005053067970327555,
  "p_idle_spam_Y": 0.0012405697338683755,
  "p_idle_spam_Z": 0.0,
  "p_meas_X": 0.0036204726472714253,
  "p_meas_Z": 0.0036204726472714253,
  "p_prep_X": 0.002059041292599859,
  "p_prep_Z": 0.002059041292599859
}