{
  "p_cnot_IX": 0.001063313272114063,
  "p_cnot_IY": 0.0005121819983269067,
  "p_cnot_IZ": 0.0,
  "p_cnot_XI": 0.00022942495349613582,
  "p_cnot_XX": 0.00011085595001038303,
  "p_cnot_XY": 0.0008310695273088437,
  "p_cnot_XZ": 0.00023015881001882085,
  "p_cnot_YI": 0.0006475824185450806,
  "p_cnot_YX": 0.0,
  "p_cnot_YY": 0.00034860397886192826,
  "p_cnot_YZ": 0.0006474744093497807,
  "p_cnot_ZI": 0.0008558294025340274,
  "p_cnot_ZX": 0.0004085899295148659,
  "p_cnot_ZY": 8.25728971536402e-05,
  "p_cnot_ZZ": 0.0,
  "p_idle_cnot_X": 8.97035942984151e-06,
  "p_idle_cnot_Y": 0.0002049313487679101,
  "p_idle_cnot_Z": 0.0,
  "p_idle_spam_X": 0.0009828842417256157,
  "p_idle_spam_Y": 0.001397598016467945,
  "p_idle_spam_Z": 0.0,
  "p_meas_X": 0.0024485170277991778,
  "p_meas_Z": 0.0024485170277991778,
  "p_prep_X": 0.0012045355637635483,
  "p_prep_Z": 0.0012045355637635483
}