{
  "p_cnot_IX": 0.001860562839541375,
  "p_cnot_IY": 0.0,
  "p_cnot_IZ": 0.0,
  "p_cnot_XI": 9.25391277578045e-06,
  "p_cnot_XX": 0.0007815582394782415,
  "p_cnot_XY": 5.217671751518256e-06,
  "p_cnot_XZ": 9.187657644403043e-06,
  "p_cnot_YI": 0.0011616936693213532,
  "p_cnot_YX": 0.0007595070907305666,
  "p_cnot_YY": 0.0,
  "p_cnot_YZ": 0.0011687779155091216,
  "p_cnot_ZI": 0.0,
  "p_cnot_ZX": 0.0012935320158727179,
  "p_cnot_ZY": 0.0,
  "p_cnot_ZZ": 0.0,
  "p_idle_cnot_X": 0.0,
  "p_idle_cnot_Y": 0.0,
  "p_idle_cnot_Z": 0.0,
  "p_idle_spam_X": 0.0,
  "p_idle_spam_Y": 0.0018699154156952551,
  "p_idle_spam_Z": 0.0,
  "p_meas_X": 0.003537510832072189,
  "p_meas_Z": 0.003537510832072189,
  "p_prep_X": 0.0010274666446948267,
  "p_prep_Z": 0.0010274666446948267
}