{
  "p_cnot_IX": 0.0014055663644018208,
  "p_cnot_IY": 0.00018757841725779522,
  "p_cnot_IZ": 0.0,
  "p_cnot_XI": 0.00046659594755636875,
  "p_cnot_XX": 0.0008262878034739682,
  "p_cnot_XY": 0.00039791485406908057,
  "p_cnot_XZ": 0.0004673231305686503,
  "p_cnot_YI": 0.0009511300783193102,
  "p_cnot_YX": 0.0005105531682550785,
  "p_cnot_YY": 8.156877683198072e-05,
  "p_cnot_YZ": 0.0009528031369699341,
  "p_cnot_ZI": 0.0003904360618751125,
  "p_cnot_ZX": 0.0005033259565792038,
  "p_cnot_ZY": 3.0053924329024413e-06,
  "p_cnot_ZZ": 0.0,
  "p_idle_cnot_X": 0.0,
  "p_idle_cnot_Y": 0.0,
  "p_idle_cnot_Z": 0.0,
  "p_idle_spam_X": 2.433694140470536e-05,
  "p_idle_spam_Y": 0.0011333813812828043,
  "p_idle_spam_Z": 0.0,
  "p_meas_X": 0.003516592789448575,
  "p_meas_Z": 0.003516592789448575,
  "p_prep_X": 0.0017133421070464473,
  "p_prep_Z": 0.0017133421070464473
}