{
  "p_cnot_IX": 0.0020364297672640507,
  "p_cnot_IY": 0.00130196513601998,
  "p_cnot_IZ": 0.0,
  "p_cnot_XI": 0.0,
  "p_cnot_XX": 0.0,
  "p_cnot_XY": 0.0006864108751689468,
  "p_cnot_XZ": 0.0,
  "p_cnot_YI": 0.0,
  "p_cnot_YX": 0.0,
  "p_cnot_YY": 0.0,
  "p_cnot_YZ": 0.0,
  "p_cnot_ZI": 0.0036346242973026464,
  "p_cnot_ZX": 0.0,
  "p_cnot_ZY": 0.0,
  "p_cnot_ZZ": 0.0,
  "p_idle_cnot_X": 0.0,
  "p_idle_cnot_Y": 0.0009302714896692639,
  "p_idle_cnot_Z": 3.309923682167785e-05,
  "p_idle_spam_X": 0.0,
  "p_idle_spam_Y": 0.0006701116748659454,
  "p_idle_spam_Z": 0.0,
  "p_meas_X": 0.002298755058920893,
  "p_meas_Z": 0.002298755058920893,
  "p_prep_X": 0.002431460164223349,
  "p_prep_Z": 0.002431460164223349
}