{
  "p_cnot_IX": 0.0007098409235255206,
  "p_cnot_IY": 0.0,
  "p_cnot_IZ": 0.0,
  "p_cnot_XI": 4.296078618638085e-05,
  "p_cnot_XX": 0.0,
  "p_cnot_XY": 0.0,
  "p_cnot_XZ": 4.195876699031613e-05,
  "p_cnot_YI": 0.0003247760176022374,
  "p_cnot_YX": 0.0,
  "p_cnot_YY": 0.0007449028082523792,
  "p_cnot_YZ": 0.00031715029672519073,
  "p_cnot_ZI": 0.00047350005018089515,
  "p_cnot_ZX": 0.0,
  "p_cnot_ZY": 0.0,
  "p_cnot_ZZ": 0.0,
  "p_idle_cnot_X": 0.0004997035283571175,
  "p_idle_cnot_Y": 0.00045934635754867314,
  "p_idle_cnot_Z": 0.0,
  "p_idle_spam_X": 0.001723217088524165,
  "p_idle_spam_Y": 0.002013501328770345,
  "p_idle_spam_Z": 0.0,
  "p_meas_X": 0.004346009047772851,
  "p_meas_Z": 0.004346009047772851,
  "p_prep_X": 0.0,
  "p_prep_Z": 0.0
}