{
  "p_cnot_IX": 0.0,
  "p_cnot_IY": 0.0,
  "p_cnot_IZ": 0.00045404738862762526,
  "p_cnot_XI": 0.00025988222175219876,
  "p_cnot_XX": 0.0002356160234470572,
  "p_cnot_XY": 0.0,
  "p_cnot_XZ": 0.00034140695293914544,
  "p_cnot_YI": 0.0,
  "p_cnot_YX": 0.0013876525016232244,
  "p_cnot_YY": 0.0,
  "p_cnot_YZ": 0.0,
  "p_cnot_ZI": 0.0,
  "p_cnot_ZX": 0.0,
  "p_cnot_ZY": 1.238447115082694e-05,
  "p_cnot_ZZ": 0.0005590697391033863,
  "p_idle_cnot_X": 0.00011210920729607917,
  "p_idle_cnot_Y": 0.00018662224957113164,
  "p_idle_cnot_Z": 0.0,
  "p_idle_spam_X": 0.0018341443931638194,
  "p_idle_spam_Y": 0.0022454104043002298,
  "p_idle_spam_Z": 0.0,
  "p_meas_X": 0.006681737629504325,
  "p_meas_Z": 0.006681737629504325,
  "p_prep_X": 0.0015275549028568416,
  "p_prep_Z": 0.0015275549028568416
}