{
  "p_cnot_IX": 0.0,
  "p_cnot_IY": 0.0,
  "p_cnot_IZ": 0.0,
  "p_cnot_XI": 0.0,
  "p_cnot_XX": 0.0,
  "p_cnot_XY": 0.001256355546448377,
  "p_cnot_XZ": 0.0,
  "p_cnot_YI": 0.0,
  "p_cnot_YX": 0.0,
  "p_cnot_YY": 0.00011125605192201399,
  "p_cnot_YZ": 0.0,
  "p_cnot_ZI": 0.0011782045401956976,
  "p_cnot_ZX": 0.0,
  "p_cnot_ZY": 0.0,
  "p_cnot_ZZ": 0.0004328822452550247,
  "p_idle_cnot_X": 0.00032451963115565297,
  "p_idle_cnot_Y": 0.00021400215244841484,
  "p_idle_cnot_Z": 0.0,
  "p_idle_spam_X": 0.0015296376089212822,
  "p_idle_spam_Y": 0.0021617020082511963,
  "p_idle_spam_Z": 0.000533177289497937,
  "p_meas_X": 0.004996371484102023,
  "p_meas_Z": 0.004996371484102023,
  "p_prep_X": 0.0,
  "p_prep_Z": 0.0
}