{
  "p_cnot_IX": 0.0,
  "p_cnot_IY": 0.00025599179390185957,
  "p_cnot_IZ": 0.0,
  "p_cnot_XI": 0.0,
  "p_cnot_XX": 0.0,
  "p_cnot_XY": 0.0,
  "p_cnot_XZ": 0.0,
  "p_cnot_YI": 0.0,
  "p_cnot_YX": 0.0,
  "p_cnot_YY": 0.0,
  "p_cnot_YZ": 0.0,
  "p_cnot_ZI": 0.0,
  "p_cnot_ZX": 0.0,
  "p_cnot_ZY": 1.2805252323331934e-05,
  "p_cnot_ZZ": 1.106609141700469e-05,
  "p_idle_cnot_X": 0.0,
  "p_idle_cnot_Y": 0.0008193193209335058,
  "p_idle_cnot_Z": 0.0,
  "p_idle_spam_X": 0.00337658097953546,
  "p_idle_spam_Y": 0.001101896895245244,
  "p_idle_spam_Z": 0.0,
  "p_meas_X": 0.0054789117994131315,
  "p_meas_Z": 0.0054789117994131315,
  "p_prep_X": 0.0014862273526539305,
  "p_prep_Z": 0.0014862273526539305
}