{
  "p_cnot_IX": 0.0012404333586428901,
  "p_cnot_IY": 0.00022434058644653493,
  "p_cnot_IZ": 7.266223665301467e-06,
  "p_cnot_XI": 0.00014599981723876625,
  "p_cnot_XX": 0.0,
  "p_cnot_XY": 0.0015943233794311824,
  "p_cnot_XZ": 0.00013975939803683303,
  "p_cnot_YI": 0.0006121688186496465,
  "p_cnot_YX": 0.0,
  "p_cnot_YY": 0.0003933918362555049,
  "p_cnot_YZ": 0.0005985613988427302,
  "p_cnot_ZI": 0.001699577787369196,
  "p_cnot_ZX": 0.0001555308045985361,
  "p_cnot_ZY": 0.0,
  "p_cnot_ZZ": 0.0,
  "p_idle_cnot_X": 7.266613915777857e-05,
  "p_idle_cnot_Y": 0.0002373410594504981,
  "p_idle_cnot_Z": 8.303779770696697e-05,
  "p_idle_spam_X": 0.0,
  "p_idle_spam_Y": 0.0010936047698425267,
  "p_idle_spam_Z": 0.00045943368188120556,
  "p_meas_X": 0.001996029265088892,
  "p_meas_Z": 0.001996029265088892,
  "p_prep_X": 0.0018457598272484661,
  "p_prep_Z": 0.0018457598272484661
}