{
  "p_cnot_IX": 0.00020882584161392394,
  "p_cnot_IY": 0.0,
  "p_cnot_IZ": 0.0,
  "p_cnot_XI": 0.0,
  "p_cnot_XX": 0.00025962031799966573,
  "p_cnot_XY": 0.0,
  "p_cnot_XZ": 0.0,
  "p_cnot_YI": 0.0004045426022509908,
  "p_cnot_YX": 0.0,
  "p_cnot_YY": 0.0,
  "p_cnot_YZ": 0.00040670231899780554,
  "p_cnot_ZI": 0.0008501561719811759,
  "p_cnot_ZX": 0.0,
  "p_cnot_ZY": 0.0,
  "p_cnot_ZZ": 0.0002692268776294824,
  "p_idle_cnot_X": 0.00042191606171420004,
  "p_idle_cnot_Y": 0.00024776879741457615,
  "p_idle_cnot_Z": 0.0003922689967276486,
  "p_idle_spam_X": 0.0016568945015822466,
  "p_idle_spam_Y": 0.001281629216368799,
  "p_idle_spam_Z": 1.6809559556363644e-05,
  "p_meas_X": 0.0014687766818573269,
  "p_meas_Z": 0.0014687766818573269,
  "p_prep_X": 0.0011347811490743335,
  "p_prep_Z": 0.0011347811490743335
}