{
  "p_cnot_IX": 0.0002904390482399358,
  "p_cnot_IY": 0.00023385962126738882,
  "p_cnot_IZ": 0.0002527571955709928,
  "p_cnot_XI": 0.00035817788601578716,
  "p_cnot_XX": 0.00017257414796301992,
  "p_cnot_XY": 0.0005907931502482463,
  "p_cnot_XZ": 0.0003565601280397918,
  "p_cnot_YI": 0.000744874050800638,
  "p_cnot_YX": 0.0,
  "p_cnot_YY": 0.00022498933993281636,
  "p_cnot_YZ": 0.0007427721561626099,
  "p_cnot_ZI": 0.0006109679562262128,
  "p_cnot_ZX": 4.228361030817317e-05,
  "p_cnot_ZY": 2.768680503445522e-05,
  "p_cnot_ZZ": 0.0006560981902270252,
  "p_idle_cnot_X": 0.00048375116767273657,
  "p_idle_cnot_Y": 0.00043540594775808944,
  "p_idle_cnot_Z": 4.851707422794004e-05,
  "p_idle_spam_X": 0.0014824466030557747,
  "p_idle_spam_Y": 0.00174281301212995,
  "p_idle_spam_Z": 0.0013817470048146502,
  "p_meas_X": 0.0016338222886838397,
  "p_meas_Z": 0.0016338222886838397,
  "p_prep_X": 0.00155807759085323,
  "p_prep_Z": 0.00155807759085323
}