{
  "p_cnot_IX": 0.002121993475915943,
  "p_cnot_IY": 0.0017334953727073479,
  "p_cnot_IZ": 0.0,
  "p_cnot_XI": 0.0,
  "p_cnot_XX": 0.0,
  "p_cnot_XY": 0.0006154252621855422,
  "p_cnot_XZ": 0.0,
  "p_cnot_YI": 0.0,
  "p_cnot_YX": 0.0,
  "p_cnot_YY": 0.0,
  "p_cnot_YZ": 0.0,
  "p_cnot_ZI": 0.0009621074805066195,
  "p_cnot_ZX": 0.0,
  "p_cnot_ZY": 0.0,
  "p_cnot_ZZ": 0.0,
  "p_idle_cnot_X": 0.00010264940281185263,
  "p_idle_cnot_Y": 0.0008230924431870292,
  "p_idle_cnot_Z": 0.0,
  "p_idle_spam_X": 0.0,
  "p_idle_spam_Y": 0.00048760802548173705,
  "p_idle_spam_Z": 0.0,
  "p_meas_X": 0.001909482849236841,
  "p_meas_Z": 0.001909482849236841,
  "p_prep_X": 0.005862481702592691,
  "p_prep_Z": 0.005862481702592691
}