{
  "p_cnot_IX": 0.0,
  "p_cnot_IY": 0.0,
  "p_cnot_IZ": 0.0,
  "p_cnot_XI": 0.0,
  "p_cnot_XX": 0.0002047686754194797,
  "p_cnot_XY": 1.09557771395414e-05,
  "p_cnot_XZ": 0.0,
  "p_cnot_YI": 0.0,
  "p_cnot_YX": 0.0,
  "p_cnot_YY": 0.0,
  "p_cnot_YZ": 0.001192306389354716,
  "p_cnot_ZI": 0.00036640715395141896,
  "p_cnot_ZX": 0.0,
  "p_cnot_ZY": 0.0,
  "p_cnot_ZZ": 0.0005976980992227412,
  "p_idle_cnot_X": 0.001595038707632356,
  "p_idle_cnot_Y": 0.0,
  "p_idle_cnot_Z": 0.0,
  "p_idle_spam_X": 0.00011322557930466079,
  "p_idle_spam_Y": 0.0022956945022232717,
  "p_idle_spam_Z": 0.0,
  "p_meas_X": 0.0033067249575790495,
  "p_meas_Z": 0.0033067249575790495,
  "p_prep_X": 0.0,
  "p_prep_Z": 0.0
}