{
  "p_cnot_IX": 0.0003655842676654526,
  "p_cnot_IY": 0.0,
  "p_cnot_IZ": 0.0,
  "p_cnot_XI": 0.0005037914026675001,
  "p_cnot_XX": 0.0,
  "p_cnot_XY": 0.0017167807704814798,
  "p_cnot_XZ": 0.00046611823049983413,
  "p_cnot_YI": 0.00033659673150735966,
  "p_cnot_YX": 0.0,
  "p_cnot_YY": 0.0,
  "p_cnot_YZ": 0.00032401617245001596,
  "p_cnot_ZI": 0.0010649184542439556,
  "p_cnot_ZX": 0.0,
  "p_cnot_ZY": 0.0,
  "p_cnot_ZZ": 9.26598191568334e-06,
  "p_idle_cnot_X": 0.0006388938970699151,
  "p_idle_cnot_Y": 0.0004360981841732014,
  "p_idle_cnot_Z": 0.0,
  "p_idle_spam_X": 0.00023157690058229547,
  "p_idle_spam_Y": 0.00131502766582352,
  "p_idle_spam_Z": 0.0,
  "p_meas_X": 0.004898049997857538,
  "p_meas_Z": 0.004898049997857538,
  "p_prep_X": 9.88088785590375e-07,
  "p_prep_Z": 9.88088785590375e-07
}