{
  "p_cnot_IX": 0.0009560244359527417,
  "p_cnot_IY": 0.0004207795906908752,
  "p_cnot_IZ": 0.0,
  "p_cnot_XI": 0.00012207020073284045,
  "p_cnot_XX": 0.0002703912045570729,
  "p_cnot_XY": 0.0006767301624905532,
  "p_cnot_XZ": 0.0001223906437398098,
  "p_cnot_YI": 0.000578451212856494,
  "p_cnot_YX": 0.0,
  "p_cnot_YY": 0.0003244022405135177,
  "p_cnot_YZ": 0.0005782548408642879,
  "p_cnot_ZI": 0.0008860404919553216,
  "p_cnot_ZX": 0.0005119001673879218,
  "p_cnot_ZY": 0.0,
  "p_cnot_ZZ": 9.994342724024204e-07,
  "p_idle_cnot_X": 0.0,
  "p_idle_cnot_Y": 0.0002938247898672083,
  "p_idle_cnot_Z": 0.0,
  "p_idle_spam_X": 0.0013310383598337547,
  "p_idle_spam_Y": 0.0014460542409064918,
  "p_idle_spam_Z": 2.3718339855175058e-05,
  "p_meas_X": 0.002127724264160434,
  "p_meas_Z": 0.002127724264160434,
  "p_prep_X": 0.001430627266564739,
  "p_prep_Z": 0.001430627266564739
}