{
  "p_cnot_IX": 0.0012053158922217528,
  "p_cnot_IY": 0.00025195778671083284,
  "p_cnot_IZ": 0.0,
  "p_cnot_XI": 0.001069694826949634,
  "p_cnot_XX": 0.0012301749323296762,
  "p_cnot_XY": 0.0,
  "p_cnot_XZ": 0.0010722664302669947,
  "p_cnot_YI": 0.0006885959518767855,
  "p_cnot_YX": 0.0006203460188923095,
  "p_cnot_YY": 0.0,
  "p_cnot_YZ": 0.0006951333069514012,
  "p_cnot_ZI": 1.421947477297202e-06,
  "p_cnot_ZX": 0.0,
  "p_cnot_ZY": 3.4368254156844625e-05,
  "p_cnot_ZZ": 0.0,
  "p_idle_cnot_X": 0.0,
  "p_idle_cnot_Y": 0.0001736012237876529,
  "p_idle_cnot_Z": 0.0,
  "p_idle_spam_X": 0.0002501965508751593,
  "p_idle_spam_Y": 0.0010352931980167192,
  "p_idle_spam_Z": 0.0,
  "p_meas_X": 0.004625581965957636,
  "p_meas_Z": 0.004625581965957636,
  "p_prep_X": 0.002471691476402339,
  "p_prep_Z": 0.002471691476402339
}