{
  "p_cnot_IX": 0.0021453371430613286,
  "p_cnot_IY": 0.0,
  "p_cnot_IZ": 0.0,
  "p_cnot_XI": 0.00014555649412080268,
  "p_cnot_XX": 0.00030239776911735643,
  "p_cnot_XY": 1.604804112540258e-05,
  "p_cnot_XZ": 0.00014434786123396678,
  "p_cnot_YI": 0.0011261731785303403,
  "p_cnot_YX": 0.000894902277859148,
  "p_cnot_YY": 0.0,
  "p_cnot_YZ": 0.0011296069008225095,
  "p_cnot_ZI": 0.0,
  "p_cnot_ZX": 0.0014401862760951394,
  "p_cnot_ZY": 0.0,
  "p_cnot_ZZ": 0.0,
  "p_idle_cnot_X": 0.0,
  "p_idle_cnot_Y": 0.0,
  "p_idle_cnot_Z": 0.0,
  "p_idle_spam_X": 0.0,
  "p_idle_spam_Y": 0.001919163212690773,
  "p_idle_spam_Z": 0.0,
  "p_meas_X": 0.004379338128679831,
  "p_meas_Z": 0.004379338128679831,
  "p_prep_X": 0.0,
  "p_prep_Z": 0.0
}