{
  "p_cnot_IX": 0.0013180814215002282,
  "p_cnot_IY": 0.0003695277533619929,
  "p_cnot_IZ": 0.0,
  "p_cnot_XI": 0.000702992167754187,
  "p_cnot_XX": 0.0001800683064920316,
  "p_cnot_XY": 0.0,
  "p_cnot_XZ": 0.0007033438448905809,
  "p_cnot_YI": 0.0008776889938146156,
  "p_cnot_YX": 0.0014104422874531776,
  "p_cnot_YY": 0.0,
  "p_cnot_YZ": 0.0008732798713514798,
  "p_cnot_ZI": 0.0,
  "p_cnot_ZX": 0.0005421534473295846,
  "p_cnot_ZY": 0.0,
  "p_cnot_ZZ": 0.0,
  "p_idle_cnot_X": 0.0,
  "p_idle_cnot_Y": 0.0,
  "p_idle_cnot_Z": 0.0,
  "p_idle_spam_X": 0.00030709847702064613,
  "p_idle_spam_Y": 0.001121078473966625,
  "p_idle_spam_Z": 0.0,
  "p_meas_X": 0.005673304442854788,
  "p_meas_Z": 0.005673304442854788,
  "p_prep_X": 0.0,
  "p_prep_Z": 0.0
}