{
  "p_cnot_IX": 0.0,
  "p_cnot_IY": 0.0,
  "p_cnot_IZ": 0.00043940858423747894,
  "p_cnot_XI": 0.00029388417227064166,
  "p_cnot_XX": 0.0002444131808675371,
  "p_cnot_XY": 0.0,
  "p_cnot_XZ": 0.00035869050951811547,
  "p_cnot_YI": 0.0,
  "p_cnot_YX": 0.0012898010492601256,
  "p_cnot_YY": 0.0,
  "p_cnot_YZ": 0.0,
  "p_cnot_ZI": 0.0,
  "p_cnot_ZX": 0.0,
  "p_cnot_ZY": 4.2749294568038114e-05,
  "p_cnot_ZZ": 0.0005629594138570459,
  "p_idle_cnot_X": 0.00012202459128990573,
  "p_idle_cnot_Y": 0.00019573681417994353,
  "p_idle_cnot_Z": 0.0,
  "p_idle_spam_X": 0.0018617880211625182,
  "p_idle_spam_Y": 0.002233088373568525,
  "p_idle_spam_Z": 0.0,
  "p_meas_X": 0.006592991827966255,
  "p_meas_Z": 0.006592991827966255,
  "p_prep_X": 0.0014900932186803313,
  "p_prep_Z": 0.0014900932186803313
}