{
  "p_cnot_IX": 0.00016562952530138904,
  "p_cnot_IY": 7.416870988235314e-05,
  "p_cnot_IZ": 5.60228490616945e-05,
  "p_cnot_XI": 4.342677089269172e-05,
  "p_cnot_XX": 0.0006221161476312462,
  "p_cnot_XY": 8.191351478341831e-08,
  "p_cnot_XZ": 4.471712789518229e-05,
  "p_cnot_YI": 0.0004040193144328721,
  "p_cnot_YX": 6.80715764829105e-06,
  "p_cnot_YY": 2.5194475787727485e-08,
  "p_cnot_YZ": 0.0004085969590750624,
  "p_cnot_ZI": 0.0009026508498423424,
  "p_cnot_ZX": 1.5171677180296972e-06,
  "p_cnot_ZY": 1.5854853135898515e-07,
  "p_cnot_ZZ": 9.94864807459158e-05,
  "p_idle_cnot_X": 6.845500325916934e-05,
  "p_idle_cnot_Y": 0.0005249722567152046,
  "p_idle_cnot_Z": 0.00010654638749430485,
  "p_idle_spam_X": 0.0018433533034063955,
  "p_idle_spam_Y": 0.000978334702341388,
  "p_idle_spam_Z": 0.0,
  "p_meas_X": 0.002157705448475158,
  "p_meas_Z": 0.002157705448475158,
  "p_prep_X": 0.0012255951465699388,
  "p_prep_Z": 0.0012255951465699388
}