{
  "p_cnot_IX": 0.002151915934679915,
  "p_cnot_IY": 0.001703995843874969,
  "p_cnot_IZ": 0.0,
  "p_cnot_XI": 0.0,
  "p_cnot_XX": 0.0,
  "p_cnot_XY": 0.0006126970600561504,
  "p_cnot_XZ": 0.0,
  "p_cnot_YI": 0.0,
  "p_cnot_YX": 0.0,
  "p_cnot_YY": 0.0,
  "p_cnot_YZ": 0.0,
  "p_cnot_ZI": 0.0010166636693174434,
  "p_cnot_ZX": 0.0,
  "p_cnot_ZY": 0.0,
  "p_cnot_ZZ": 0.0,
  "p_idle_cnot_X": 9.752264211409484e-05,
  "p_idle_cnot_Y": 0.0008355861199089655,
  "p_idle_cnot_Z": 0.0,
  "p_idle_spam_X": 0.0,
  "p_idle_spam_Y": 0.0004801925754294892,
  "p_idle_spam_Z": 0.0,
  "p_meas_X": 0.0018123652032750101,
  "p_meas_Z": 0.0018123652032750101,
  "p_prep_X": 0.00569869634578299,
  "p_prep_Z": 0.00569869634578299
}