{
  "p_cnot_IX": 0.0006683532165144586,
  "p_cnot_IY": 0.0,
  "p_cnot_IZ": 0.0,
  "p_cnot_XI": 5.5815292042267614e-05,
  "p_cnot_XX": 0.0,
  "p_cnot_XY": 5.238833168537549e-06,
  "p_cnot_XZ": 5.9521934700950694e-05,
  "p_cnot_YI": 0.00028186111337305915,
  "p_cnot_YX": 0.0,
  "p_cnot_YY": 0.0007419234733673801,
  "p_cnot_YZ": 0.00027714016994140225,
  "p_cnot_ZI": 0.0006017569158352949,
  "p_cnot_ZX": 0.0,
  "p_cnot_ZY": 0.0,
  "p_cnot_ZZ": 0.0,
  "p_idle_cnot_X": 0.00048061703989892777,
  "p_idle_cnot_Y": 0.000494333466676952,
  "p_idle_cnot_Z": 0.0,
  "p_idle_spam_X": 0.0016623107532392617,
  "p_idle_spam_Y": 0.001974109513501765,
  "p_idle_spam_Z": 0.0,
  "p_meas_X": 0.004149015617691095,
  "p_meas_Z": 0.004149015617691095,
  "p_prep_X": 0.0,
  "p_prep_Z": 0.0
}