{
  "p_cnot_IX": 0.00028550398707681123,
  "p_cnot_IY": 0.00024162550327965098,
  "p_cnot_IZ": 0.00024446456461791087,
  "p_cnot_XI": 0.00034692481322305566,
  "p_cnot_XX": 0.0001770516003725633,
  "p_cnot_XY": 0.0005817989853297631,
  "p_cnot_XZ": 0.00034536039916353676,
  "p_cnot_YI": 0.0007543888468749694,
  "p_cnot_YX": 0.0,
  "p_cnot_YY": 0.0002190941098757445,
  "p_cnot_YZ": 0.0007523184428115976,
  "p_cnot_ZI": 0.0006142889659292911,
  "p_cnot_ZX": 4.0672441171065066e-05,
  "p_cnot_ZY": 4.4528660284874145e-05,
  "p_cnot_ZZ": 0.0006739023171287925,
  "p_idle_cnot_X": 0.0004682871694617282,
  "p_idle_cnot_Y": 0.0004311849665172664,
  "p_idle_cnot_Z": 5.5577163452972355e-05,
  "p_idle_spam_X": 0.0014855054854977826,
  "p_idle_spam_Y": 0.0017249962594648408,
  "p_idle_spam_Z": 0.0013766991731686202,
  "p_meas_X": 0.0016327687828526975,
  "p_meas_Z": 0.0016327687828526975,
  "p_prep_X": 0.0015612556196316183,
  "p_prep_Z": 0.0015612556196316183
}