{
  "p_cnot_IX": 0.001773175287822739,
  "p_cnot_IY": 0.0,
  "p_cnot_IZ": 0.0,
  "p_cnot_XI": 4.033825823607583e-05,
  "p_cnot_XX": 0.0,
  "p_cnot_XY": 0.0022710453545167525,
  "p_cnot_XZ": 4.805239756969808e-05,
  "p_cnot_YI": 0.00024879790005283,
  "p_cnot_YX": 0.0,
  "p_cnot_YY": 0.00027560804478499694,
  "p_cnot_YZ": 0.00020225345438561816,
  "p_cnot_ZI": 0.0023741371601607,
  "p_cnot_ZX": 0.0,
  "p_cnot_ZY": 0.0,
  "p_cnot_ZZ": 0.0,
  "p_idle_cnot_X": 0.0,
  "p_idle_cnot_Y": 0.00040399445794790754,
  "p_idle_cnot_Z": 0.0,
  "p_idle_spam_X": 0.0,
  "p_idle_spam_Y": 0.0010103756864626302,
  "p_idle_spam_Z": 0.0,
  "p_meas_X": 0.0008215925509815179,
  "p_meas_Z": 0.0008215925509815179,
  "p_prep_X": 0.0026025524916598137,
  "p_prep_Z": 0.0026025524916598137
}