{
  "p_cnot_IX": 0.0,
  "p_cnot_IY": 1.0873378258371788e-05,
  "p_cnot_IZ": 0.0,
  "p_cnot_XI": 0.0,
  "p_cnot_XX": 0.0,
  "p_cnot_XY": 0.0,
  "p_cnot_XZ": 0.0,
  "p_cnot_YI": 0.0,
  "p_cnot_YX": 0.0,
  "p_cnot_YY": 0.0,
  "p_cnot_YZ": 0.0,
  "p_cnot_ZI": 0.0,
  "p_cnot_ZX": 0.0,
  "p_cnot_ZY": 0.0,
  "p_cnot_ZZ": 4.2534531991000687e-05,
  "p_idle_cnot_X": 0.0,
  "p_idle_cnot_Y": 0.0008832810077950861,
  "p_idle_cnot_Z": 0.0,
  "p_idle_spam_X": 0.003763875701337287,
  "p_idle_spam_Y": 0.0010802816540643925,
  "p_idle_spam_Z": 0.0,
  "p_meas_X": 0.006214107578683902,
  "p_meas_Z": 0.006214107578683902,
  "p_prep_X": 3.2310675165721834e-05,
  "p_prep_Z": 3.2310675165721834e-05
}