{
  "p_cnot_IX": 0.0,
  "p_cnot_IY": 0.0,
  "p_cnot_IZ": 0.00010899053694454738,
  "p_cnot_XI": 0.0,
  "p_cnot_XX": 0.0001522162369722847,
  "p_cnot_XY": 3.903910707632643e-07,
  "p_cnot_XZ": 0.0,
  "p_cnot_YI": 0.0005089184899383425,
  "p_cnot_YX": 0.0,
  "p_cnot_YY": 0.0,
  "p_cnot_YZ": 0.0006738516923093508,
  "p_cnot_ZI": 0.0002749862771685193,
  "p_cnot_ZX": 0.0,
  "p_cnot_ZY": 0.0,
  "p_cnot_ZZ": 0.0006509437367078934,
  "p_idle_cnot_X": 0.0015932777319148698,
  "p_idle_cnot_Y": 0.0,
  "p_idle_cnot_Z": 0.0,
  "p_idle_spam_X": 0.00016210485140758413,
  "p_idle_spam_Y": 0.0022684558127536716,
  "p_idle_spam_Z": 0.0,
  "p_meas_X": 0.0033922341175165022,
  "p_meas_Z": 0.0033922341175165022,
  "p_prep_X": 0.0,
  "p_prep_Z": 0.0
}