{
  "p_cnot_IX": 0.0,
  "p_cnot_IY": 0.0,
  "p_cnot_IZ": 0.0,
  "p_cnot_XI": 0.0,
  "p_cnot_XX": 0.0,
  "p_cnot_XY": 0.0012899015525221012,
  "p_cnot_XZ": 0.0,
  "p_cnot_YI": 0.0,
  "p_cnot_YX": 0.0,
  "p_cnot_YY": 0.0001171968837567513,
  "p_cnot_YZ": 0.0,
  "p_cnot_ZI": 0.0011466364503801962,
  "p_cnot_ZX": 0.0,
  "p_cnot_ZY": 0.0,
  "p_cnot_ZZ": 0.00045914405464819925,
  "p_idle_cnot_X": 0.0003305641561490535,
  "p_idle_cnot_Y": 0.00018629379763292978,
  "p_idle_cnot_Z": 0.0,
  "p_idle_spam_X": 0.001510839871665867,
  "p_idle_spam_Y": 0.002191884386294014,
  "p_idle_spam_Z": 0.0005289672989652021,
  "p_meas_X": 0.005143505881902641,
  "p_meas_Z": 0.005143505881902641,
  "p_prep_X": 0.0,
  "p_prep_Z": 0.0
}