{
  "p_cnot_IX": 0.0003798192575808436,
  "p_cnot_IY": 0.0,
  "p_cnot_IZ": 1.6641284880019082e-05,
  "p_cnot_XI": 0.00048398061145691316,
  "p_cnot_XX": 0.0,
  "p_cnot_XY": 0.0017045480137720343,
  "p_cnot_XZ": 0.0004533435814530088,
  "p_cnot_YI": 0.0003421259586374814,
  "p_cnot_YX": 0.0,
  "p_cnot_YY": 0.0,
  "p_cnot_YZ": 0.0003229295982400827,
  "p_cnot_ZI": 0.0010664283422757393,
  "p_cnot_ZX": 0.0,
  "p_cnot_ZY": 0.0,
  "p_cnot_ZZ": 5.181562475142668e-06,
  "p_idle_cnot_X": 0.000640737049671586,
  "p_idle_cnot_Y": 0.0004425940782660231,
  "p_idle_cnot_Z": 0.0,
  "p_idle_spam_X": 0.0002373548569018767,
  "p_idle_spam_Y": 0.0013113115683784755,
  "p_idle_spam_Z": 0.0,
  "p_meas_X": 0.004841250852164396,
  "p_meas_Z": 0.004841250852164396,
  "p_prep_X": 0.0,
  "p_prep_Z": 0.0
}