{
  "p_cnot_IX": 0.0007309337033410223,
  "p_cnot_IY": 7.298734675249787e-05,
  "p_cnot_IZ": 0.0,
  "p_cnot_XI": 0.0008535176148174166,
  "p_cnot_XX": 0.001028933302056192,
  "p_cnot_XY": 0.00018532267554562776,
  "p_cnot_XZ": 0.0008556797032908799,
  "p_cnot_YI": 0.000880430635391929,
  "p_cnot_YX": 0.0004697563778294653,
  "p_cnot_YY": 0.0,
  "p_cnot_YZ": 0.0008850918542321804,
  "p_cnot_ZI": 0.0005425653635733563,
  "p_cnot_ZX": 2.789116187822712e-05,
  "p_cnot_ZY": 0.0,
  "p_cnot_ZZ": 0.0,
  "p_idle_cnot_X": 0.0,
  "p_idle_cnot_Y": 0.0004004415510142256,
  "p_idle_cnot_Z": 3.326463076494684e-05,
  "p_idle_spam_X": 0.0004292207575396618,
  "p_idle_spam_Y": 0.0008360135417572158,
  "p_idle_spam_Z": 0.0,
  "p_meas_X": 0.002515192706309311,
  "p_meas_Z": 0.002515192706309311,
  "p_prep_X": 0.0015177399369121483,
  "p_prep_Z": 0.0015177399369121483
}