{
  "p_cnot_IX": 3.6710201293947536e-07,
  "p_cnot_IY": 3.232185043752138e-06,
  "p_cnot_IZ": 0.0,
  "p_cnot_XI": 0.00046923285620073275,
  "p_cnot_XX": 0.0,
  "p_cnot_XY": 0.0003994472838125928,
  "p_cnot_XZ": 0.0004745466823138266,
  "p_cnot_YI": 0.000732425562294856,
  "p_cnot_YX": 0.0,
  "p_cnot_YY": 0.0001901644738334178,
  "p_cnot_YZ": 0.0007413199223910081,
  "p_cnot_ZI": 0.0,
  "p_cnot_ZX": 0.0014176359452926926,
  "p_cnot_ZY": 0.0009235222721902608,
  "p_cnot_ZZ": 0.0,
  "p_idle_cnot_X": 0.0,
  "p_idle_cnot_Y": 0.0,
  "p_idle_cnot_Z": 0.0,
  "p_idle_spam_X": 0.0013103666207905237,
  "p_idle_spam_Y": 0.0018989925610591513,
  "p_idle_spam_Z": 0.0,
  "p_meas_X": 0.00746649019267946,
  "p_meas_Z": 0.00746649019267946,
  "p_prep_X": 0.0,
  "p_prep_Z": 0.0
}