{
  "p_cnot_IX": 0.0016006814330589562,
  "p_cnot_IY": 0.0,
  "p_cnot_IZ": 0.0,
  "p_cnot_XI": 0.00013747237035644018,
  "p_cnot_XX": 0.0003965928688524049,
  "p_cnot_XY": 0.0,
  "p_cnot_XZ": 0.00013144647094851498,
  "p_cnot_YI": 0.0010918463023342187,
  "p_cnot_YX": 0.000995061621367059,
  "p_cnot_YY": 0.0,
  "p_cnot_YZ": 0.0010858298080771863,
  "p_cnot_ZI": 0.0,
  "p_cnot_ZX": 0.0017793957739708753,
  "p_cnot_ZY": 0.0,
  "p_cnot_ZZ": 0.0,
  "p_idle_cnot_X": 0.0,
  "p_idle_cnot_Y": 0.0,
  "p_idle_cnot_Z": 0.0,
  "p_idle_spam_X": 0.0,
  "p_idle_spam_Y": 0.0018989335675303346,
  "p_idle_spam_Z": 0.0,
  "p_meas_X": 0.004617097967087071,
  "p_meas_Z": 0.004617097967087071,
  "p_prep_X": 0.0,
  "p_prep_Z": 0.0
}