{
  "p_cnot_IX": 0.0015371574816709233,
  "p_cnot_IY": 9.964999245526804e-05,
  "p_cnot_IZ": 0.0,
  "p_cnot_XI": 0.0004894124017221648,
  "p_cnot_XX": 0.0009004712082582027,
  "p_cnot_XY": 0.00040282287507702966,
  "p_cnot_XZ": 0.0004906964043457137,
  "p_cnot_YI": 0.0008791587597234733,
  "p_cnot_YX": 0.0006017596045176129,
  "p_cnot_YY": 0.00010492165120309008,
  "p_cnot_YZ": 0.000881697103676834,
  "p_cnot_ZI": 9.344659563284444e-05,
  "p_cnot_ZX": 0.0005092274582426647,
  "p_cnot_ZY": 0.00015753186788781932,
  "p_cnot_ZZ": 0.0,
  "p_idle_cnot_X": 0.0,
  "p_idle_cnot_Y": 0.0,
  "p_idle_cnot_Z": 0.0,
  "p_idle_spam_X": 0.0,
  "p_idle_spam_Y": 0.0010285791975958285,
  "p_idle_spam_Z": 0.0,
  "p_meas_X": 0.003811290812193384,
  "p_meas_Z": 0.003811290812193384,
  "p_prep_X": 0.0016998500467352163,
  "p_prep_Z": 0.0016998500467352163
}