{
  "p_cnot_IX": 5.590972446630992e-06,
  "p_cnot_IY": 4.004529882019805e-06,
  "p_cnot_IZ": 0.0,
  "p_cnot_XI": 0.0,
  "p_cnot_XX": 0.0,
  "p_cnot_XY": 0.0015119039413837884,
  "p_cnot_XZ": 0.0,
  "p_cnot_YI": 0.0,
  "p_cnot_YX": 0.0,
  "p_cnot_YY": 0.0002189429872085923,
  "p_cnot_YZ": 0.0,
  "p_cnot_ZI": 0.0013309816824016213,
  "p_cnot_ZX": 0.0,
  "p_cnot_ZY": 0.0,
  "p_cnot_ZZ": 0.00033903231463912727,
  "p_idle_cnot_X": 0.0003469779202850556,
  "p_idle_cnot_Y": 0.00015934627950687605,
  "p_idle_cnot_Z": 0.0,
  "p_idle_spam_X": 0.001340036736385964,
  "p_idle_spam_Y": 0.0021764870501537084,
  "p_idle_spam_Z": 5.15827233266751e-05,
  "p_meas_X": 0.0036613915703704175,
  "p_meas_Z": 0.0036613915703704175,
  "p_prep_X": 0.0017357322216513876,
  "p_prep_Z": 0.0017357322216513876
}