{
  "p_cnot_IX": 0.0,
  "p_cnot_IY": 2.7782780752889866e-05,
  "p_cnot_IZ": 0.0,
  "p_cnot_XI": 0.0,
  "p_cnot_XX": 0.0,
  "p_cnot_XY": 0.0,
  "p_cnot_XZ": 0.0,
  "p_cnot_YI": 0.0,
  "p_cnot_YX": 0.0,
  "p_cnot_YY": 0.0,
  "p_cnot_YZ": 0.0,
  "p_cnot_ZI": 0.0,
  "p_cnot_ZX": 0.0,
  "p_cnot_ZY": 0.0,
  "p_cnot_ZZ": 3.757433305967445e-05,
  "p_idle_cnot_X": 0.0,
  "p_idle_cnot_Y": 0.0008802702794590748,
  "p_idle_cnot_Z": 0.0,
  "p_idle_spam_X": 0.0037789000747752823,
  "p_idle_spam_Y": 0.0010631470286382152,
  "p_idle_spam_Z": 0.0,
  "p_meas_X": 0.006266816061205974,
  "p_meas_Z": 0.006266816061205974,
  "p_prep_X": 0.0,
  "p_prep_Z": 0.0
}