{
  "p_cnot_IX": 0.0,
  "p_cnot_IY": 0.0,
  "p_cnot_IZ": 0.0,
  "p_cnot_XI": 7.535049252831898e-05,
  "p_cnot_XX": 0.00020078244742957577,
  "p_cnot_XY": 1.4058344409005184e-05,
  "p_cnot_XZ": 0.00011819176373755385,
  "p_cnot_YI": 0.0,
  "p_cnot_YX": 0.0,
  "p_cnot_YY": 0.0,
  "p_cnot_YZ": 0.0010660130449905317,
  "p_cnot_ZI": 0.0003875212132209102,
  "p_cnot_ZX": 0.0,
  "p_cnot_ZY": 0.0,
  "p_cnot_ZZ": 0.000720419195154511,
  "p_idle_cnot_X": 0.0015049262797511285,
  "p_idle_cnot_Y": 0.0,
  "p_idle_cnot_Z": 0.0,
  "p_idle_spam_X": 0.00024368087936341363,
  "p_idle_spam_Y": 0.002256646962617112,
  "p_idle_spam_Z": 0.0,
  "p_meas_X": 0.0034490188055319717,
  "p_meas_Z": 0.0034490188055319717,
  "p_prep_X": 0.0,
  "p_prep_Z": 0.0
}