{
  "p_cnot_IX": 0.0006632569432398668,
  "p_cnot_IY": 0.0,
  "p_cnot_IZ": 0.0,
  "p_cnot_XI": 3.5926785477209264e-05,
  "p_cnot_XX": 0.0,
  "p_cnot_XY": 0.0,
  "p_cnot_XZ": 3.475858695405494e-05,
  "p_cnot_YI": 0.0003189345504230598,
  "p_cnot_YX": 0.0,
  "p_cnot_YY": 0.0007069601881959638,
  "p_cnot_YZ": 0.0003131638610635831,
  "p_cnot_ZI": 0.00046713921651470985,
  "p_cnot_ZX": 0.0,
  "p_cnot_ZY": 0.0,
  "p_cnot_ZZ": 0.0,
  "p_idle_cnot_X": 0.0005315006271934843,
  "p_idle_cnot_Y": 0.00047294514774950437,
  "p_idle_cnot_Z": 0.0,
  "p_idle_spam_X": 0.0017287422437209602,
  "p_idle_spam_Y": 0.002009629494752244,
  "p_idle_spam_Z": 0.0,
  "p_meas_X": 0.004255855626273906,
  "p_meas_Z": 0.004255855626273906,
  "p_prep_X": 0.0,
  "p_prep_Z": 0.0
}