{
  "p_cnot_IX": 0.0021483524771701945,
  "p_cnot_IY": 0.0017371560647328145,
  "p_cnot_IZ": 0.0,
  "p_cnot_XI": 0.0,
  "p_cnot_XX": 0.0,
  "p_cnot_XY": 0.0006302234459639477,
  "p_cnot_XZ": 0.0,
  "p_cnot_YI": 0.0,
  "p_cnot_YX": 0.0,
  "p_cnot_YY": 0.0,
  "p_cnot_YZ": 0.0,
  "p_cnot_ZI": 0.0010142054956829715,
  "p_cnot_ZX": 0.0,
  "p_cnot_ZY": 0.0,
  "p_cnot_ZZ": 0.0,
  "p_idle_cnot_X": 7.067020158581643e-05,
  "p_idle_cnot_Y": 0.0008262650499033829,
  "p_idle_cnot_Z": 0.0,
  "p_idle_spam_X": 0.0,
  "p_idle_spam_Y": 0.0004907934062467166,
  "p_idle_spam_Z": 0.0,
  "p_meas_X": 0.0019099327886794631,
  "p_meas_Z": 0.0019099327886794631,
  "p_prep_X": 0.005722889446942586,
  "p_prep_Z": 0.005722889446942586
}