{
  "p_cnot_IX": 0.0014243113825108697,
  "p_cnot_IY": 0.0,
  "p_cnot_IZ": 0.0,
  "p_cnot_XI": 0.00012801658325911568,
  "p_cnot_XX": 0.0,
  "p_cnot_XY": 0.0018152055870590596,
  "p_cnot_XZ": 0.00012147114293348444,
  "p_cnot_YI": 0.0005528390742958872,
  "p_cnot_YX": 0.0,
  "p_cnot_YY": 0.00048710536223279063,
  "p_cnot_YZ": 0.0005375352978289127,
  "p_cnot_ZI": 0.0018104153551248322,
  "p_cnot_ZX": 0.0002054448474120048,
  "p_cnot_ZY": 0.0,
  "p_cnot_ZZ": 0.0,
  "p_idle_cnot_X": 2.482954685262217e-05,
  "p_idle_cnot_Y": 0.00031775098920923796,
  "p_idle_cnot_Z": 2.8744529121617325e-07,
  "p_idle_spam_X": 0.0,
  "p_idle_spam_Y": 0.0010335377867832119,
  "p_idle_spam_Z": 0.000254970546559809,
  "p_meas_X": 0.0020382962393102693,
  "p_meas_Z": 0.0020382962393102693,
  "p_prep_X": 0.001869119354028376,
  "p_prep_Z": 0.001869119354028376
}