{
  "p_cnot_IX": 0.0,
  "p_cnot_IY": 0.0,
  "p_cnot_IZ": 0.00017241364188400738,
  "p_cnot_XI": 0.00014238192541581423,
  "p_cnot_XX": 0.0007041928528294444,
  "p_cnot_XY": 0.0,
  "p_cnot_XZ": 0.00015927178931727587,
  "p_cnot_YI": 8.74494222482219e-05,
  "p_cnot_YX": 0.00024291537939377685,
  "p_cnot_YY": 0.0,
  "p_cnot_YZ": 0.00019193886841064835,
  "p_cnot_ZI": 0.0004883693767473821,
  "p_cnot_ZX": 0.0,
  "p_cnot_ZY": 0.0,
  "p_cnot_ZZ": 0.00035559328245325894,
  "p_idle_cnot_X": 0.0,
  "p_idle_cnot_Y": 0.0003653434144527895,
  "p_idle_cnot_Z": 0.0,
  "p_idle_spam_X": 0.002148939733644546,
  "p_idle_spam_Y": 0.0011907343124025783,
  "p_idle_spam_Z": 0.0,
  "p_meas_X": 0.007023548544226691,
  "p_meas_Z": 0.007023548544226691,
  "p_prep_X": 0.0,
  "p_prep_Z": 0.0
}