{
  "p_cnot_IX": 0.0,
  "p_cnot_IY": 0.0,
  "p_cnot_IZ": 0.00044147340965015484,
  "p_cnot_XI": 0.0002574784230750809,
  "p_cnot_XX": 0.00029020445087191013,
  "p_cnot_XY": 0.0,
  "p_cnot_XZ": 0.00029302313712663937,
  "p_cnot_YI": 0.0,
  "p_cnot_YX": 0.0013227495174488282,
  "p_cnot_YY": 0.0,
  "p_cnot_YZ": 8.137134953957498e-09,
  "p_cnot_ZI": 0.0,
  "p_cnot_ZX": 0.0,
  "p_cnot_ZY": 4.237049775566298e-07,
  "p_cnot_ZZ": 0.0005575768950498486,
  "p_idle_cnot_X": 0.00014193111869150813,
  "p_idle_cnot_Y": 0.00019119706046742097,
  "p_idle_cnot_Z": 0.0,
  "p_idle_spam_X": 0.0018448852629413671,
  "p_idle_spam_Y": 0.0022217372751563227,
  "p_idle_spam_Z": 0.0,
  "p_meas_X": 0.006519083135214675,
  "p_meas_Z": 0.006519083135214675,
  "p_prep_X": 0.001638085876412205,
  "p_prep_Z": 0.001638085876412205
}