{
  "p_cnot_IX": 0.0002748118529798766,
  "p_cnot_IY": 0.00022387844218383656,
  "p_cnot_IZ": 0.000243221354728221,
  "p_cnot_XI": 0.00034604672736376294,
  "p_cnot_XX": 0.00016637931795446517,
  "p_cnot_XY": 0.0005652689706219059,
  "p_cnot_XZ": 0.0003444740251899638,
  "p_cnot_YI": 0.0007407774537121954,
  "p_cnot_YX": 3.7554842101417776e-06,
  "p_cnot_YY": 0.00021769228765663776,
  "p_cnot_YZ": 0.0007387393575747291,
  "p_cnot_ZI": 0.0006058727166671633,
  "p_cnot_ZX": 4.0036814789007105e-05,
  "p_cnot_ZY": 4.97662968311697e-05,
  "p_cnot_ZZ": 0.0006562359641911981,
  "p_idle_cnot_X": 0.0005021162757860022,
  "p_idle_cnot_Y": 0.0004528326379984624,
  "p_idle_cnot_Z": 4.218437006455559e-05,
  "p_idle_spam_X": 0.0014718161595863172,
  "p_idle_spam_Y": 0.0017160479007321803,
  "p_idle_spam_Z": 0.0013719897731188206,
  "p_meas_X": 0.001622927751421897,
  "p_meas_Z": 0.001622927751421897,
  "p_prep_X": 0.0015488704124654675,
  "p_prep_Z": 0.0015488704124654675
}