{
  "p_cnot_IX": 0.0011836024039646985,
  "p_cnot_IY": 0.00010010827505471766,
  "p_cnot_IZ": 0.0,
  "p_cnot_XI": 0.0,
  "p_cnot_XX": 0.0008133847072142915,
  "p_cnot_XY": 0.0005890875553403111,
  "p_cnot_XZ": 0.0,
  "p_cnot_YI": 0.0007855520811012303,
  "p_cnot_YX": 0.0005906809043510681,
  "p_cnot_YY": 0.0003655098329322378,
  "p_cnot_YZ": 0.0007890927930853457,
  "p_cnot_ZI": 0.0010658718658741958,
  "p_cnot_ZX": 0.0009773198281211421,
  "p_cnot_ZY": 0.0,
  "p_cnot_ZZ": 8.633229783059645e-05,
  "p_idle_cnot_X": 0.0,
  "p_idle_cnot_Y": 7.158559654110662e-05,
  "p_idle_cnot_Z": 0.0,
  "p_idle_spam_X": 0.0006342772735747789,
  "p_idle_spam_Y": 0.0011654784116636708,
  "p_idle_spam_Z": 8.65727579191087e-05,
  "p_meas_X": 0.0015389429260311619,
  "p_meas_Z": 0.0015389429260311619,
  "p_prep_X": 0.001145463482041619,
  "p_prep_Z": 0.001145463482041619
}