{
  "p_cnot_IX": 0.0,
  "p_cnot_IY": 0.0004536286238465294,
  "p_cnot_IZ": 0.0,
  "p_cnot_XI": 0.0009651023897049805,
  "p_cnot_XX": 0.0003144860401481999,
  "p_cnot_XY": 0.0,
  "p_cnot_XZ": 0.0009953757578289747,
  "p_cnot_YI": 0.0005689061049957891,
  "p_cnot_YX": 0.0017122275077754935,
  "p_cnot_YY": 0.0,
  "p_cnot_YZ": 0.0005650643531445086,
  "p_cnot_ZI": 0.0,
  "p_cnot_ZX": 0.00035364233406065456,
  "p_cnot_ZY": 8.725968482899398e-05,
  "p_cnot_ZZ": 0.0,
  "p_idle_cnot_X": 0.0,
  "p_idle_cnot_Y": 0.0,
  "p_idle_cnot_Z": 0.0,
  "p_idle_spam_X": 0.0005282286793610652,
  "p_idle_spam_Y": 0.0013323296858659991,
  "p_idle_spam_Z": 0.0,
  "p_meas_X": 0.008667363127957644,
  "p_meas_Z": 0.008667363127957644,
  "p_prep_X": 0.0009590578277153662,
  "p_prep_Z": 0.0009590578277153662
}