{
  "p_cnot_IX": 6.0352030513011084e-05,
  "p_cnot_IY": 1.5577757878808278e-05,
  "p_cnot_IZ": 0.0,
  "p_cnot_XI": 0.00047493826438963437,
  "p_cnot_XX": 0.0,
  "p_cnot_XY": 0.00040990033700051835,
  "p_cnot_XZ": 0.00048208585219861,
  "p_cnot_YI": 0.0007316889054857364,
  "p_cnot_YX": 0.0,
  "p_cnot_YY": 0.00018400751075837434,
  "p_cnot_YZ": 0.0007385127527472481,
  "p_cnot_ZI": 0.0,
  "p_cnot_ZX": 0.0013854715482448311,
  "p_cnot_ZY": 0.000903656331338338,
  "p_cnot_ZZ": 0.0,
  "p_idle_cnot_X": 0.0,
  "p_idle_cnot_Y": 0.0,
  "p_idle_cnot_Z": 0.0,
  "p_idle_spam_X": 0.0013005928079525793,
  "p_idle_spam_Y": 0.0019043340749174272,
  "p_idle_spam_Z": 0.0,
  "p_meas_X": 0.0073957000963238324,
  "p_meas_Z": 0.0073957000963238324,
  "p_prep_X": 0.0,
  "p_prep_Z": 0.0
}