{
  "p_cnot_IX": 0.0009026389055154284,
  "p_cnot_IY": 1.736278859653059e-05,
  "p_cnot_IZ": 0.0,
  "p_cnot_XI": 0.00036305873218289546,
  "p_cnot_XX": 0.0,
  "p_cnot_XY": 0.0013371891144036514,
  "p_cnot_XZ": 0.000359710788102957,
  "p_cnot_YI": 0.0004591459611974915,
  "p_cnot_YX": 0.0,
  "p_cnot_YY": 0.0,
  "p_cnot_YZ": 0.0004520933799648453,
  "p_cnot_ZI": 0.0010221445479986569,
  "p_cnot_ZX": 0.0,
  "p_cnot_ZY": 0.0,
  "p_cnot_ZZ": 0.0,
  "p_idle_cnot_X": 0.0006226396881576483,
  "p_idle_cnot_Y": 0.0005459138087149661,
  "p_idle_cnot_Z": 5.302775006928642e-05,
  "p_idle_spam_X": 0.0001904564340588034,
  "p_idle_spam_Y": 0.001185128522126083,
  "p_idle_spam_Z": 0.0,
  "p_meas_X": 0.0020646734195125145,
  "p_meas_Z": 0.0020646734195125145,
  "p_prep_X": 0.0010810124072822397,
  "p_prep_Z": 0.0010810124072822397
}