{
  "p_cnot_IX": 0.0015439679330036375,
  "p_cnot_IY": 0.00013923450757705836,
  "p_cnot_IZ": 0.0,
  "p_cnot_XI": 0.0007007232938082537,
  "p_cnot_XX": 0.00018650085518808236,
  "p_cnot_XY": 0.0,
  "p_cnot_XZ": 0.0007021452437918141,
  "p_cnot_YI": 0.0008758236231217346,
  "p_cnot_YX": 0.0014014364113023642,
  "p_cnot_YY": 0.0,
  "p_cnot_YZ": 0.0008763940135399531,
  "p_cnot_ZI": 0.0,
  "p_cnot_ZX": 0.0003210384927900462,
  "p_cnot_ZY": 0.00021380095183921497,
  "p_cnot_ZZ": 0.0,
  "p_idle_cnot_X": 0.0,
  "p_idle_cnot_Y": 0.0,
  "p_idle_cnot_Z": 0.0,
  "p_idle_spam_X": 0.0003009680607945877,
  "p_idle_spam_Y": 0.0011374509378356222,
  "p_idle_spam_Z": 0.0,
  "p_meas_X": 0.005722941377855348,
  "p_meas_Z": 0.005722941377855348,
  "p_prep_X": 0.0,
  "p_prep_Z": 0.0
}