{
  "p_cnot_IX": 0.0,
  "p_cnot_IY": 0.0,
  "p_cnot_IZ": 0.00013634654371063795,
  "p_cnot_XI": 0.0,
  "p_cnot_XX": 0.00018063605831316587,
  "p_cnot_XY": 3.6348893091915507e-07,
  "p_cnot_XZ": 0.0,
  "p_cnot_YI": 0.0005990877643787837,
  "p_cnot_YX": 0.0,
  "p_cnot_YY": 0.0,
  "p_cnot_YZ": 0.0006936045315112294,
  "p_cnot_ZI": 0.00030239836337719845,
  "p_cnot_ZX": 0.0,
  "p_cnot_ZY": 0.0,
  "p_cnot_ZZ": 0.0005472922672579403,
  "p_idle_cnot_X": 0.00155940022984187,
  "p_idle_cnot_Y": 0.0,
  "p_idle_cnot_Z": 0.0,
  "p_idle_spam_X": 0.0002623643548867919,
  "p_idle_spam_Y": 0.002247179695649514,
  "p_idle_spam_Z": 0.0,
  "p_meas_X": 0.0033291816006890767,
  "p_meas_Z": 0.0033291816006890767,
  "p_prep_X": 0.0,
  "p_prep_Z": 0.0
}