{
  "p_cnot_IX": 0.00034876722974597695,
  "p_cnot_IY": 0.0,
  "p_cnot_IZ": 0.0,
  "p_cnot_XI": 0.0008418950328552974,
  "p_cnot_XX": 0.0,
  "p_cnot_XY": 0.0026889601374835625,
  "p_cnot_XZ": 0.00084033833845774,
  "p_cnot_YI": 0.0010604609434560401,
  "p_cnot_YX": 0.0,
  "p_cnot_YY": 0.0,
  "p_cnot_YZ": 0.0010156736033809484,
  "p_cnot_ZI": 0.00016684330795957122,
  "p_cnot_ZX": 0.0,
  "p_cnot_ZY": 0.0,
  "p_cnot_ZZ": 2.151658377979043e-06,
  "p_idle_cnot_X": 0.0004222969198440938,
  "p_idle_cnot_Y": 0.0,
  "p_idle_cnot_Z": 0.0,
  "p_idle_spam_X": 0.0008743362471546111,
  "p_idle_spam_Y": 0.002569090339813319,
  "p_idle_spam_Z": 0.0,
  "p_meas_X": 0.005353879509364864,
  "p_meas_Z": 0.005353879509364864,
  "p_prep_X": 0.002211442588619896,
  "p_prep_Z": 0.002211442588619896
}