{
  "p_cnot_IX": 0.0,
  "p_cnot_IY": 0.0,
  "p_cnot_IZ": 0.0,
  "p_cnot_XI": 0.0,
  "p_cnot_XX": 0.0,
  "p_cnot_XY": 0.0012414477264293244,
  "p_cnot_XZ": 0.0,
  "p_cnot_YI": 0.0,
  "p_cnot_YX": 0.0,
  "p_cnot_YY": 0.00013441792808924295,
  "p_cnot_YZ": 0.0,
  "p_cnot_ZI": 0.001147027467198969,
  "p_cnot_ZX": 0.0,
  "p_cnot_ZY": 0.0,
  "p_cnot_ZZ": 0.00044891242036748885,
  "p_idle_cnot_X": 0.0003370578510907771,
  "p_idle_cnot_Y": 0.00020200958258598025,
  "p_idle_cnot_Z": 0.0,
  "p_idle_spam_X": 0.0014876333650125219,
  "p_idle_spam_Y": 0.0021812164865858737,
  "p_idle_spam_Z": 0.0005334229747410065,
  "p_meas_X": 0.005067340259058173,
  "p_meas_Z": 0.005067340259058173,
  "p_prep_X": 0.0,
  "p_prep_Z": 0.0
}