{
  "p_cnot_IX": 1.7637613328350964e-05,
  "p_cnot_IY": 0.0005658855882695181,
  "p_cnot_IZ": 0.00010341072923552808,
  "p_cnot_XI": 0.00015136351713496206,
  "p_cnot_XX": 0.0008204824009489949,
  "p_cnot_XY": 0.0,
  "p_cnot_XZ": 0.00015427792339528325,
  "p_cnot_YI": 0.0001060291653662777,
  "p_cnot_YX": 0.000276914775848041,
  "p_cnot_YY": 6.0028140872953156e-05,
  "p_cnot_YZ": 0.00010950134597217762,
  "p_cnot_ZI": 0.00046573058645952106,
  "p_cnot_ZX": 0.0,
  "p_cnot_ZY": 0.0,
  "p_cnot_ZZ": 0.0,
  "p_idle_cnot_X": 0.000297189014872992,
  "p_idle_cnot_Y": 0.00029926123266760826,
  "p_idle_cnot_Z": 0.0,
  "p_idle_spam_X": 0.001806342274070494,
  "p_idle_spam_Y": 0.0020019906603730465,
  "p_idle_spam_Z": 0.0,
  "p_meas_X": 0.004165437281711063,
  "p_meas_Z": 0.004165437281711063,
  "p_prep_X": 0.00256895010487227,
  "p_prep_Z": 0.00256895010487227
}