{
  "p_cnot_IX": 0.00018831079666840889,
  "p_cnot_IY": 1.8597455368778288e-07,
  "p_cnot_IZ": 3.130420614264455e-07,
  "p_cnot_XI": 1.4496316447921507e-07,
  "p_cnot_XX": 0.0006419030964956763,
  "p_cnot_XY": 0.0,
  "p_cnot_XZ": 1.616265713262234e-07,
  "p_cnot_YI": 0.00036716562027533037,
  "p_cnot_YX": 0.0,
  "p_cnot_YY": 0.0,
  "p_cnot_YZ": 0.0003728711200511894,
  "p_cnot_ZI": 0.0011020735925325628,
  "p_cnot_ZX": 0.0,
  "p_cnot_ZY": 0.0,
  "p_cnot_ZZ": 6.880531434815428e-06,
  "p_idle_cnot_X": 0.0,
  "p_idle_cnot_Y": 0.0004938020747684126,
  "p_idle_cnot_Z": 0.00019600815618016037,
  "p_idle_spam_X": 0.0020474955054217464,
  "p_idle_spam_Y": 0.0010130450652934362,
  "p_idle_spam_Z": 0.0,
  "p_meas_X": 0.002257915383365962,
  "p_meas_Z": 0.002257915383365962,
  "p_prep_X": 0.001206102112753937,
  "p_prep_Z": 0.001206102112753937
}