{
  "p_cnot_IX": 0.0,
  "p_cnot_IY": 0.0,
  "p_cnot_IZ": 0.0,
  "p_cnot_XI": 0.0,
  "p_cnot_XX": 0.0,
  "p_cnot_XY": 0.0,
  "p_cnot_XZ": 0.0,
  "p_cnot_YI": 0.0,
  "p_cnot_YX": 0.0,
  "p_cnot_YY": 0.0,
  "p_cnot_YZ": 0.0,
  "p_cnot_ZI": 0.000637427254486065,
  "p_cnot_ZX": 0.0,
  "p_cnot_ZY": 0.0,
  "p_cnot_ZZ": 0.0,
  "p_idle_cnot_X": 0.0,
  "p_idle_cnot_Y": 0.0009235127748734222,
  "p_idle_cnot_Z": 7.520246209794447e-05,
  "p_idle_spam_X": 0.0030706264119137482,
  "p_idle_spam_Y": 0.001105936521105114,
  "p_idle_spam_Z": 0.0,
  "p_meas_X": 0.0025314681750212824,
  "p_meas_Z": 0.0025314681750212824,
  "p_prep_X": 0.001722107208098801,
  "p_prep_Z": 0.001722107208098801
}