{
  "p_cnot_IX": 0.0006938470791543162,
  "p_cnot_IY": 0.0,
  "p_cnot_IZ": 0.0,
  "p_cnot_XI": 3.1853647461706565e-05,
  "p_cnot_XX": 0.0,
  "p_cnot_XY": 0.0,
  "p_cnot_XZ": 3.1143949294242074e-05,
  "p_cnot_YI": 0.00032088374735474693,
  "p_cnot_YX": 0.0,
  "p_cnot_YY": 0.0007032503880588917,
  "p_cnot_YZ": 0.0003169077066726577,
  "p_cnot_ZI": 0.0004852719742119445,
  "p_cnot_ZX": 0.0,
  "p_cnot_ZY": 0.0,
  "p_cnot_ZZ": 0.0,
  "p_idle_cnot_X": 0.0005178410166967234,
  "p_idle_cnot_Y": 0.0004784039477215678,
  "p_idle_cnot_Z": 0.0,
  "p_idle_spam_X": 0.001716161612037146,
  "p_idle_spam_Y": 0.0019855566751654664,
  "p_idle_spam_Z": 0.0,
  "p_meas_X": 0.004218607111987883,
  "p_meas_Z": 0.004218607111987883,
  "p_prep_X": 0.0,
  "p_prep_Z": 0.0
}