{
  "p_cnot_IX": 0.001604264030379115,
  "p_cnot_IY": 0.0015888126466862753,
  "p_cnot_IZ": 0.0,
  "p_cnot_XI": 0.0,
  "p_cnot_XX": 0.0,
  "p_cnot_XY": 0.000855564254493873,
  "p_cnot_XZ": 0.0,
  "p_cnot_YI": 4.107371005184244e-06,
  "p_cnot_YX": 0.0,
  "p_cnot_YY": 0.0,
  "p_cnot_YZ": 0.0,
  "p_cnot_ZI": 0.0018908780281400902,
  "p_cnot_ZX": 0.0,
  "p_cnot_ZY": 0.0,
  "p_cnot_ZZ": 2.8021902529993196e-05,
  "p_idle_cnot_X": 0.0,
  "p_idle_cnot_Y": 0.0008948189246307842,
  "p_idle_cnot_Z": 0.00018867439515110143,
  "p_idle_spam_X": 0.0,
  "p_idle_spam_Y": 0.0004967007173631004,
  "p_idle_spam_Z": 0.0,
  "p_meas_X": 0.0017167595145692806,
  "p_meas_Z": 0.0017167595145692806,
  "p_prep_X": 0.0016735325738759656,
  "p_prep_Z": 0.0016735325738759656
}