{
  "p_cnot_IX": 0.0017313901650800683,
  "p_cnot_IY": 0.0,
  "p_cnot_IZ": 0.0,
  "p_cnot_XI": 0.0,
  "p_cnot_XX": 0.0,
  "p_cnot_XY": 0.0023317866658173897,
  "p_cnot_XZ": 0.0,
  "p_cnot_YI": 0.0002517522313711972,
  "p_cnot_YX": 0.0,
  "p_cnot_YY": 0.00027947159172832296,
  "p_cnot_YZ": 0.00020758886208075957,
  "p_cnot_ZI": 0.002390627842604951,
  "p_cnot_ZX": 0.0,
  "p_cnot_ZY": 0.0,
  "p_cnot_ZZ": 0.0,
  "p_idle_cnot_X": 0.0,
  "p_idle_cnot_Y": 0.0004114826321259646,
  "p_idle_cnot_Z": 0.0,
  "p_idle_spam_X": 0.0,
  "p_idle_spam_Y": 0.000977986610366839,
  "p_idle_spam_Z": 0.0,
  "p_meas_X": 0.0007465705350546277,
  "p_meas_Z": 0.0007465705350546277,
  "p_prep_X": 0.002637193008787577,
  "p_prep_Z": 0.002637193008787577
}