{
  "p_cnot_IX": 0.0005070039920071034,
  "p_cnot_IY": 0.0,
  "p_cnot_IZ": 3.1351028038642987e-05,
  "p_cnot_XI": 0.00039079637436660044,
  "p_cnot_XX": 0.0,
  "p_cnot_XY": 0.0016102711400469705,
  "p_cnot_XZ": 0.0003769888929994428,
  "p_cnot_YI": 0.0004369767273534677,
  "p_cnot_YX": 0.0,
  "p_cnot_YY": 0.0,
  "p_cnot_YZ": 0.00040376085791131325,
  "p_cnot_ZI": 0.0007871578141317042,
  "p_cnot_ZX": 0.0,
  "p_cnot_ZY": 0.0,
  "p_cnot_ZZ": 0.0,
  "p_idle_cnot_X": 0.0007271170970409273,
  "p_idle_cnot_Y": 0.00039026513193942243,
  "p_idle_cnot_Z": 0.0,
  "p_idle_spam_X": 0.00020182395417091116,
  "p_idle_spam_Y": 0.001350984361203361,
  "p_idle_spam_Z": 2.7309315019007553e-07,
  "p_meas_X": 0.004993794607221472,
  "p_meas_Z": 0.004993794607221472,
  "p_prep_X": 0.00035518706155149104,
  "p_prep_Z": 0.00035518706155149104
}