{
  "p_cnot_IX": 4.8287787970327876e-05,
  "p_cnot_IY": 2.3231756501708213e-08,
  "p_cnot_IZ": 0.0,
  "p_cnot_XI": 0.00048421522400849266,
  "p_cnot_XX": 0.0,
  "p_cnot_XY": 0.00039408053972164216,
  "p_cnot_XZ": 0.0004900103781084938,
  "p_cnot_YI": 0.0007412096357481816,
  "p_cnot_YX": 0.0,
  "p_cnot_YY": 0.00018191057339458512,
  "p_cnot_YZ": 0.0007476414141089664,
  "p_cnot_ZI": 0.0,
  "p_cnot_ZX": 0.001377609363068958,
  "p_cnot_ZY": 0.0009300727282487722,
  "p_cnot_ZZ": 0.0,
  "p_idle_cnot_X": 0.0,
  "p_idle_cnot_Y": 0.0,
  "p_idle_cnot_Z": 0.0,
  "p_idle_spam_X": 0.0012970936720453701,
  "p_idle_spam_Y": 0.001891296495476183,
  "p_idle_spam_Z": 0.0,
  "p_meas_X": 0.007386934448787448,
  "p_meas_Z": 0.007386934448787448,
  "p_prep_X": 0.0,
  "p_prep_Z": 0.0
}