{
  "p_cnot_IX": 0.0010687310626097267,
  "p_cnot_IY": 0.00021118117108740903,
  "p_cnot_IZ": 0.0,
  "p_cnot_XI": 0.0,
  "p_cnot_XX": 0.000785530002997257,
  "p_cnot_XY": 0.0005996946446674138,
  "p_cnot_XZ": 0.0,
  "p_cnot_YI": 0.0008307943359364073,
  "p_cnot_YX": 0.0005715381665077118,
  "p_cnot_YY": 0.0003849388935679287,
  "p_cnot_YZ": 0.0008337012846663462,
  "p_cnot_ZI": 0.0010358827339320268,
  "p_cnot_ZX": 0.0008725670853979386,
  "p_cnot_ZY": 3.462517264614569e-05,
  "p_cnot_ZZ": 0.00028649164408288755,
  "p_idle_cnot_X": 0.0,
  "p_idle_cnot_Y": 0.0,
  "p_idle_cnot_Z": 1.3985191613975818e-05,
  "p_idle_spam_X": 0.000645987889175614,
  "p_idle_spam_Y": 0.0010197252800257036,
  "p_idle_spam_Z": 0.00017556523719894444,
  "p_meas_X": 0.001394981341482639,
  "p_meas_Z": 0.001394981341482639,
  "p_prep_X": 0.001072879772108528,
  "p_prep_Z": 0.001072879772108528
}