{
  "p_cnot_IX": 0.0,
  "p_cnot_IY": 0.00043664744059011113,
  "p_cnot_IZ": 0.0,
  "p_cnot_XI": 0.0009529410640287344,
  "p_cnot_XX": 0.00032245946359182355,
  "p_cnot_XY": 0.0,
  "p_cnot_XZ": 0.0009865904449021592,
  "p_cnot_YI": 0.0005846498706570683,
  "p_cnot_YX": 0.0016954666837928599,
  "p_cnot_YY": 0.0,
  "p_cnot_YZ": 0.0005800465187159146,
  "p_cnot_ZI": 0.0,
  "p_cnot_ZX": 0.00042403226781536214,
  "p_cnot_ZY": 6.561676616896447e-05,
  "p_cnot_ZZ": 0.0,
  "p_idle_cnot_X": 0.0,
  "p_idle_cnot_Y": 0.0,
  "p_idle_cnot_Z": 0.0,
  "p_idle_spam_X": 0.0005234340325936854,
  "p_idle_spam_Y": 0.0013437424142618065,
  "p_idle_spam_Z": 0.0,
  "p_meas_X": 0.008740011369280803,
  "p_meas_Z": 0.008740011369280803,
  "p_prep_X": 0.0007647916895856188,
  "p_prep_Z": 0.0007647916895856188
}