{
  "p_cnot_IX": 0.0014975892982482643,
  "p_cnot_IY": 0.00022724763799289685,
  "p_cnot_IZ": 0.0,
  "p_cnot_XI": 0.0006989407564174327,
  "p_cnot_XX": 0.00019437341605454988,
  "p_cnot_XY": 0.0,
  "p_cnot_XZ": 0.0006995708744524583,
  "p_cnot_YI": 0.0008812770355073943,
  "p_cnot_YX": 0.0013883188674642343,
  "p_cnot_YY": 0.0,
  "p_cnot_YZ": 0.000881829404065252,
  "p_cnot_ZI": 0.0,
  "p_cnot_ZX": 0.00040463603713330684,
  "p_cnot_ZY": 0.00012596739542508522,
  "p_cnot_ZZ": 0.0,
  "p_idle_cnot_X": 0.0,
  "p_idle_cnot_Y": 0.0,
  "p_idle_cnot_Z": 0.0,
  "p_idle_spam_X": 0.00028982359147735855,
  "p_idle_spam_Y": 0.0011290231694993812,
  "p_idle_spam_Z": 0.0,
  "p_meas_X": 0.005644778349496524,
  "p_meas_Z": 0.005644778349496524,
  "p_prep_X": 0.0,
  "p_prep_Z": 0.0
}