{
  "p_cnot_IX": 0.0015241812638611245,
  "p_cnot_IY": 0.0001368379814977194,
  "p_cnot_IZ": 0.0,
  "p_cnot_XI": 0.0007011960827941016,
  "p_cnot_XX": 0.00019712255521126362,
  "p_cnot_XY": 0.0,
  "p_cnot_XZ": 0.0007009105850854922,
  "p_cnot_YI": 0.000878288751799986,
  "p_cnot_YX": 0.0013955222294540657,
  "p_cnot_YY": 0.0,
  "p_cnot_YZ": 0.0008768533550673674,
  "p_cnot_ZI": 0.0,
  "p_cnot_ZX": 0.00034259377440436087,
  "p_cnot_ZY": 0.00011356951484282078,
  "p_cnot_ZZ": 0.0,
  "p_idle_cnot_X": 0.0,
  "p_idle_cnot_Y": 0.0,
  "p_idle_cnot_Z": 0.0,
  "p_idle_spam_X": 0.0002991820005941725,
  "p_idle_spam_Y": 0.001124705770859848,
  "p_idle_spam_Z": 0.0,
  "p_meas_X": 0.005667828766076795,
  "p_meas_Z": 0.005667828766076795,
  "p_prep_X": 0.0,
  "p_prep_Z": 0.0
}