{
  "p_cnot_IX": 0.0,
  "p_cnot_IY": 2.7456942006297466e-05,
  "p_cnot_IZ": 0.0,
  "p_cnot_XI": 0.0,
  "p_cnot_XX": 0.0,
  "p_cnot_XY": 0.0,
  "p_cnot_XZ": 0.0,
  "p_cnot_YI": 0.0,
  "p_cnot_YX": 0.0,
  "p_cnot_YY": 0.0,
  "p_cnot_YZ": 0.0,
  "p_cnot_ZI": 0.0,
  "p_cnot_ZX": 0.0,
  "p_cnot_ZY": 0.0,
  "p_cnot_ZZ": 3.4955247811102286e-05,
  "p_idle_cnot_X": 0.0,
  "p_idle_cnot_Y": 0.0008836453003174694,
  "p_idle_cnot_Z": 0.0,
  "p_idle_spam_X": 0.0037692326120856517,
  "p_idle_spam_Y": 0.0010601864646655286,
  "p_idle_spam_Z": 0.0,
  "p_meas_X": 0.006117446592814036,
  "p_meas_Z": 0.006117446592814036,
  "p_prep_X": 0.0001230779151765339,
  "p_prep_Z": 0.0001230779151765339
}