{
  "p_cnot_IX": 0.0,
  "p_cnot_IY": 0.0,
  "p_cnot_IZ": 0.0004263461774997838,
  "p_cnot_XI": 0.0002848103875924254,
  "p_cnot_XX": 0.0002510036210076523,
  "p_cnot_XY": 0.0,
  "p_cnot_XZ": 0.00035825364163339637,
  "p_cnot_YI": 0.0,
  "p_cnot_YX": 0.0012894945225217567,
  "p_cnot_YY": 0.0,
  "p_cnot_YZ": 0.0,
  "p_cnot_ZI": 0.0,
  "p_cnot_ZX": 0.0,
  "p_cnot_ZY": 7.410691084481294e-05,
  "p_cnot_ZZ": 0.0005444101644022052,
  "p_idle_cnot_X": 0.00010349023638089889,
  "p_idle_cnot_Y": 0.00019461177054723076,
  "p_idle_cnot_Z": 0.0,
  "p_idle_spam_X": 0.0018816205437789573,
  "p_idle_spam_Y": 0.002220947765047723,
  "p_idle_spam_Z": 0.0,
  "p_meas_X": 0.006634381032582281,
  "p_meas_Z": 0.006634381032582281,
  "p_prep_X": 0.001571117181919476,
  "p_prep_Z": 0.001571117181919476
}