{
  "p_cnot_IX": 0.0,
  "p_cnot_IY": 0.0,
  "p_cnot_IZ": 6.136414056665312e-05,
  "p_cnot_XI": 0.0,
  "p_cnot_XX": 0.0002089715706935699,
  "p_cnot_XY": 8.458170052473618e-06,
  "p_cnot_XZ": 0.00012589157466209213,
  "p_cnot_YI": 0.0,
  "p_cnot_YX": 0.0,
  "p_cnot_YY": 0.0,
  "p_cnot_YZ": 0.001116577640016853,
  "p_cnot_ZI": 0.0003559677747889493,
  "p_cnot_ZX": 0.0,
  "p_cnot_ZY": 0.0,
  "p_cnot_ZZ": 0.0006715390436913249,
  "p_idle_cnot_X": 0.0015079710576688084,
  "p_idle_cnot_Y": 0.0,
  "p_idle_cnot_Z": 0.0,
  "p_idle_spam_X": 0.00023067954295953976,
  "p_idle_spam_Y": 0.0022836964639720747,
  "p_idle_spam_Z": 0.0,
  "p_meas_X": 0.00346865838334064,
  "p_meas_Z": 0.00346865838334064,
  "p_prep_X": 0.0,
  "p_prep_Z": 0.0
}