{
  "p_cnot_IX": 0.002477431193619445,
  "p_cnot_IY": 0.0016816312812527533,
  "p_cnot_IZ": 0.0,
  "p_cnot_XI": 0.0,
  "p_cnot_XX": 0.0,
  "p_cnot_XY": 0.0005663496988208313,
  "p_cnot_XZ": 0.0,
  "p_cnot_YI": 5.442693609376554e-06,
  "p_cnot_YX": 0.0,
  "p_cnot_YY": 0.0,
  "p_cnot_YZ": 5.361117645106552e-06,
  "p_cnot_ZI": 0.0009440945969705905,
  "p_cnot_ZX": 0.0,
  "p_cnot_ZY": 1.161215089753843e-05,
  "p_cnot_ZZ": 0.0,
  "p_idle_cnot_X": 0.0,
  "p_idle_cnot_Y": 0.0008564128182068538,
  "p_idle_cnot_Z": 0.0,
  "p_idle_spam_X": 0.0,
  "p_idle_spam_Y": 0.0004906229157833529,
  "p_idle_spam_Z": 0.0,
  "p_meas_X": 0.00296642945008959,
  "p_meas_Z": 0.00296642945008959,
  "p_prep_X": 0.004565699484156308,
  "p_prep_Z": 0.004565699484156308
}