{
  "p_cnot_IX": 0.0,
  "p_cnot_IY": 8.643093295956213e-05,
  "p_cnot_IZ": 1.2601235664259437e-07,
  "p_cnot_XI": 0.0,
  "p_cnot_XX": 0.0,
  "p_cnot_XY": 0.0014109067604252616,
  "p_cnot_XZ": 0.0,
  "p_cnot_YI": 0.0,
  "p_cnot_YX": 0.0,
  "p_cnot_YY": 4.670313930300953e-05,
  "p_cnot_YZ": 2.705618388952583e-06,
  "p_cnot_ZI": 0.0011272108281059254,
  "p_cnot_ZX": 0.0,
  "p_cnot_ZY": 4.323213856571573e-05,
  "p_cnot_ZZ": 0.0003817954752288893,
  "p_idle_cnot_X": 0.0003876797155877149,
  "p_idle_cnot_Y": 0.00020592834838455582,
  "p_idle_cnot_Z": 0.0,
  "p_idle_spam_X": 0.0013624330881001265,
  "p_idle_spam_Y": 0.002053437404235259,
  "p_idle_spam_Z": 0.00025016010824883576,
  "p_meas_X": 0.0034727864778462607,
  "p_meas_Z": 0.0034727864778462607,
  "p_prep_X": 0.0018318014068830935,
  "p_prep_Z": 0.0018318014068830935
}