{
  "p_cnot_IX": 0.0006121422930819159,
  "p_cnot_IY": 0.0,
  "p_cnot_IZ": 0.0,
  "p_cnot_XI": 0.0008699488307626945,
  "p_cnot_XX": 0.0,
  "p_cnot_XY": 0.0025199050837686624,
  "p_cnot_XZ": 0.0008961715223092216,
  "p_cnot_YI": 0.0011707380602954851,
  "p_cnot_YX": 0.0,
  "p_cnot_YY": 0.0,
  "p_cnot_YZ": 0.0010885813424220355,
  "p_cnot_ZI": 0.00011064983622057025,
  "p_cnot_ZX": 0.0,
  "p_cnot_ZY": 0.0,
  "p_cnot_ZZ": 0.0,
  "p_idle_cnot_X": 0.00032793940767595004,
  "p_idle_cnot_Y": 0.0,
  "p_idle_cnot_Z": 0.0,
  "p_idle_spam_X": 0.000938951399168275,
  "p_idle_spam_Y": 0.002539720875115309,
  "p_idle_spam_Z": 0.0,
  "p_meas_X": 0.005648227098547597,
  "p_meas_Z": 0.005648227098547597,
  "p_prep_X": 0.0018325720634876485,
  "p_prep_Z": 0.0018325720634876485
}