{
  "p_cnot_IX": 0.0006601541259520632,
  "p_cnot_IY": 0.0,
  "p_cnot_IZ": 0.0,
  "p_cnot_XI": 1.0789287396872696e-05,
  "p_cnot_XX": 0.0,
  "p_cnot_XY": 0.0003893243206409435,
  "p_cnot_XZ": 1.0792401271021908e-05,
  "p_cnot_YI": 0.00021480604496276428,
  "p_cnot_YX": 0.0,
  "p_cnot_YY": 0.0006282468895132856,
  "p_cnot_YZ": 0.00021036887964544403,
  "p_cnot_ZI": 0.0008017362632899179,
  "p_cnot_ZX": 0.0,
  "p_cnot_ZY": 0.0,
  "p_cnot_ZZ": 0.0,
  "p_idle_cnot_X": 0.00039837218698133734,
  "p_idle_cnot_Y": 0.0005274363408723023,
  "p_idle_cnot_Z": 2.0446741185067997e-06,
  "p_idle_spam_X": 0.00154881654909069,
  "p_idle_spam_Y": 0.0018505091063680597,
  "p_idle_spam_Z": 0.0,
  "p_meas_X": 0.0035258363009379205,
  "p_meas_Z": 0.0035258363009379205,
  "p_prep_X": 0.00038927542252242077,
  "p_prep_Z": 0.00038927542252242077
}