{
  "p_cnot_IX": 0.0013162352594183213,
  "p_cnot_IY": 1.9250921599751676e-05,
  "p_cnot_IZ": 6.700133560704277e-07,
  "p_cnot_XI": 0.00013783505518281033,
  "p_cnot_XX": 0.0,
  "p_cnot_XY": 0.0016643220875275037,
  "p_cnot_XZ": 0.00013164607605424135,
  "p_cnot_YI": 0.0006104526614208093,
  "p_cnot_YX": 0.0,
  "p_cnot_YY": 0.0004123906506705013,
  "p_cnot_YZ": 0.0005968453423345159,
  "p_cnot_ZI": 0.0017236551947748884,
  "p_cnot_ZX": 9.998330334677708e-05,
  "p_cnot_ZY": 0.0,
  "p_cnot_ZZ": 0.0,
  "p_idle_cnot_X": 4.5213514244319364e-05,
  "p_idle_cnot_Y": 0.00033742117711721957,
  "p_idle_cnot_Z": 0.0,
  "p_idle_spam_X": 0.0,
  "p_idle_spam_Y": 0.0011496839353950647,
  "p_idle_spam_Z": 0.0003595877282615334,
  "p_meas_X": 0.0019684873062852516,
  "p_meas_Z": 0.0019684873062852516,
  "p_prep_X": 0.0017764211830531148,
  "p_prep_Z": 0.0017764211830531148
}