{
  "p_cnot_IX": 0.0001999456128426001,
  "p_cnot_IY": 0.0,
  "p_cnot_IZ": 0.0,
  "p_cnot_XI": 0.0,
  "p_cnot_XX": 0.0009049963860145953,
  "p_cnot_XY": 0.0,
  "p_cnot_XZ": 0.0,
  "p_cnot_YI": 0.00032063317437138025,
  "p_cnot_YX": 0.0,
  "p_cnot_YY": 0.0,
  "p_cnot_YZ": 0.000326709495387332,
  "p_cnot_ZI": 0.0009056010478069353,
  "p_cnot_ZX": 0.0,
  "p_cnot_ZY": 0.0,
  "p_cnot_ZZ": 0.0,
  "p_idle_cnot_X": 3.674948483250271e-05,
  "p_idle_cnot_Y": 0.0005846751390157492,
  "p_idle_cnot_Z": 0.0,
  "p_idle_spam_X": 0.002100919320896154,
  "p_idle_spam_Y": 0.0008496758698223369,
  "p_idle_spam_Z": 0.0,
  "p_meas_X": 0.0028425346355627035,
  "p_meas_Z": 0.0028425346355627035,
  "p_prep_X": 0.0014833536543628944,
  "p_prep_Z": 0.0014833536543628944
}