{
  "p_cnot_IX": 0.0008468423129695399,
  "p_cnot_IY": 0.0,
  "p_cnot_IZ": 0.0,
  "p_cnot_XI": 0.0005264628518939085,
  "p_cnot_XX": 0.0,
  "p_cnot_XY": 0.0,
  "p_cnot_XZ": 0.0005323861715512699,
  "p_cnot_YI": 0.000771424469616403,
  "p_cnot_YX": 0.0,
  "p_cnot_YY": 0.00035461572110746315,
  "p_cnot_YZ": 0.0007746038122787764,
  "p_cnot_ZI": 0.0,
  "p_cnot_ZX": 0.0007813758110060407,
  "p_cnot_ZY": 0.0010011141809600354,
  "p_cnot_ZZ": 0.0,
  "p_idle_cnot_X": 0.0,
  "p_idle_cnot_Y": 0.0,
  "p_idle_cnot_Z": 0.0,
  "p_idle_spam_X": 0.0011177037008413672,
  "p_idle_spam_Y": 0.001869077247461433,
  "p_idle_spam_Z": 0.0,
  "p_meas_X": 0.00737408443113635,
  "p_meas_Z": 0.00737408443113635,
  "p_prep_X": 7.068629049655233e-06,
  "p_prep_Z": 7.068629049655233e-06
}