{
  "p_cnot_IX": 0.0004252182407649149,
  "p_cnot_IY": 0.0,
  "p_cnot_IZ": 2.7088711805817602e-05,
  "p_cnot_XI": 0.0004352606641428895,
  "p_cnot_XX": 0.0,
  "p_cnot_XY": 0.001702052866922527,
  "p_cnot_XZ": 0.0003933782325222999,
  "p_cnot_YI": 0.0003709761070509362,
  "p_cnot_YX": 0.0,
  "p_cnot_YY": 0.0,
  "p_cnot_YZ": 0.00036230416911650946,
  "p_cnot_ZI": 0.0009738923406569725,
  "p_cnot_ZX": 0.0,
  "p_cnot_ZY": 0.0,
  "p_cnot_ZZ": 7.92040542598526e-06,
  "p_idle_cnot_X": 0.0006692045468129513,
  "p_idle_cnot_Y": 0.00041485419548640423,
  "p_idle_cnot_Z": 0.0,
  "p_idle_spam_X": 0.00020583265550572783,
  "p_idle_spam_Y": 0.0013317005174623075,
  "p_idle_spam_Z": 0.0,
  "p_meas_X": 0.004789384403737015,
  "p_meas_Z": 0.004789384403737015,
  "p_prep_X": 0.00028385096684853986,
  "p_prep_Z": 0.00028385096684853986
}