{
  "p_cnot_IX": 0.0,
  "p_cnot_IY": 0.0004363858553727746,
  "p_cnot_IZ": 0.0,
  "p_cnot_XI": 0.0009574573104030392,
  "p_cnot_XX": 0.00035003132114103195,
  "p_cnot_XY": 0.0,
  "p_cnot_XZ": 0.0009908359541114275,
  "p_cnot_YI": 0.0005708275313898134,
  "p_cnot_YX": 0.0016857001028102478,
  "p_cnot_YY": 0.0,
  "p_cnot_YZ": 0.0005685040721621331,
  "p_cnot_ZI": 0.0,
  "p_cnot_ZX": 0.0003867395623977555,
  "p_cnot_ZY": 7.378085667335305e-05,
  "p_cnot_ZZ": 0.0,
  "p_idle_cnot_X": 0.0,
  "p_idle_cnot_Y": 0.0,
  "p_idle_cnot_Z": 0.0,
  "p_idle_spam_X": 0.0005261389298641163,
  "p_idle_spam_Y": 0.0013368500726979357,
  "p_idle_spam_Z": 0.0,
  "p_meas_X": 0.008736421304569624,
  "p_meas_Z": 0.008736421304569624,
  "p_prep_X": 0.0008725111157466513,
  "p_prep_Z": 0.0008725111157466513
}