{
  "p_cnot_IX": 0.0016269456254331567,
  "p_cnot_IY": 0.0,
  "p_cnot_IZ": 0.0,
  "p_cnot_XI": 0.0001295517624495213,
  "p_cnot_XX": 0.00040039093134550113,
  "p_cnot_XY": 0.0,
  "p_cnot_XZ": 0.00012383570412467578,
  "p_cnot_YI": 0.0010960797917203124,
  "p_cnot_YX": 0.000976882442247545,
  "p_cnot_YY": 0.0,
  "p_cnot_YZ": 0.0010901670239211083,
  "p_cnot_ZI": 0.0,
  "p_cnot_ZX": 0.0017751227087584058,
  "p_cnot_ZY": 0.0,
  "p_cnot_ZZ": 0.0,
  "p_idle_cnot_X": 0.0,
  "p_idle_cnot_Y": 0.0,
  "p_idle_cnot_Z": 0.0,
  "p_idle_spam_X": 0.0,
  "p_idle_spam_Y": 0.001895984610771407,
  "p_idle_spam_Z": 0.0,
  "p_meas_X": 0.004621263772192893,
  "p_meas_Z": 0.004621263772192893,
  "p_prep_X": 0.0,
  "p_prep_Z": 0.0
}