{
  "p_cnot_IX": 0.0016651934551460117,
  "p_cnot_IY": 7.237296348258694e-05,
  "p_cnot_IZ": 0.0,
  "p_cnot_XI": 0.0006952401870682186,
  "p_cnot_XX": 0.0001739529704906835,
  "p_cnot_XY": 0.0,
  "p_cnot_XZ": 0.0006965625941006829,
  "p_cnot_YI": 0.0008825044455577603,
  "p_cnot_YX": 0.0014359849047851933,
  "p_cnot_YY": 0.0,
  "p_cnot_YZ": 0.0008830127766986874,
  "p_cnot_ZI": 0.0,
  "p_cnot_ZX": 0.00020112838533082813,
  "p_cnot_ZY": 0.00026170344064056273,
  "p_cnot_ZZ": 0.0,
  "p_idle_cnot_X": 0.0,
  "p_idle_cnot_Y": 0.0,
  "p_idle_cnot_Z": 0.0,
  "p_idle_spam_X": 0.0003042819650461128,
  "p_idle_spam_Y": 0.0011310497512899713,
  "p_idle_spam_Z": 0.0,
  "p_meas_X": 0.005667749325471194,
  "p_meas_Z": 0.005667749325471194,
  "p_prep_X": 0.0,
  "p_prep_Z": 0.0
}