{
  "p_cnot_IX": 0.0018385636861816108,
  "p_cnot_IY": 0.0,
  "p_cnot_IZ": 0.0,
  "p_cnot_XI": 0.0,
  "p_cnot_XX": 0.0,
  "p_cnot_XY": 0.0022859389551674364,
  "p_cnot_XZ": 0.0,
  "p_cnot_YI": 0.00027861308856117633,
  "p_cnot_YX": 0.0,
  "p_cnot_YY": 0.00026579691260261446,
  "p_cnot_YZ": 0.0002336044472584723,
  "p_cnot_ZI": 0.0023442290751111913,
  "p_cnot_ZX": 0.0,
  "p_cnot_ZY": 0.0,
  "p_cnot_ZZ": 0.0,
  "p_idle_cnot_X": 0.0,
  "p_idle_cnot_Y": 0.0003943944256417721,
  "p_idle_cnot_Z": 0.0,
  "p_idle_spam_X": 0.0,
  "p_idle_spam_Y": 0.0009919073290673942,
  "p_idle_spam_Z": 0.0,
  "p_meas_X": 0.0007052367792365564,
  "p_meas_Z": 0.0007052367792365564,
  "p_prep_X": 0.0027226602855006275,
  "p_prep_Z": 0.0027226602855006275
}