{
  "p_cnot_IX": 0.0006525832732630392,
  "p_cnot_IY": 0.0,
  "p_cnot_IZ": 0.0,
  "p_cnot_XI": 2.8927635009975708e-08,
  "p_cnot_XX": 0.0,
  "p_cnot_XY": 3.7338217907787894e-06,
  "p_cnot_XZ": 0.0,
  "p_cnot_YI": 0.0002994770395458505,
  "p_cnot_YX": 0.0,
  "p_cnot_YY": 0.0007697994895871202,
  "p_cnot_YZ": 0.0002954348581957792,
  "p_cnot_ZI": 0.0005554771536538008,
  "p_cnot_ZX": 0.0,
  "p_cnot_ZY": 0.0,
  "p_cnot_ZZ": 0.0,
  "p_idle_cnot_X": 0.0005066138964692115,
  "p_idle_cnot_Y": 0.00047511941870298914,
  "p_idle_cnot_Z": 0.0,
  "p_idle_spam_X": 0.0017163859263980388,
  "p_idle_spam_Y": 0.001976046175490369,
  "p_idle_spam_Z": 0.0,
  "p_meas_X": 0.004277610890333271,
  "p_meas_Z": 0.004277610890333271,
  "p_prep_X": 0.0,
  "p_prep_Z": 0.0
}