{
  "p_cnot_IX": 0.0,
  "p_cnot_IY": 0.0,
  "p_cnot_IZ": 0.0,
  "p_cnot_XI": 0.0,
  "p_cnot_XX": 0.0,
  "p_cnot_XY": 0.0012623652404451173,
  "p_cnot_XZ": 0.0,
  "p_cnot_YI": 0.0,
  "p_cnot_YX": 0.0,
  "p_cnot_YY": 0.0001426352263122493,
  "p_cnot_YZ": 0.0,
  "p_cnot_ZI": 0.0011674371703333266,
  "p_cnot_ZX": 0.0,
  "p_cnot_ZY": 0.0,
  "p_cnot_ZZ": 0.00045102797854719044,
  "p_idle_cnot_X": 0.00031850228974974055,
  "p_idle_cnot_Y": 0.00019184591765490324,
  "p_idle_cnot_Z": 0.0,
  "p_idle_spam_X": 0.0015023978180658127,
  "p_idle_spam_Y": 0.0021958524203824488,
  "p_idle_spam_Z": 0.000563890641021184,
  "p_meas_X": 0.005103672753609559,
  "p_meas_Z": 0.005103672753609559,
  "p_prep_X": 0.0,
  "p_prep_Z": 0.0
}