{
  "p_cnot_IX": 0.0,
  "p_cnot_IY": 5.002323852716932e-05,
  "p_cnot_IZ": 0.0,
  "p_cnot_XI": 0.0,
  "p_cnot_XX": 0.0,
  "p_cnot_XY": 0.0,
  "p_cnot_XZ": 0.0,
  "p_cnot_YI": 0.0,
  "p_cnot_YX": 0.0,
  "p_cnot_YY": 0.0,
  "p_cnot_YZ": 0.0,
  "p_cnot_ZI": 0.0,
  "p_cnot_ZX": 0.0,
  "p_cnot_ZY": 0.0,
  "p_cnot_ZZ": 3.451807532515496e-05,
  "p_idle_cnot_X": 0.0,
  "p_idle_cnot_Y": 0.0008732417606756052,
  "p_idle_cnot_Z": 0.0,
  "p_idle_spam_X": 0.0037504036366309236,
  "p_idle_spam_Y": 0.0010792872510890133,
  "p_idle_spam_Z": 0.0,
  "p_meas_X": 0.006264715108250076,
  "p_meas_Z": 0.006264715108250076,
  "p_prep_X": 3.0149990056744825e-05,
  "p_prep_Z": 3.0149990056744825e-05
}