{
  "p_cnot_IX": 0.002252672196650532,
  "p_cnot_IY": 0.0017231988323377844,
  "p_cnot_IZ": 0.0,
  "p_cnot_XI": 0.0,
  "p_cnot_XX": 0.0,
  "p_cnot_XY": 0.0005381628330597017,
  "p_cnot_XZ": 0.0,
  "p_cnot_YI": 1.4710150271901074e-05,
  "p_cnot_YX": 0.0,
  "p_cnot_YY": 0.0,
  "p_cnot_YZ": 1.424015579164653e-05,
  "p_cnot_ZI": 0.00113658265526691,
  "p_cnot_ZX": 0.0,
  "p_cnot_ZY": 0.0,
  "p_cnot_ZZ": 0.0,
  "p_idle_cnot_X": 3.723784168400142e-05,
  "p_idle_cnot_Y": 0.0008396523427638671,
  "p_idle_cnot_Z": 0.0,
  "p_idle_spam_X": 0.0,
  "p_idle_spam_Y": 0.0005221811302605629,
  "p_idle_spam_Z": 0.0,
  "p_meas_X": 0.002841700275953703,
  "p_meas_Z": 0.002841700275953703,
  "p_prep_X": 0.004324111676983899,
  "p_prep_Z": 0.004324111676983899
}