{
  "p_cnot_IX": 1.2489869951273701e-05,
  "p_cnot_IY": 3.4174136691201526e-08,
  "p_cnot_IZ": 0.0,
  "p_cnot_XI": 0.0,
  "p_cnot_XX": 0.0011127374674787097,
  "p_cnot_XY": 0.0,
  "p_cnot_XZ": 0.0,
  "p_cnot_YI": 2.211397679232806e-05,
  "p_cnot_YX": 0.0,
  "p_cnot_YY": 0.0,
  "p_cnot_YZ": 3.058825272357998e-05,
  "p_cnot_ZI": 0.0012538077830537878,
  "p_cnot_ZX": 0.0,
  "p_cnot_ZY": 0.0,
  "p_cnot_ZZ": 0.00010991813694904534,
  "p_idle_cnot_X": 0.0,
  "p_idle_cnot_Y": 0.0005777377400974228,
  "p_idle_cnot_Z": 0.0,
  "p_idle_spam_X": 0.002216310987047993,
  "p_idle_spam_Y": 0.0008376007325264386,
  "p_idle_spam_Z": 0.0,
  "p_meas_X": 0.0038154925388617267,
  "p_meas_Z": 0.0038154925388617267,
  "p_prep_X": 0.001233165324836276,
  "p_prep_Z": 0.001233165324836276
}