{
  "p_cnot_IX": 1.3843552033542854e-06,
  "p_cnot_IY": 0.0002521998939085044,
  "p_cnot_IZ": 0.00022697221117216275,
  "p_cnot_XI": 0.0003966856594434477,
  "p_cnot_XX": 0.0002267419936110432,
  "p_cnot_XY": 0.0,
  "p_cnot_XZ": 0.0004006386103115236,
  "p_cnot_YI": 9.235325538954035e-05,
  "p_cnot_YX": 0.0011016043647098048,
  "p_cnot_YY": 0.0,
  "p_cnot_YZ": 9.660657629934593e-05,
  "p_cnot_ZI": 2.4517469446366355e-05,
  "p_cnot_ZX": 9.044900363897886e-06,
  "p_cnot_ZY": 1.490497783439418e-06,
  "p_cnot_ZZ": 0.00040073307132833534,
  "p_idle_cnot_X": 0.00031573746274402513,
  "p_idle_cnot_Y": 0.00014509100425681406,
  "p_idle_cnot_Z": 0.0,
  "p_idle_spam_X": 0.001231036696781796,
  "p_idle_spam_Y": 0.00235433876192904,
  "p_idle_spam_Z": 0.0,
  "p_meas_X": 0.005684751232710206,
  "p_meas_Z": 0.005684751232710206,
  "p_prep_X": 0.0024164977656453163,
  "p_prep_Z": 0.0024164977656453163
}