{
  "p_cnot_IX": 0.0,
  "p_cnot_IY": 0.0,
  "p_cnot_IZ": 0.0,
  "p_cnot_XI": 4.887524677712799e-05,
  "p_cnot_XX": 0.0002708199733352836,
  "p_cnot_XY": 5.86161316513e-05,
  "p_cnot_XZ": 0.00010539081609100747,
  "p_cnot_YI": 1.4442334394371503e-05,
  "p_cnot_YX": 0.0,
  "p_cnot_YY": 0.0,
  "p_cnot_YZ": 0.0010142933721245062,
  "p_cnot_ZI": 0.00047557147853402116,
  "p_cnot_ZX": 0.0,
  "p_cnot_ZY": 0.0,
  "p_cnot_ZZ": 0.0006922903010332567,
  "p_idle_cnot_X": 0.0014520078147968506,
  "p_idle_cnot_Y": 0.0,
  "p_idle_cnot_Z": 0.0,
  "p_idle_spam_X": 0.000265104736172427,
  "p_idle_spam_Y": 0.0022725644429439614,
  "p_idle_spam_Z": 0.0,
  "p_meas_X": 0.0034466708000664625,
  "p_meas_Z": 0.0034466708000664625,
  "p_prep_X": 0.0,
  "p_prep_Z": 0.0
}