{
  "p_cnot_IX": 0.00045264143877864525,
  "p_cnot_IY": 4.024265753435166e-05,
  "p_cnot_IZ": 0.00018448950133219497,
  "p_cnot_XI": 0.0005387055323042633,
  "p_cnot_XX": 4.3598977430288364e-05,
  "p_cnot_XY": 0.000953440981509935,
  "p_cnot_XZ": 0.0005350739625778434,
  "p_cnot_YI": 0.0009109905750920175,
  "p_cnot_YX": 0.0,
  "p_cnot_YY": 0.00017983885815860178,
  "p_cnot_YZ": 0.0009052308583501806,
  "p_cnot_ZI": 0.0008665303626705941,
  "p_cnot_ZX": 0.0,
  "p_cnot_ZY": 0.0,
  "p_cnot_ZZ": 0.00049840041461418,
  "p_idle_cnot_X": 0.0003927000794648287,
  "p_idle_cnot_Y": 0.000239838343134426,
  "p_idle_cnot_Z": 0.00011167046788436058,
  "p_idle_spam_X": 0.0015792293701964474,
  "p_idle_spam_Y": 0.0019464847044675896,
  "p_idle_spam_Z": 0.0013477800013465778,
  "p_meas_X": 0.001945306826205329,
  "p_meas_Z": 0.001945306826205329,
  "p_prep_X": 0.0017640556777476462,
  "p_prep_Z": 0.0017640556777476462
}