{
  "p_cnot_IX": 0.0009364638834167125,
  "p_cnot_IY": 0.0,
  "p_cnot_IZ": 0.0,
  "p_cnot_XI": 0.00039611593782065284,
  "p_cnot_XX": 0.0,
  "p_cnot_XY": 0.001486275378222599,
  "p_cnot_XZ": 0.0003925244522517183,
  "p_cnot_YI": 0.00036873945376015427,
  "p_cnot_YX": 0.0,
  "p_cnot_YY": 0.0,
  "p_cnot_YZ": 0.0003609049110074438,
  "p_cnot_ZI": 0.0009987872292873917,
  "p_cnot_ZX": 0.0,
  "p_cnot_ZY": 0.0,
  "p_cnot_ZZ": 0.0,
  "p_idle_cnot_X": 0.0006594496013302933,
  "p_idle_cnot_Y": 0.0005287914934744446,
  "p_idle_cnot_Z": 0.0,
  "p_idle_spam_X": 0.00012693962932637423,
  "p_idle_spam_Y": 0.001171039621086887,
  "p_idle_spam_Z": 5.226783520999844e-07,
  "p_meas_X": 0.0025840301437895356,
  "p_meas_Z": 0.0025840301437895356,
  "p_prep_X": 0.0013647141380481401,
  "p_prep_Z": 0.0013647141380481401
}