{
  "p_cnot_IX": 0.0009749047090451099,
  "p_cnot_IY": 0.00040439537717232765,
  "p_cnot_IZ": 0.0,
  "p_cnot_XI": 0.00015906108977890943,
  "p_cnot_XX": 0.0002229476939877536,
  "p_cnot_XY": 0.0006915790015092035,
  "p_cnot_XZ": 0.00015946340881934056,
  "p_cnot_YI": 0.0006544696950368404,
  "p_cnot_YX": 0.0,
  "p_cnot_YY": 0.00031073090442183295,
  "p_cnot_YZ": 0.0006543211281122066,
  "p_cnot_ZI": 0.000950090780161038,
  "p_cnot_ZX": 0.00048553493100692154,
  "p_cnot_ZY": 3.603805125583596e-06,
  "p_cnot_ZZ": 4.045702645218518e-06,
  "p_idle_cnot_X": 0.0,
  "p_idle_cnot_Y": 0.00022511957955982794,
  "p_idle_cnot_Z": 0.0,
  "p_idle_spam_X": 0.0013333429813487646,
  "p_idle_spam_Y": 0.0014579008770171415,
  "p_idle_spam_Z": 0.0,
  "p_meas_X": 0.0023132564620396735,
  "p_meas_Z": 0.0023132564620396735,
  "p_prep_X": 0.001507484239779956,
  "p_prep_Z": 0.001507484239779956
}