{
  "p_cnot_IX": 0.0,
  "p_cnot_IY": 0.00045325510908240653,
  "p_cnot_IZ": 0.0,
  "p_cnot_XI": 0.0009682568812986264,
  "p_cnot_XX": 0.0003248201004193973,
  "p_cnot_XY": 0.0,
  "p_cnot_XZ": 0.000991982345918515,
  "p_cnot_YI": 0.0005715197985120157,
  "p_cnot_YX": 0.0016624579673277767,
  "p_cnot_YY": 0.0,
  "p_cnot_YZ": 0.0005748481206624338,
  "p_cnot_ZI": 0.0,
  "p_cnot_ZX": 0.00039931152712394834,
  "p_cnot_ZY": 8.348998794623479e-05,
  "p_cnot_ZZ": 0.0,
  "p_idle_cnot_X": 0.0,
  "p_idle_cnot_Y": 0.0,
  "p_idle_cnot_Z": 0.0,
  "p_idle_spam_X": 0.0005394676551293547,
  "p_idle_spam_Y": 0.0013426956618085436,
  "p_idle_spam_Z": 0.0,
  "p_meas_X": 0.008686444593229902,
  "p_meas_Z": 0.008686444593229902,
  "p_prep_X": 0.0008802941123804982,
  "p_prep_Z": 0.0008802941123804982
}