{
  "p_cnot_IX": 0.0015546805632512977,
  "p_cnot_IY": 0.0,
  "p_cnot_IZ": 0.0,
  "p_cnot_XI": 0.0001389679542191984,
  "p_cnot_XX": 0.00039151381113410874,
  "p_cnot_XY": 0.0,
  "p_cnot_XZ": 0.0001328881760466499,
  "p_cnot_YI": 0.0010912334612698282,
  "p_cnot_YX": 0.0010209773804672302,
  "p_cnot_YY": 0.0,
  "p_cnot_YZ": 0.0010790998033253444,
  "p_cnot_ZI": 0.0,
  "p_cnot_ZX": 0.0018033993093329967,
  "p_cnot_ZY": 0.0,
  "p_cnot_ZZ": 0.0,
  "p_idle_cnot_X": 0.0,
  "p_idle_cnot_Y": 0.0,
  "p_idle_cnot_Z": 0.0,
  "p_idle_spam_X": 0.0,
  "p_idle_spam_Y": 0.001883164871329409,
  "p_idle_spam_Z": 0.0,
  "p_meas_X": 0.004658380053812364,
  "p_meas_Z": 0.004658380053812364,
  "p_prep_X": 0.0,
  "p_prep_Z": 0.0
}