{
  "p_cnot_IX": 0.0015628496291963986,
  "p_cnot_IY": 9.997956536252948e-05,
  "p_cnot_IZ": 0.0,
  "p_cnot_XI": 0.0007064103071836356,
  "p_cnot_XX": 0.00019313876515108643,
  "p_cnot_XY": 0.0,
  "p_cnot_XZ": 0.0007080480155884588,
  "p_cnot_YI": 0.0008745246015822077,
  "p_cnot_YX": 0.0013964592674744541,
  "p_cnot_YY": 0.0,
  "p_cnot_YZ": 0.0008746833303410154,
  "p_cnot_ZI": 0.0,
  "p_cnot_ZX": 0.00028782834200200247,
  "p_cnot_ZY": 0.00026180162696496495,
  "p_cnot_ZZ": 0.0,
  "p_idle_cnot_X": 0.0,
  "p_idle_cnot_Y": 0.0,
  "p_idle_cnot_Z": 0.0,
  "p_idle_spam_X": 0.00030365119336623003,
  "p_idle_spam_Y": 0.0011338036867989747,
  "p_idle_spam_Z": 0.0,
  "p_meas_X": 0.005702531763090878,
  "p_meas_Z": 0.005702531763090878,
  "p_prep_X": 0.0,
  "p_prep_Z": 0.0
}