{
  "p_cnot_IX": 0.001,
  "p_cnot_IY": 0.0,
  "p_cnot_IZ": 3.4919591828603705e-06,
  "p_cnot_XI": 0.00010911819382850501,
  "p_cnot_XX": 0.0001427444642159079,
  "p_cnot_XY": 1.174485247420889e-07,
  "p_cnot_XZ": 0.00015108967181622687,
  "p_cnot_YI": 7.88725384805139e-06,
  "p_cnot_YX": 0.0,
  "p_cnot_YY": 0.0,
  "p_cnot_YZ": 0.0010196236083598225,
  "p_cnot_ZI": 0.0002484056743255743,
  "p_cnot_ZX": 0.0,
  "p_cnot_ZY": 0.0,
  "p_cnot_ZZ": 0.0008191153671091907,
  "p_idle_cnot_X": 0.001532150991557787,
  "p_idle_cnot_Y": 0.0,
  "p_idle_cnot_Z": 0.0,
  "p_idle_spam_X": 0.00032061176831265866,
  "p_idle_spam_Y": 0.002221459793513201,
  "p_idle_spam_Z": 0.0,
  "p_meas_X": 0.0035509052961181817,
  "p_meas_Z": 0.0035509052961181817,
  "p_prep_X": 0.0,
  "p_prep_Z": 0.0
}