{
  "p_cnot_IX": 0.0005457113132338441,
  "p_cnot_IY": 0.0,
  "p_cnot_IZ": 0.0,
  "p_cnot_XI": 0.0009044283497175254,
  "p_cnot_XX": 0.0,
  "p_cnot_XY": 0.002519714224453795,
  "p_cnot_XZ": 0.0009209610727200431,
  "p_cnot_YI": 0.0011505968190983118,
  "p_cnot_YX": 0.0,
  "p_cnot_YY": 0.0,
  "p_cnot_YZ": 0.0010737949436986484,
  "p_cnot_ZI": 0.00012853621532727733,
  "p_cnot_ZX": 0.0,
  "p_cnot_ZY": 0.0,
  "p_cnot_ZZ": 0.0,
  "p_idle_cnot_X": 0.0003357812005237221,
  "p_idle_cnot_Y": 0.0,
  "p_idle_cnot_Z": 0.0,
  "p_idle_spam_X": 0.0009561619101553706,
  "p_idle_spam_Y": 0.002555283044358581,
  "p_idle_spam_Z": 0.0,
  "p_meas_X": 0.005505161962380102,
  "p_meas_Z": 0.005505161962380102,
  "p_prep_X": 0.002024537354628752,
  "p_prep_Z": 0.002024537354628752
}