{
  "p_cnot_IX": 0.0,
  "p_cnot_IY": 0.0,
  "p_cnot_IZ": 0.0,
  "p_cnot_XI": 0.0,
  "p_cnot_XX": 0.0,
  "p_cnot_XY": 0.0016051390626574073,
  "p_cnot_XZ": 0.0,
  "p_cnot_YI": 0.0,
  "p_cnot_YX": 0.0,
  "p_cnot_YY": 2.9347580879531454e-07,
  "p_cnot_YZ": 0.0,
  "p_cnot_ZI": 0.001035849756429896,
  "p_cnot_ZX": 0.0,
  "p_cnot_ZY": 0.0,
  "p_cnot_ZZ": 0.00046608926325426777,
  "p_idle_cnot_X": 0.0005176986986740581,
  "p_idle_cnot_Y": 0.00014371018543643722,
  "p_idle_cnot_Z": 0.0,
  "p_idle_spam_X": 0.0011762607308626874,
  "p_idle_spam_Y": 0.0021840030022291803,
  "p_idle_spam_Z": 3.908975116456318e-05,
  "p_meas_X": 0.00381001069351387,
  "p_meas_Z": 0.00381001069351387,
  "p_prep_X": 0.001611562967192384,
  "p_prep_Z": 0.001611562967192384
}