{
  "p_cnot_IX": 0.000593500361803283,
  "p_cnot_IY": 0.00010600248766442461,
  "p_cnot_IZ": 0.0,
  "p_cnot_XI": 6.074100934271162e-05,
  "p_cnot_XX": 0.0,
  "p_cnot_XY": 0.0003011555611445826,
  "p_cnot_XZ": 5.9024521543033894e-05,
  "p_cnot_YI": 0.00015498141774033475,
  "p_cnot_YX": 0.0,
  "p_cnot_YY": 0.0005209810171711816,
  "p_cnot_YZ": 0.00015194640220868386,
  "p_cnot_ZI": 0.0007458762616265533,
  "p_cnot_ZX": 0.0,
  "p_cnot_ZY": 0.0,
  "p_cnot_ZZ": 2.8814767767483523e-05,
  "p_idle_cnot_X": 0.0005382500805728826,
  "p_idle_cnot_Y": 0.0005480770945446526,
  "p_idle_cnot_Z": 0.0,
  "p_idle_spam_X": 0.0015165734126917111,
  "p_idle_spam_Y": 0.0018265795206989866,
  "p_idle_spam_Z": 0.0,
  "p_meas_X": 0.002992153555543791,
  "p_meas_Z": 0.002992153555543791,
  "p_prep_X": 0.0005806614043536981,
  "p_prep_Z": 0.0005806614043536981
}