{
  "p_cnot_IX": 0.0,
  "p_cnot_IY": 0.0,
  "p_cnot_IZ": 5.653994711472775e-05,
  "p_cnot_XI": 1.2258567555471167e-05,
  "p_cnot_XX": 0.00020233520406123833,
  "p_cnot_XY": 0.00011930696325907156,
  "p_cnot_XZ": 3.9938574099260877e-10,
  "p_cnot_YI": 0.0005630058839296469,
  "p_cnot_YX": 0.0,
  "p_cnot_YY": 0.0,
  "p_cnot_YZ": 0.0006442969082969234,
  "p_cnot_ZI": 0.0003950174251909803,
  "p_cnot_ZX": 0.0,
  "p_cnot_ZY": 0.0,
  "p_cnot_ZZ": 0.0005719062461929011,
  "p_idle_cnot_X": 0.0015332927462662768,
  "p_idle_cnot_Y": 0.0,
  "p_idle_cnot_Z": 0.0,
  "p_idle_spam_X": 0.0001275083989101833,
  "p_idle_spam_Y": 0.0022625789344658375,
  "p_idle_spam_Z": 0.0,
  "p_meas_X": 0.0032987890908588993,
  "p_meas_Z": 0.0032987890908588993,
  "p_prep_X": 0.0,
  "p_prep_Z": 0.0
}