{
  "p_cnot_IX": 0.0008918086298049146,
  "p_cnot_IY": 0.0,
  "p_cnot_IZ": 4.2583349657995214e-05,
  "p_cnot_XI": 0.00018771518518216528,
  "p_cnot_XX": 0.0,
  "p_cnot_XY": 0.001173511956375185,
  "p_cnot_XZ": 0.00018302243613065142,
  "p_cnot_YI": 0.0007159308761802621,
  "p_cnot_YX": 0.0,
  "p_cnot_YY": 0.00027341806564125533,
  "p_cnot_YZ": 0.0007062147378055184,
  "p_cnot_ZI": 0.0014870693581523358,
  "p_cnot_ZX": 3.682721968170943e-06,
  "p_cnot_ZY": 0.0,
  "p_cnot_ZZ": 0.0002604355491369678,
  "p_idle_cnot_X": 9.768016566138074e-05,
  "p_idle_cnot_Y": 7.200810515376581e-05,
  "p_idle_cnot_Z": 0.00034759347860824867,
  "p_idle_spam_X": 0.00010708370585250278,
  "p_idle_spam_Y": 0.001474744378757919,
  "p_idle_spam_Z": 0.000829112435485205,
  "p_meas_X": 0.0016877610896500889,
  "p_meas_Z": 0.0016877610896500889,
  "p_prep_X": 0.00163195471683499,
  "p_prep_Z": 0.00163195471683499
}