{
  "p_cnot_IX": 0.0,
  "p_cnot_IY": 1.310987462820854e-09,
  "p_cnot_IZ": 0.0005087925026271449,
  "p_cnot_XI": 0.00026718786620306707,
  "p_cnot_XX": 0.0002194430371043799,
  "p_cnot_XY": 0.0,
  "p_cnot_XZ": 0.00032936524374675805,
  "p_cnot_YI": 9.98044154357042e-07,
  "p_cnot_YX": 0.0013040380452480833,
  "p_cnot_YY": 0.0,
  "p_cnot_YZ": 2.144114203644351e-05,
  "p_cnot_ZI": 0.0,
  "p_cnot_ZX": 0.0,
  "p_cnot_ZY": 5.4714183790764066e-05,
  "p_cnot_ZZ": 0.0005293749073504927,
  "p_idle_cnot_X": 0.00011068900972596142,
  "p_idle_cnot_Y": 0.00020859973032858346,
  "p_idle_cnot_Z": 0.0,
  "p_idle_spam_X": 0.00185662768624295,
  "p_idle_spam_Y": 0.0022023334914757693,
  "p_idle_spam_Z": 0.0,
  "p_meas_X": 0.006540904647185693,
  "p_meas_Z": 0.006540904647185693,
  "p_prep_X": 0.001520827661548305,
  "p_prep_Z": 0.001520827661548305
}