{
  "p_cnot_IX": 0.0,
  "p_cnot_IY": 1.1237571975573309e-05,
  "p_cnot_IZ": 0.0,
  "p_cnot_XI": 0.0,
  "p_cnot_XX": 0.0,
  "p_cnot_XY": 0.0,
  "p_cnot_XZ": 0.0,
  "p_cnot_YI": 0.0,
  "p_cnot_YX": 0.0,
  "p_cnot_YY": 0.0,
  "p_cnot_YZ": 0.0,
  "p_cnot_ZI": 0.0,
  "p_cnot_ZX": 0.0,
  "p_cnot_ZY": 0.0,
  "p_cnot_ZZ": 4.923188070766152e-05,
  "p_idle_cnot_X": 0.0,
  "p_idle_cnot_Y": 0.0008885053229294232,
  "p_idle_cnot_Z": 0.0,
  "p_idle_spam_X": 0.0037817122160683394,
  "p_idle_spam_Y": 0.0010505996911588274,
  "p_idle_spam_Z": 0.0,
  "p_meas_X": 0.006200061547593769,
  "p_meas_Z": 0.006200061547593769,
  "p_prep_X": 0.0,
  "p_prep_Z": 0.0
}