{
  "p_cnot_IX": 0.0,
  "p_cnot_IY": 0.0,
  "p_cnot_IZ": 0.0,
  "p_cnot_XI": 0.00026436146973539724,
  "p_cnot_XX": 0.0007090074530701076,
  "p_cnot_XY": 0.0,
  "p_cnot_XZ": 0.0002557432157520236,
  "p_cnot_YI": 2.574519161612649e-05,
  "p_cnot_YX": 0.00022371072505534105,
  "p_cnot_YY": 0.0,
  "p_cnot_YZ": 5.0672686774584e-05,
  "p_cnot_ZI": 0.0005335706555734947,
  "p_cnot_ZX": 0.0,
  "p_cnot_ZY": 0.0,
  "p_cnot_ZZ": 0.0005136983206511443,
  "p_idle_cnot_X": 0.0,
  "p_idle_cnot_Y": 0.00037015814115210876,
  "p_idle_cnot_Z": 0.0,
  "p_idle_spam_X": 0.002163327029958169,
  "p_idle_spam_Y": 0.0011769106687740504,
  "p_idle_spam_Z": 0.0,
  "p_meas_X": 0.0070286350782539355,
  "p_meas_Z": 0.0070286350782539355,
  "p_prep_X": 0.0,
  "p_prep_Z": 0.0
}