{
  "p_cnot_IX": 0.0021062184306645656,
  "p_cnot_IY": 0.0017201531811264473,
  "p_cnot_IZ": 0.0,
  "p_cnot_XI": 0.0,
  "p_cnot_XX": 0.0,
  "p_cnot_XY": 0.0005653423944134117,
  "p_cnot_XZ": 0.0,
  "p_cnot_YI": 0.0,
  "p_cnot_YX": 0.0,
  "p_cnot_YY": 0.0,
  "p_cnot_YZ": 0.0,
  "p_cnot_ZI": 0.0009931266143956541,
  "p_cnot_ZX": 0.0,
  "p_cnot_ZY": 0.0,
  "p_cnot_ZZ": 0.0,
  "p_idle_cnot_X": 0.00013078753342619527,
  "p_idle_cnot_Y": 0.0008378867827573162,
  "p_idle_cnot_Z": 0.0,
  "p_idle_spam_X": 0.0,
  "p_idle_spam_Y": 0.000481480510258974,
  "p_idle_spam_Z": 0.0,
  "p_meas_X": 0.0018547413347235686,
  "p_meas_Z": 0.0018547413347235686,
  "p_prep_X": 0.005622316864743252,
  "p_prep_Z": 0.005622316864743252
}