{
  "p_cnot_IX": 0.0015084622108912122,
  "p_cnot_IY": 0.0,
  "p_cnot_IZ": 0.0,
  "p_cnot_XI": 0.0,
  "p_cnot_XX": 0.0008791567995235811,
  "p_cnot_XY": 0.000495514214491852,
  "p_cnot_XZ": 0.0,
  "p_cnot_YI": 0.0007389512516652792,
  "p_cnot_YX": 0.0005941240763949089,
  "p_cnot_YY": 0.00021052304417188848,
  "p_cnot_YZ": 0.0007432786276138382,
  "p_cnot_ZI": 0.0010947254309614154,
  "p_cnot_ZX": 0.0011344528445077012,
  "p_cnot_ZY": 0.0,
  "p_cnot_ZZ": 0.00014804820066564715,
  "p_idle_cnot_X": 0.0,
  "p_idle_cnot_Y": 6.952196865985632e-06,
  "p_idle_cnot_Z": 0.0,
  "p_idle_spam_X": 6.240123254338133e-05,
  "p_idle_spam_Y": 0.0018532323406132392,
  "p_idle_spam_Z": 0.0,
  "p_meas_X": 0.0016863700151018679,
  "p_meas_Z": 0.0016863700151018679,
  "p_prep_X": 0.0009141286859842812,
  "p_prep_Z": 0.0009141286859842812
}