{
  "p_cnot_IX": 1.0171095835687915e-05,
  "p_cnot_IY": 2.2562277197325085e-06,
  "p_cnot_IZ": 0.0,
  "p_cnot_XI": 0.0004721743415888523,
  "p_cnot_XX": 0.0,
  "p_cnot_XY": 0.0003843850514851956,
  "p_cnot_XZ": 0.0004785693493494111,
  "p_cnot_YI": 0.0007447114227063197,
  "p_cnot_YX": 0.0,
  "p_cnot_YY": 0.00017575988694364157,
  "p_cnot_YZ": 0.000751997934282253,
  "p_cnot_ZI": 0.0,
  "p_cnot_ZX": 0.0014473659659857262,
  "p_cnot_ZY": 0.0009176090057870188,
  "p_cnot_ZZ": 0.0,
  "p_idle_cnot_X": 0.0,
  "p_idle_cnot_Y": 0.0,
  "p_idle_cnot_Z": 0.0,
  "p_idle_spam_X": 0.0013314600205065284,
  "p_idle_spam_Y": 0.0019113891241297049,
  "p_idle_spam_Z": 0.0,
  "p_meas_X": 0.007342104213609321,
  "p_meas_Z": 0.007342104213609321,
  "p_prep_X": 0.0,
  "p_prep_Z": 0.0
}