{
  "p_cnot_IX": 0.0006121838446074808,
  "p_cnot_IY": 0.00024972320477477194,
  "p_cnot_IZ": 3.962148828217692e-06,
  "p_cnot_XI": 0.0006371258206473724,
  "p_cnot_XX": 0.0009122680694682319,
  "p_cnot_XY": 0.00041306753895744576,
  "p_cnot_XZ": 0.0006386866356967597,
  "p_cnot_YI": 0.0007869218875958005,
  "p_cnot_YX": 0.00047707531170243343,
  "p_cnot_YY": 9.48927917397355e-07,
  "p_cnot_YZ": 0.0007904145962393757,
  "p_cnot_ZI": 0.0005336909610450023,
  "p_cnot_ZX": 6.138492893599878e-05,
  "p_cnot_ZY": 3.576677937602914e-05,
  "p_cnot_ZZ": 0.0,
  "p_idle_cnot_X": 0.0,
  "p_idle_cnot_Y": 0.00023689139396496482,
  "p_idle_cnot_Z": 0.00022453930183442957,
  "p_idle_spam_X": 0.0007998922505326664,
  "p_idle_spam_Y": 0.0010448325577098086,
  "p_idle_spam_Z": 0.0,
  "p_meas_X": 0.001916117157773187,
  "p_meas_Z": 0.001916117157773187,
  "p_prep_X": 0.0013901427872315187,
  "p_prep_Z": 0.0013901427872315187
}