{
  "p_cnot_IX": 0.000304231341873064,
  "p_cnot_IY": 0.0,
  "p_cnot_IZ": 3.267274723135311e-07,
  "p_cnot_XI": 0.0003521647827633934,
  "p_cnot_XX": 0.0,
  "p_cnot_XY": 0.0018181139739650058,
  "p_cnot_XZ": 0.00034483376946732076,
  "p_cnot_YI": 0.0003465191091641503,
  "p_cnot_YX": 0.0,
  "p_cnot_YY": 0.0,
  "p_cnot_YZ": 0.0003231622516023627,
  "p_cnot_ZI": 0.0009063877300969898,
  "p_cnot_ZX": 0.0,
  "p_cnot_ZY": 0.0,
  "p_cnot_ZZ": 7.239754886329103e-05,
  "p_idle_cnot_X": 0.0007594831213369927,
  "p_idle_cnot_Y": 0.00036722077020417965,
  "p_idle_cnot_Z": 3.685309309096522e-08,
  "p_idle_spam_X": 0.00012449251460598575,
  "p_idle_spam_Y": 0.0013568977805169518,
  "p_idle_spam_Z": 1.6917936881726172e-07,
  "p_meas_X": 0.004974596715090673,
  "p_meas_Z": 0.004974596715090673,
  "p_prep_X": 0.0005820320623025361,
  "p_prep_Z": 0.0005820320623025361
}