{
  "p_cnot_IX": 0.0012749544705397311,
  "p_cnot_IY": 0.00012035335647690532,
  "p_cnot_IZ": 0.0,
  "p_cnot_XI": 0.0008309233293601696,
  "p_cnot_XX": 0.00021516125980535302,
  "p_cnot_XY": 0.0,
  "p_cnot_XZ": 0.0008305243183581835,
  "p_cnot_YI": 0.0007619010596340339,
  "p_cnot_YX": 0.0012100093948549933,
  "p_cnot_YY": 3.464928596274224e-06,
  "p_cnot_YZ": 0.0007621115042367354,
  "p_cnot_ZI": 0.0,
  "p_cnot_ZX": 0.0002326740482501098,
  "p_cnot_ZY": 0.0005808667851960442,
  "p_cnot_ZZ": 0.0,
  "p_idle_cnot_X": 0.0,
  "p_idle_cnot_Y": 0.0,
  "p_idle_cnot_Z": 0.0,
  "p_idle_spam_X": 0.0003534747886529291,
  "p_idle_spam_Y": 0.0010388377790096599,
  "p_idle_spam_Z": 0.0,
  "p_meas_X": 0.005550031140236636,
  "p_meas_Z": 0.005550031140236636,
  "p_prep_X": 0.0011636934325066498,
  "p_prep_Z": 0.0011636934325066498
}