{
  "p_cnot_IX": 0.00047229255100394866,
  "p_cnot_IY": 0.0,
  "p_cnot_IZ": 0.0,
  "p_cnot_XI": 0.0009016717167013987,
  "p_cnot_XX": 0.0,
  "p_cnot_XY": 0.0025573994469126975,
  "p_cnot_XZ": 0.0009125251853104468,
  "p_cnot_YI": 0.001155614647116346,
  "p_cnot_YX": 0.0,
  "p_cnot_YY": 0.0,
  "p_cnot_YZ": 0.001095843947600086,
  "p_cnot_ZI": 5.940987684951819e-05,
  "p_cnot_ZX": 0.0,
  "p_cnot_ZY": 0.0,
  "p_cnot_ZZ": 0.0,
  "p_idle_cnot_X": 0.0003548676701816165,
  "p_idle_cnot_Y": 0.0,
  "p_idle_cnot_Z": 0.0,
  "p_idle_spam_X": 0.0009613102819539023,
  "p_idle_spam_Y": 0.002530765445533863,
  "p_idle_spam_Z": 0.0,
  "p_meas_X": 0.005429599673214496,
  "p_meas_Z": 0.005429599673214496,
  "p_prep_X": 0.002176601955510638,
  "p_prep_Z": 0.002176601955510638
}