{
  "p_cnot_IX": 0.0022950518924613464,
  "p_cnot_IY": 0.001776522874365431,
  "p_cnot_IZ": 0.0,
  "p_cnot_XI": 0.0,
  "p_cnot_XX": 0.0,
  "p_cnot_XY": 0.000522427416281413,
  "p_cnot_XZ": 0.0,
  "p_cnot_YI": 0.0,
  "p_cnot_YX": 0.0,
  "p_cnot_YY": 0.0,
  "p_cnot_YZ": 0.0,
  "p_cnot_ZI": 0.0010275578054666696,
  "p_cnot_ZX": 0.0,
  "p_cnot_ZY": 1.8995111659637934e-06,
  "p_cnot_ZZ": 0.0,
  "p_idle_cnot_X": 1.3080836901244176e-05,
  "p_idle_cnot_Y": 0.0008283559550771152,
  "p_idle_cnot_Z": 0.0,
  "p_idle_spam_X": 0.0,
  "p_idle_spam_Y": 0.0005297717271986748,
  "p_idle_spam_Z": 0.0,
  "p_meas_X": 0.0029764702055897884,
  "p_meas_Z": 0.0029764702055897884,
  "p_prep_X": 0.0047083943438437,
  "p_prep_Z": 0.0047083943438437
}