{
  "p_cnot_IX": 0.000665324673814202,
  "p_cnot_IY": 0.0,
  "p_cnot_IZ": 0.0,
  "p_cnot_XI": 4.671870857879559e-05,
  "p_cnot_XX": 0.0,
  "p_cnot_XY": 0.0,
  "p_cnot_XZ": 4.3519191018559316e-05,
  "p_cnot_YI": 0.0003260198249046432,
  "p_cnot_YX": 0.0,
  "p_cnot_YY": 0.000702289108014922,
  "p_cnot_YZ": 0.00031504999825368346,
  "p_cnot_ZI": 0.0004765697184540927,
  "p_cnot_ZX": 0.0,
  "p_cnot_ZY": 0.0,
  "p_cnot_ZZ": 0.0,
  "p_idle_cnot_X": 0.0005211642285260957,
  "p_idle_cnot_Y": 0.0004705066863727377,
  "p_idle_cnot_Z": 0.0,
  "p_idle_spam_X": 0.0017295340156886958,
  "p_idle_spam_Y": 0.0020045331052577233,
  "p_idle_spam_Z": 0.0,
  "p_meas_X": 0.0042860816359337915,
  "p_meas_Z": 0.0042860816359337915,
  "p_prep_X": 0.0,
  "p_prep_Z": 0.0
}