{
  "p_cnot_IX": 0.0,
  "p_cnot_IY": 0.0,
  "p_cnot_IZ": 9.322473728235384e-05,
  "p_cnot_XI": 0.00019662496172392487,
  "p_cnot_XX": 0.0007226637045363728,
  "p_cnot_XY": 0.0,
  "p_cnot_XZ": 0.00020129599438381535,
  "p_cnot_YI": 7.789696005380263e-05,
  "p_cnot_YX": 0.00021523108880679961,
  "p_cnot_YY": 0.0,
  "p_cnot_YZ": 9.750166570423917e-05,
  "p_cnot_ZI": 0.0005186602315884582,
  "p_cnot_ZX": 0.0,
  "p_cnot_ZY": 0.0,
  "p_cnot_ZZ": 0.00043630759750290846,
  "p_idle_cnot_X": 0.0,
  "p_idle_cnot_Y": 0.0003653143120994855,
  "p_idle_cnot_Z": 0.0,
  "p_idle_spam_X": 0.002156571706490576,
  "p_idle_spam_Y": 0.001185029668187249,
  "p_idle_spam_Z": 0.0,
  "p_meas_X": 0.0070336439151849756,
  "p_meas_Z": 0.0070336439151849756,
  "p_prep_X": 0.0,
  "p_prep_Z": 0.0
}