{
  "p_cnot_IX": 0.0,
  "p_cnot_IY": 0.0,
  "p_cnot_IZ": 0.0004830337806362161,
  "p_cnot_XI": 0.00025509493901211967,
  "p_cnot_XX": 0.000248830311655653,
  "p_cnot_XY": 0.0,
  "p_cnot_XZ": 0.00033018130574524697,
  "p_cnot_YI": 0.0,
  "p_cnot_YX": 0.0013508627030064055,
  "p_cnot_YY": 0.0,
  "p_cnot_YZ": 4.1199050555523836e-07,
  "p_cnot_ZI": 0.0,
  "p_cnot_ZX": 0.0,
  "p_cnot_ZY": 2.1878649017548244e-05,
  "p_cnot_ZZ": 0.000532788263969289,
  "p_idle_cnot_X": 0.0001137235969434514,
  "p_idle_cnot_Y": 0.00020004915656904454,
  "p_idle_cnot_Z": 0.0,
  "p_idle_spam_X": 0.0018584282183399781,
  "p_idle_spam_Y": 0.0022198160351888942,
  "p_idle_spam_Z": 0.0,
  "p_meas_X": 0.006451060163069458,
  "p_meas_Z": 0.006451060163069458,
  "p_prep_X": 0.0017175713105527925,
  "p_prep_Z": 0.0017175713105527925
}