{
  "p_cnot_IX": 0.0016675502347899692,
  "p_cnot_IY": 0.0,
  "p_cnot_IZ": 0.0,
  "p_cnot_XI": 5.235664387962324e-05,
  "p_cnot_XX": 0.0,
  "p_cnot_XY": 0.0020687829718400563,
  "p_cnot_XZ": 4.414454155145656e-05,
  "p_cnot_YI": 0.00038505651487395813,
  "p_cnot_YX": 0.0,
  "p_cnot_YY": 0.00043387455962498334,
  "p_cnot_YZ": 0.00036594244670996303,
  "p_cnot_ZI": 0.002036025156205288,
  "p_cnot_ZX": 0.00022188332916547635,
  "p_cnot_ZY": 0.0,
  "p_cnot_ZZ": 0.0,
  "p_idle_cnot_X": 0.0,
  "p_idle_cnot_Y": 0.0002879992052247818,
  "p_idle_cnot_Z": 0.0,
  "p_idle_spam_X": 0.0,
  "p_idle_spam_Y": 0.0011090065631814648,
  "p_idle_spam_Z": 9.876519387977326e-06,
  "p_meas_X": 0.002321700478498384,
  "p_meas_Z": 0.002321700478498384,
  "p_prep_X": 0.002156263700412652,
  "p_prep_Z": 0.002156263700412652
}