{
  "p_cnot_IX": 0.0,
  "p_cnot_IY": 0.0,
  "p_cnot_IZ": 0.0,
  "p_cnot_XI": 0.0,
  "p_cnot_XX": 0.0,
  "p_cnot_XY": 0.00145307013950387,
  "p_cnot_XZ": 0.0,
  "p_cnot_YI": 0.0,
  "p_cnot_YX": 0.0,
  "p_cnot_YY": 4.783967579588868e-06,
  "p_cnot_YZ": 0.0,
  "p_cnot_ZI": 0.0011406830400556636,
  "p_cnot_ZX": 0.0,
  "p_cnot_ZY": 0.0,
  "p_cnot_ZZ": 0.00048160453714118093,
  "p_idle_cnot_X": 0.00047456374050038475,
  "p_idle_cnot_Y": 0.00016346129907123026,
  "p_idle_cnot_Z": 2.7102164849038832e-06,
  "p_idle_spam_X": 0.0011765412131758291,
  "p_idle_spam_Y": 0.002220658499858488,
  "p_idle_spam_Z": 0.0002549508521576916,
  "p_meas_X": 0.003786459600006042,
  "p_meas_Z": 0.003786459600006042,
  "p_prep_X": 0.001293990789567565,
  "p_prep_Z": 0.001293990789567565
}