{
  "p_cnot_IX": 0.0,
  "p_cnot_IY": 2.0204653804588542e-07,
  "p_cnot_IZ": 0.0,
  "p_cnot_XI": 0.00012421562354449344,
  "p_cnot_XX": 0.00013421070375691657,
  "p_cnot_XY": 3.28615163779242e-05,
  "p_cnot_XZ": 4.429515719004527e-05,
  "p_cnot_YI": 0.0007357751199743854,
  "p_cnot_YX": 0.0,
  "p_cnot_YY": 0.0,
  "p_cnot_YZ": 0.0007676982811362285,
  "p_cnot_ZI": 0.00043562839117611057,
  "p_cnot_ZX": 0.0,
  "p_cnot_ZY": 0.0,
  "p_cnot_ZZ": 0.0004681600322886749,
  "p_idle_cnot_X": 0.0015597013854649641,
  "p_idle_cnot_Y": 1.6208652421730858e-06,
  "p_idle_cnot_Z": 0.0,
  "p_idle_spam_X": 0.00045215893116488823,
  "p_idle_spam_Y": 0.0020903421034299697,
  "p_idle_spam_Z": 0.0,
  "p_meas_X": 0.0022130120343711356,
  "p_meas_Z": 0.0022130120343711356,
  "p_prep_X": 0.00037960698324658127,
  "p_prep_Z": 0.00037960698324658127
}