{
  "p_cnot_IX": 0.0,
  "p_cnot_IY": 3.652218524867844e-05,
  "p_cnot_IZ": 0.0,
  "p_cnot_XI": 0.0,
  "p_cnot_XX": 0.0,
  "p_cnot_XY": 0.0,
  "p_cnot_XZ": 0.0,
  "p_cnot_YI": 0.0,
  "p_cnot_YX": 0.0,
  "p_cnot_YY": 0.0,
  "p_cnot_YZ": 0.0,
  "p_cnot_ZI": 2.898106166118543e-05,
  "p_cnot_ZX": 0.0,
  "p_cnot_ZY": 6.760714336956886e-06,
  "p_cnot_ZZ": 6.9739259490111e-06,
  "p_idle_cnot_X": 0.0,
  "p_idle_cnot_Y": 0.001022611875813495,
  "p_idle_cnot_Z": 0.0,
  "p_idle_spam_X": 0.0038796004779555523,
  "p_idle_spam_Y": 0.0005706768008333918,
  "p_idle_spam_Z": 0.0,
  "p_meas_X": 0.0034452187499218845,
  "p_meas_Z": 0.0034452187499218845,
  "p_prep_X": 0.001944244277814622,
  "p_prep_Z": 0.001944244277814622
}