{
  "p_cnot_IX": 0.0008567482702668683,
  "p_cnot_IY": 8.087930412280205e-05,
  "p_cnot_IZ": 0.0,
  "p_cnot_XI": 0.00034463691245924857,
  "p_cnot_XX": 0.0,
  "p_cnot_XY": 0.0012139957638520051,
  "p_cnot_XZ": 0.0003413893443477572,
  "p_cnot_YI": 0.0005213954986394502,
  "p_cnot_YX": 0.0,
  "p_cnot_YY": 0.0,
  "p_cnot_YZ": 0.0005147292595448695,
  "p_cnot_ZI": 0.0010377608875273188,
  "p_cnot_ZX": 0.0,
  "p_cnot_ZY": 0.0,
  "p_cnot_ZZ": 0.0,
  "p_idle_cnot_X": 0.0006463067691396638,
  "p_idle_cnot_Y": 0.0004495144850520964,
  "p_idle_cnot_Z": 9.6481636715019e-05,
  "p_idle_spam_X": 0.00038865046480198454,
  "p_idle_spam_Y": 0.0012331674912126485,
  "p_idle_spam_Z": 0.0,
  "p_meas_X": 0.0019967068658453663,
  "p_meas_Z": 0.0019967068658453663,
  "p_prep_X": 0.0011503901752432989,
  "p_prep_Z": 0.0011503901752432989
}