{
  "p_cnot_IX": 0.0,
  "p_cnot_IY": 0.00035362774541008584,
  "p_cnot_IZ": 0.0,
  "p_cnot_XI": 0.0009717339017413992,
  "p_cnot_XX": 0.0003816762651540417,
  "p_cnot_XY": 0.0,
  "p_cnot_XZ": 0.0009864920772899907,
  "p_cnot_YI": 0.0005707264949698315,
  "p_cnot_YX": 0.0016385463562417827,
  "p_cnot_YY": 0.0,
  "p_cnot_YZ": 0.0005678461005067597,
  "p_cnot_ZI": 0.0,
  "p_cnot_ZX": 0.0003918030719022756,
  "p_cnot_ZY": 0.00018141523442336422,
  "p_cnot_ZZ": 0.0,
  "p_idle_cnot_X": 0.0,
  "p_idle_cnot_Y": 0.0,
  "p_idle_cnot_Z": 0.0,
  "p_idle_spam_X": 0.0005290343502154407,
  "p_idle_spam_Y": 0.0013313346151579012,
  "p_idle_spam_Z": 0.0,
  "p_meas_X": 0.008614623140958814,
  "p_meas_Z": 0.008614623140958814,
  "p_prep_X": 0.0009723706675870284,
  "p_prep_Z": 0.0009723706675870284
}