{
  "p_cnot_IX": 0.0016292189607332232,
  "p_cnot_IY": 0.0,
  "p_cnot_IZ": 0.0,
  "p_cnot_XI": 0.0,
  "p_cnot_XX": 0.000980431536617489,
  "p_cnot_XY": 0.0005694791693706518,
  "p_cnot_XZ": 0.0,
  "p_cnot_YI": 0.0006712349219425347,
  "p_cnot_YX": 0.000644554340223246,
  "p_cnot_YY": 0.0002336040110604829,
  "p_cnot_YZ": 0.0006766981591331182,
  "p_cnot_ZI": 0.0011103035826541578,
  "p_cnot_ZX": 0.001265848577215435,
  "p_cnot_ZY": 0.0,
  "p_cnot_ZZ": 0.0,
  "p_idle_cnot_X": 0.0,
  "p_idle_cnot_Y": 6.69586790860965e-05,
  "p_idle_cnot_Z": 0.0,
  "p_idle_spam_X": 4.368272578949713e-05,
  "p_idle_spam_Y": 0.0014527625247894975,
  "p_idle_spam_Z": 0.0,
  "p_meas_X": 0.0016161438786481495,
  "p_meas_Z": 0.0016161438786481495,
  "p_prep_X": 0.0008522370213319255,
  "p_prep_Z": 0.0008522370213319255
}