{
  "p_cnot_IX": 0.0010612353482066846,
  "p_cnot_IY": 3.7630176623722244e-05,
  "p_cnot_IZ": 0.0,
  "p_cnot_XI": 0.00046450389812469073,
  "p_cnot_XX": 0.0,
  "p_cnot_XY": 0.0001730520227895639,
  "p_cnot_XZ": 0.00046923415010143086,
  "p_cnot_YI": 0.0007417686702066381,
  "p_cnot_YX": 0.0,
  "p_cnot_YY": 0.00046773102312986503,
  "p_cnot_YZ": 0.0007434104811112273,
  "p_cnot_ZI": 0.0,
  "p_cnot_ZX": 0.0008014044731120265,
  "p_cnot_ZY": 0.000702293122847597,
  "p_cnot_ZZ": 0.00011368879017847366,
  "p_idle_cnot_X": 0.0,
  "p_idle_cnot_Y": 0.0,
  "p_idle_cnot_Z": 0.0,
  "p_idle_spam_X": 0.0007503196854292135,
  "p_idle_spam_Y": 0.0018882449221077082,
  "p_idle_spam_Z": 0.0,
  "p_meas_X": 0.006640876396196197,
  "p_meas_Z": 0.006640876396196197,
  "p_prep_X": 0.0006020196577126234,
  "p_prep_Z": 0.0006020196577126234
}