{
  "p_cnot_IX": 0.001522216717359315,
  "p_cnot_IY": 0.0001922055069134187,
  "p_cnot_IZ": 0.0,
  "p_cnot_XI": 0.0007016478065860766,
  "p_cnot_XX": 0.00018252604316254525,
  "p_cnot_XY": 0.0,
  "p_cnot_XZ": 0.0007030730867495842,
  "p_cnot_YI": 0.0008796609840121882,
  "p_cnot_YX": 0.001409938410452108,
  "p_cnot_YY": 0.0,
  "p_cnot_YZ": 0.0008794076876324662,
  "p_cnot_ZI": 0.0,
  "p_cnot_ZX": 0.00034783559457238894,
  "p_cnot_ZY": 0.00015868350376587617,
  "p_cnot_ZZ": 0.0,
  "p_idle_cnot_X": 0.0,
  "p_idle_cnot_Y": 0.0,
  "p_idle_cnot_Z": 0.0,
  "p_idle_spam_X": 0.000309716112268272,
  "p_idle_spam_Y": 0.0011241205142771525,
  "p_idle_spam_Z": 0.0,
  "p_meas_X": 0.005662504582576778,
  "p_meas_Z": 0.005662504582576778,
  "p_prep_X": 0.0,
  "p_prep_Z": 0.0
}