{
  "p_cnot_IX": 0.0018256413473587228,
  "p_cnot_IY": 0.001,
  "p_cnot_IZ": 0.0,
  "p_cnot_XI": 1.5023381187001053e-05,
  "p_cnot_XX": 0.0,
  "p_cnot_XY": 0.0023177540826445895,
  "p_cnot_XZ": 1.530615903083222e-05,
  "p_cnot_YI": 0.00027007182025457036,
  "p_cnot_YX": 0.0,
  "p_cnot_YY": 0.0002293493427486202,
  "p_cnot_YZ": 0.00022302713643422185,
  "p_cnot_ZI": 0.0023397903747963606,
  "p_cnot_ZX": 0.0,
  "p_cnot_ZY": 0.0,
  "p_cnot_ZZ": 0.0,
  "p_idle_cnot_X": 0.0,
  "p_idle_cnot_Y": 0.00039457140558466793,
  "p_idle_cnot_Z": 0.0,
  "p_idle_spam_X": 0.0,
  "p_idle_spam_Y": 0.0010038750436983804,
  "p_idle_spam_Z": 0.0,
  "p_meas_X": 0.0008639320594344587,
  "p_meas_Z": 0.0008639320594344587,
  "p_prep_X": 0.002615422002956357,
  "p_prep_Z": 0.002615422002956357
}