{
  "p_cnot_IX": 0.000963039934227948,
  "p_cnot_IY": 0.0,
  "p_cnot_IZ": 0.0,
  "p_cnot_XI": 0.0010164007523111504,
  "p_cnot_XX": 0.0013244582248559881,
  "p_cnot_XY": 0.001025209973397774,
  "p_cnot_XZ": 0.0010204483260731474,
  "p_cnot_YI": 0.0007528312043011625,
  "p_cnot_YX": 0.00036401233931424753,
  "p_cnot_YY": 4.825363928534719e-10,
  "p_cnot_YZ": 0.0007616040093057684,
  "p_cnot_ZI": 0.0004397880055692888,
  "p_cnot_ZX": 0.00022674622797824699,
  "p_cnot_ZY": 1.4502045161627783e-09,
  "p_cnot_ZZ": 0.0,
  "p_idle_cnot_X": 0.0,
  "p_idle_cnot_Y": 0.00028926357396124333,
  "p_idle_cnot_Z": 0.0,
  "p_idle_spam_X": 0.00023809013206231813,
  "p_idle_spam_Y": 0.0011103295226818789,
  "p_idle_spam_Z": 0.0,
  "p_meas_X": 0.0034250981801300707,
  "p_meas_Z": 0.0034250981801300707,
  "p_prep_X": 0.0018237145101598754,
  "p_prep_Z": 0.0018237145101598754
}