{
  "p_cnot_IX": 0.00015726684644453855,
  "p_cnot_IY": 0.0,
  "p_cnot_IZ": 1.9505030307835264e-07,
  "p_cnot_XI": 0.0005124812891403589,
  "p_cnot_XX": 0.0,
  "p_cnot_XY": 0.0018590356267152931,
  "p_cnot_XZ": 0.0005078024844814991,
  "p_cnot_YI": 0.00025703238776157483,
  "p_cnot_YX": 0.0,
  "p_cnot_YY": 0.0,
  "p_cnot_YZ": 0.00024738048916366634,
  "p_cnot_ZI": 0.0009758108147217328,
  "p_cnot_ZX": 0.0,
  "p_cnot_ZY": 0.0,
  "p_cnot_ZZ": 0.00011450445850196408,
  "p_idle_cnot_X": 0.0006628966587341442,
  "p_idle_cnot_Y": 0.0004209038027402036,
  "p_idle_cnot_Z": 1.3967258179221046e-07,
  "p_idle_spam_X": 0.00022286582279338235,
  "p_idle_spam_Y": 0.001290258560135855,
  "p_idle_spam_Z": 0.0,
  "p_meas_X": 0.00440798698222408,
  "p_meas_Z": 0.00440798698222408,
  "p_prep_X": 0.0010928314841075623,
  "p_prep_Z": 0.0010928314841075623
}