{
  "p_cnot_IX": 0.0004871883014630962,
  "p_cnot_IY": 0.0,
  "p_cnot_IZ": 1.768043081420274e-06,
  "p_cnot_XI": 0.0009280223560731813,
  "p_cnot_XX": 0.0,
  "p_cnot_XY": 0.0025188974878242285,
  "p_cnot_XZ": 0.0009336016781922371,
  "p_cnot_YI": 0.0011281828693411433,
  "p_cnot_YX": 0.0,
  "p_cnot_YY": 0.0,
  "p_cnot_YZ": 0.0010725772842091125,
  "p_cnot_ZI": 0.00011683791635573221,
  "p_cnot_ZX": 0.0,
  "p_cnot_ZY": 0.0,
  "p_cnot_ZZ": 1.870322059528403e-05,
  "p_idle_cnot_X": 0.00034643791380890913,
  "p_idle_cnot_Y": 0.0,
  "p_idle_cnot_Z": 0.0,
  "p_idle_spam_X": 0.0009885765572206118,
  "p_idle_spam_Y": 0.002556809709164932,
  "p_idle_spam_Z": 0.0,
  "p_meas_X": 0.005599804136805641,
  "p_meas_Z": 0.005599804136805641,
  "p_prep_X": 0.0018999793260174717,
  "p_prep_Z": 0.0018999793260174717
}