{
  "p_cnot_IX": 0.0,
  "p_cnot_IY": 7.041450154187318e-07,
  "p_cnot_IZ": 0.0,
  "p_cnot_XI": 0.0,
  "p_cnot_XX": 0.0,
  "p_cnot_XY": 0.0,
  "p_cnot_XZ": 0.0,
  "p_cnot_YI": 0.0,
  "p_cnot_YX": 0.0,
  "p_cnot_YY": 0.0,
  "p_cnot_YZ": 0.0,
  "p_cnot_ZI": 0.0,
  "p_cnot_ZX": 0.0,
  "p_cnot_ZY": 0.0,
  "p_cnot_ZZ": 5.6471712813311674e-05,
  "p_idle_cnot_X": 0.0,
  "p_idle_cnot_Y": 0.0008970562108889588,
  "p_idle_cnot_Z": 0.0,
  "p_idle_spam_X": 0.003885117970018569,
  "p_idle_spam_Y": 0.0010165967809527192,
  "p_idle_spam_Z": 0.0,
  "p_meas_X": 0.004109136244939643,
  "p_meas_Z": 0.004109136244939643,
  "p_prep_X": 0.002058125160629616,
  "p_prep_Z": 0.002058125160629616
}