{
  "p_cnot_IX": 0.0006844465527982215,
  "p_cnot_IY": 0.0,
  "p_cnot_IZ": 0.0,
  "p_cnot_XI": 3.381442060146961e-05,
  "p_cnot_XX": 0.0,
  "p_cnot_XY": 0.0,
  "p_cnot_XZ": 3.26795251981519e-05,
  "p_cnot_YI": 0.0003252613099241173,
  "p_cnot_YX": 0.0,
  "p_cnot_YY": 0.0007129882891895878,
  "p_cnot_YZ": 0.0003186238953055697,
  "p_cnot_ZI": 0.0004786906660326513,
  "p_cnot_ZX": 0.0,
  "p_cnot_ZY": 0.0,
  "p_cnot_ZZ": 0.0,
  "p_idle_cnot_X": 0.0005244469912707609,
  "p_idle_cnot_Y": 0.0004619892116195147,
  "p_idle_cnot_Z": 0.0,
  "p_idle_spam_X": 0.0016969509570039876,
  "p_idle_spam_Y": 0.0020166225565514287,
  "p_idle_spam_Z": 0.0,
  "p_meas_X": 0.004365189102955286,
  "p_meas_Z": 0.004365189102955286,
  "p_prep_X": 0.0,
  "p_prep_Z": 0.0
}