{
  "p_cnot_IX": 0.002199472992926743,
  "p_cnot_IY": 0.0016983395993063748,
  "p_cnot_IZ": 0.0,
  "p_cnot_XI": 0.0,
  "p_cnot_XX": 0.0,
  "p_cnot_XY": 0.0006366726332190624,
  "p_cnot_XZ": 0.0,
  "p_cnot_YI": 0.0,
  "p_cnot_YX": 0.0,
  "p_cnot_YY": 0.0,
  "p_cnot_YZ": 0.0,
  "p_cnot_ZI": 0.001042309907314631,
  "p_cnot_ZX": 0.0,
  "p_cnot_ZY": 0.0,
  "p_cnot_ZZ": 0.0,
  "p_idle_cnot_X": 4.87425448743857e-05,
  "p_idle_cnot_Y": 0.0008467354436167183,
  "p_idle_cnot_Z": 0.0,
  "p_idle_spam_X": 0.0,
  "p_idle_spam_Y": 0.0004768895273243692,
  "p_idle_spam_Z": 0.0,
  "p_meas_X": 0.0018634709954232543,
  "p_meas_Z": 0.0018634709954232543,
  "p_prep_X": 0.005601523592171825,
  "p_prep_Z": 0.005601523592171825
}