{
  "p_cnot_IX": 0.0018420247865309938,
  "p_cnot_IY": 0.0,
  "p_cnot_IZ": 0.0,
  "p_cnot_XI": 2.4267674422519946e-05,
  "p_cnot_XX": 0.0,
  "p_cnot_XY": 0.0022380023620306214,
  "p_cnot_XZ": 1.4164371759998323e-05,
  "p_cnot_YI": 0.0002929849113744993,
  "p_cnot_YX": 0.0,
  "p_cnot_YY": 0.00029812825507198555,
  "p_cnot_YZ": 0.0002503630064177339,
  "p_cnot_ZI": 0.002294025612266926,
  "p_cnot_ZX": 0.0,
  "p_cnot_ZY": 0.0,
  "p_cnot_ZZ": 0.0,
  "p_idle_cnot_X": 0.0,
  "p_idle_cnot_Y": 0.0003884605987560864,
  "p_idle_cnot_Z": 0.0,
  "p_idle_spam_X": 0.0,
  "p_idle_spam_Y": 0.0010028817852015058,
  "p_idle_spam_Z": 0.0,
  "p_meas_X": 0.0008711233489066891,
  "p_meas_Z": 0.0008711233489066891,
  "p_prep_X": 0.002632954856807245,
  "p_prep_Z": 0.002632954856807245
}