{
  "p_cnot_IX": 0.0,
  "p_cnot_IY": 0.0,
  "p_cnot_IZ": 8.234965584425948e-07,
  "p_cnot_XI": 5.779048281385589e-06,
  "p_cnot_XX": 0.000205214841266472,
  "p_cnot_XY": 2.441980482022473e-05,
  "p_cnot_XZ": 0.00015286045610262032,
  "p_cnot_YI": 0.0,
  "p_cnot_YX": 0.0,
  "p_cnot_YY": 0.0,
  "p_cnot_YZ": 0.001096101764578324,
  "p_cnot_ZI": 0.000412040705624484,
  "p_cnot_ZX": 0.0,
  "p_cnot_ZY": 0.0,
  "p_cnot_ZZ": 0.0006718116354935148,
  "p_idle_cnot_X": 0.0015167519812543631,
  "p_idle_cnot_Y": 0.0,
  "p_idle_cnot_Z": 0.0,
  "p_idle_spam_X": 0.00023181105216727889,
  "p_idle_spam_Y": 0.002281794416814563,
  "p_idle_spam_Z": 0.0,
  "p_meas_X": 0.003363439224005573,
  "p_meas_Z": 0.003363439224005573,
  "p_prep_X": 0.0,
  "p_prep_Z": 0.0
}