{
  "p_cnot_IX": 0.0,
  "p_cnot_IY": 0.0,
  "p_cnot_IZ": 0.00024166737899038922,
  "p_cnot_XI": 9.43014083011521e-05,
  "p_cnot_XX": 0.0006854839276202498,
  "p_cnot_XY": 0.0,
  "p_cnot_XZ": 0.00010773433607786393,
  "p_cnot_YI": 0.00016828533677739222,
  "p_cnot_YX": 0.0002483055289273275,
  "p_cnot_YY": 0.0,
  "p_cnot_YZ": 0.0002620162319936241,
  "p_cnot_ZI": 0.00046658665028756333,
  "p_cnot_ZX": 0.0,
  "p_cnot_ZY": 0.0,
  "p_cnot_ZZ": 0.00025135130389417927,
  "p_idle_cnot_X": 0.0,
  "p_idle_cnot_Y": 0.00036522599919359256,
  "p_idle_cnot_Z": 0.0,
  "p_idle_spam_X": 0.002156008078160931,
  "p_idle_spam_Y": 0.0011814487910542868,
  "p_idle_spam_Z": 0.0,
  "p_meas_X": 0.00702994142762465,
  "p_meas_Z": 0.00702994142762465,
  "p_prep_X": 0.0,
  "p_prep_Z": 0.0
}