{
  "p_cnot_IX": 0.0,
  "p_cnot_IY": 0.0,
  "p_cnot_IZ": 0.0004556103754200341,
  "p_cnot_XI": 0.0002769822240031203,
  "p_cnot_XX": 0.0002272117666778029,
  "p_cnot_XY": 0.0,
  "p_cnot_XZ": 0.0003638380410104037,
  "p_cnot_YI": 0.0,
  "p_cnot_YX": 0.0013397267585050735,
  "p_cnot_YY": 0.0,
  "p_cnot_YZ": 0.0,
  "p_cnot_ZI": 0.0,
  "p_cnot_ZX": 0.0,
  "p_cnot_ZY": 4.540318463283992e-05,
  "p_cnot_ZZ": 0.0005529438690429826,
  "p_idle_cnot_X": 0.00011338749106564762,
  "p_idle_cnot_Y": 0.00019626664732180587,
  "p_idle_cnot_Z": 0.0,
  "p_idle_spam_X": 0.0018560153301870168,
  "p_idle_spam_Y": 0.0022198219230605103,
  "p_idle_spam_Z": 0.0,
  "p_meas_X": 0.006428948349637858,
  "p_meas_Z": 0.006428948349637858,
  "p_prep_X": 0.0016917669764147996,
  "p_prep_Z": 0.0016917669764147996
}