{
  "p_cnot_IX": 0.0,
  "p_cnot_IY": 0.0,
  "p_cnot_IZ": 0.0,
  "p_cnot_XI": 0.0,
  "p_cnot_XX": 0.0,
  "p_cnot_XY": 0.0012774132393785578,
  "p_cnot_XZ": 0.0,
  "p_cnot_YI": 0.0,
  "p_cnot_YX": 0.0,
  "p_cnot_YY": 0.00010456949909430277,
  "p_cnot_YZ": 0.0,
  "p_cnot_ZI": 0.0012044383284254543,
  "p_cnot_ZX": 0.0,
  "p_cnot_ZY": 0.0,
  "p_cnot_ZZ": 0.0004355228915715398,
  "p_idle_cnot_X": 0.0003066464836632677,
  "p_idle_cnot_Y": 0.0002097201532727511,
  "p_idle_cnot_Z": 0.0,
  "p_idle_spam_X": 0.001517826595280348,
  "p_idle_spam_Y": 0.002163858374619261,
  "p_idle_spam_Z": 0.0005885511762032808,
  "p_meas_X": 0.004946112010009105,
  "p_meas_Z": 0.004946112010009105,
  "p_prep_X": 0.0,
  "p_prep_Z": 0.0
}