{
  "p_cnot_IX": 0.00037909862868042464,
  "p_cnot_IY": 0.0,
  "p_cnot_IZ": 3.5667086766021555e-06,
  "p_cnot_XI": 0.0003516615809486341,
  "p_cnot_XX": 0.0,
  "p_cnot_XY": 0.0017999823756446455,
  "p_cnot_XZ": 0.0003455724347334325,
  "p_cnot_YI": 0.0003673197692147264,
  "p_cnot_YX": 0.0,
  "p_cnot_YY": 0.0,
  "p_cnot_YZ": 0.0003544352752548665,
  "p_cnot_ZI": 0.0009536916313726325,
  "p_cnot_ZX": 0.0,
  "p_cnot_ZY": 0.0,
  "p_cnot_ZZ": 1.238124658881853e-05,
  "p_idle_cnot_X": 0.0007442963343824924,
  "p_idle_cnot_Y": 0.00037902910259130624,
  "p_idle_cnot_Z": 0.0,
  "p_idle_spam_X": 0.0001099657085123514,
  "p_idle_spam_Y": 0.0013548433131831705,
  "p_idle_spam_Z": 0.0,
  "p_meas_X": 0.0048561551746138885,
  "p_meas_Z": 0.0048561551746138885,
  "p_prep_X": 0.00048129333316743964,
  "p_prep_Z": 0.00048129333316743964
}