{
  "p_cnot_IX": 0.0016129417019755826,
  "p_cnot_IY": 0.0,
  "p_cnot_IZ": 0.0,
  "p_cnot_XI": 0.00012401563234519245,
  "p_cnot_XX": 0.000417815429936926,
  "p_cnot_XY": 0.0,
  "p_cnot_XZ": 0.00011714869873990441,
  "p_cnot_YI": 0.0011017202478312566,
  "p_cnot_YX": 0.0009686870886093122,
  "p_cnot_YY": 0.0,
  "p_cnot_YZ": 0.0010951458981462933,
  "p_cnot_ZI": 0.0,
  "p_cnot_ZX": 0.0017889948405390983,
  "p_cnot_ZY": 0.0,
  "p_cnot_ZZ": 0.0,
  "p_idle_cnot_X": 0.0,
  "p_idle_cnot_Y": 0.0,
  "p_idle_cnot_Z": 0.0,
  "p_idle_spam_X": 0.0,
  "p_idle_spam_Y": 0.0018917870974636155,
  "p_idle_spam_Z": 0.0,
  "p_meas_X": 0.0045875110561655235,
  "p_meas_Z": 0.0045875110561655235,
  "p_prep_X": 0.0,
  "p_prep_Z": 0.0
}