{
  "p_cnot_IX": 0.0010183676147130464,
  "p_cnot_IY": 0.0,
  "p_cnot_IZ": 9.160026450513821e-07,
  "p_cnot_XI": 0.0011089071031867366,
  "p_cnot_XX": 0.0011796786266699485,
  "p_cnot_XY": 2.2987909046941077e-05,
  "p_cnot_XZ": 0.001111317188626165,
  "p_cnot_YI": 0.0006834048120493992,
  "p_cnot_YX": 0.0005297457380199325,
  "p_cnot_YY": 0.0,
  "p_cnot_YZ": 0.0006887601265438457,
  "p_cnot_ZI": 0.0004580697847202665,
  "p_cnot_ZX": 0.0,
  "p_cnot_ZY": 0.0,
  "p_cnot_ZZ": 0.0,
  "p_idle_cnot_X": 0.0,
  "p_idle_cnot_Y": 0.00034159727302515757,
  "p_idle_cnot_Z": 0.0,
  "p_idle_spam_X": 0.0004774935229204285,
  "p_idle_spam_Y": 0.0009824900580338318,
  "p_idle_spam_Z": 0.0,
  "p_meas_X": 0.0032587131673848285,
  "p_meas_Z": 0.0032587131673848285,
  "p_prep_X": 0.0017767851346251495,
  "p_prep_Z": 0.0017767851346251495
}