{
  "p_cnot_IX": 0.0010892068730860324,
  "p_cnot_IY": 0.00034186434560905173,
  "p_cnot_IZ": 0.0,
  "p_cnot_XI": 0.00036433148283257147,
  "p_cnot_XX": 0.0,
  "p_cnot_XY": 0.00013852046282265964,
  "p_cnot_XZ": 0.0003697755731379998,
  "p_cnot_YI": 0.0007452012089480389,
  "p_cnot_YX": 0.0,
  "p_cnot_YY": 0.0003851385703610863,
  "p_cnot_YZ": 0.000747914555341833,
  "p_cnot_ZI": 0.0,
  "p_cnot_ZX": 0.0005681742232727444,
  "p_cnot_ZY": 0.000558858477289591,
  "p_cnot_ZZ": 5.9561324383527304e-05,
  "p_idle_cnot_X": 0.00010995966355871963,
  "p_idle_cnot_Y": 0.0,
  "p_idle_cnot_Z": 0.0,
  "p_idle_spam_X": 0.0009327238279694124,
  "p_idle_spam_Y": 0.001958275342838064,
  "p_idle_spam_Z": 0.0,
  "p_meas_X": 0.006273982159908351,
  "p_meas_Z": 0.006273982159908351,
  "p_prep_X": 0.0006319344564990399,
  "p_prep_Z": 0.0006319344564990399
}