{
  "p_cnot_IX": 0.0013999555988984318,
  "p_cnot_IY": 0.0003289605600564328,
  "p_cnot_IZ": 0.0,
  "p_cnot_XI": 0.0006987263651898687,
  "p_cnot_XX": 0.00014603623330908122,
  "p_cnot_XY": 0.0,
  "p_cnot_XZ": 0.0007075101322732476,
  "p_cnot_YI": 0.0008823316552258422,
  "p_cnot_YX": 0.0014504904512185374,
  "p_cnot_YY": 0.0,
  "p_cnot_YZ": 0.0008808277288282646,
  "p_cnot_ZI": 0.0,
  "p_cnot_ZX": 0.00045840560745767547,
  "p_cnot_ZY": 1.5559621203770133e-05,
  "p_cnot_ZZ": 0.0,
  "p_idle_cnot_X": 0.0,
  "p_idle_cnot_Y": 0.0,
  "p_idle_cnot_Z": 0.0,
  "p_idle_spam_X": 0.00030850966558664867,
  "p_idle_spam_Y": 0.0011341756372266801,
  "p_idle_spam_Z": 0.0,
  "p_meas_X": 0.005662762456729959,
  "p_meas_Z": 0.005662762456729959,
  "p_prep_X": 0.0,
  "p_prep_Z": 0.0
}