{
  "p_cnot_IX": 0.0,
  "p_cnot_IY": 5.3161572202658365e-06,
  "p_cnot_IZ": 0.0,
  "p_cnot_XI": 0.0,
  "p_cnot_XX": 0.0,
  "p_cnot_XY": 0.0015661584979224322,
  "p_cnot_XZ": 0.0,
  "p_cnot_YI": 0.0,
  "p_cnot_YX": 0.0,
  "p_cnot_YY": 4.344752852724976e-05,
  "p_cnot_YZ": 0.0,
  "p_cnot_ZI": 0.001227898456867998,
  "p_cnot_ZX": 0.0,
  "p_cnot_ZY": 0.0,
  "p_cnot_ZZ": 0.00038452788789609883,
  "p_idle_cnot_X": 0.0003651409704071985,
  "p_idle_cnot_Y": 0.00019822969308872925,
  "p_idle_cnot_Z": 0.0,
  "p_idle_spam_X": 0.0012830295863696453,
  "p_idle_spam_Y": 0.0021885006402886636,
  "p_idle_spam_Z": 6.966937422762754e-05,
  "p_meas_X": 0.003578958678287935,
  "p_meas_Z": 0.003578958678287935,
  "p_prep_X": 0.0016498290303177145,
  "p_prep_Z": 0.0016498290303177145
}