{
  "p_cnot_IX": 0.0,
  "p_cnot_IY": 0.0,
  "p_cnot_IZ": 6.605440542051018e-05,
  "p_cnot_XI": 0.00017162076888897326,
  "p_cnot_XX": 0.0007056318792831244,
  "p_cnot_XY": 0.0,
  "p_cnot_XZ": 0.0001976973691973524,
  "p_cnot_YI": 7.417577156579413e-05,
  "p_cnot_YX": 0.0002766289639456628,
  "p_cnot_YY": 0.0,
  "p_cnot_YZ": 0.00019829626112929862,
  "p_cnot_ZI": 0.0004824852213910394,
  "p_cnot_ZX": 0.0,
  "p_cnot_ZY": 0.0,
  "p_cnot_ZZ": 0.00037709527790702815,
  "p_idle_cnot_X": 0.0,
  "p_idle_cnot_Y": 0.0003526147386254913,
  "p_idle_cnot_Z": 0.0,
  "p_idle_spam_X": 0.0021441540608961754,
  "p_idle_spam_Y": 0.0011979967082627247,
  "p_idle_spam_Z": 0.0,
  "p_meas_X": 0.00716342969040461,
  "p_meas_Z": 0.00716342969040461,
  "p_prep_X": 0.0,
  "p_prep_Z": 0.0
}