{
  "p_cnot_IX": 5.91475744447748e-05,
  "p_cnot_IY": 0.0004870503099308334,
  "p_cnot_IZ": 4.379773450608676e-05,
  "p_cnot_XI": 6.0222761742999834e-05,
  "p_cnot_XX": 0.0008114756777427378,
  "p_cnot_XY": 4.897829193249631e-06,
  "p_cnot_XZ": 6.088148433953794e-05,
  "p_cnot_YI": 6.567526436652872e-05,
  "p_cnot_YX": 0.0002925645289922762,
  "p_cnot_YY": 4.80778663832987e-06,
  "p_cnot_YZ": 6.908670638899336e-05,
  "p_cnot_ZI": 0.0005209449328204326,
  "p_cnot_ZX": 0.0,
  "p_cnot_ZY": 0.00012110920089094697,
  "p_cnot_ZZ": 0.00024131360025775387,
  "p_idle_cnot_X": 0.00023052428897026535,
  "p_idle_cnot_Y": 0.00030769745884152777,
  "p_idle_cnot_Z": 1.7426185065964735e-08,
  "p_idle_spam_X": 0.0018642962189800464,
  "p_idle_spam_Y": 0.001996898616432408,
  "p_idle_spam_Z": 0.0,
  "p_meas_X": 0.0038986322499227804,
  "p_meas_Z": 0.0038986322499227804,
  "p_prep_X": 0.002450114260811336,
  "p_prep_Z": 0.002450114260811336
}