{
  "p_cnot_IX": 0.0006007396298529213,
  "p_cnot_IY": 0.0,
  "p_cnot_IZ": 0.0,
  "p_cnot_XI": 0.0008938203699395647,
  "p_cnot_XX": 0.0,
  "p_cnot_XY": 0.0024842375990509345,
  "p_cnot_XZ": 0.0009145767506443219,
  "p_cnot_YI": 0.001156071635509452,
  "p_cnot_YX": 0.0,
  "p_cnot_YY": 0.0,
  "p_cnot_YZ": 0.0010830084569299224,
  "p_cnot_ZI": 6.031834078873832e-05,
  "p_cnot_ZX": 0.0,
  "p_cnot_ZY": 0.0,
  "p_cnot_ZZ": 0.0,
  "p_idle_cnot_X": 0.0003448354522117614,
  "p_idle_cnot_Y": 0.0,
  "p_idle_cnot_Z": 0.0,
  "p_idle_spam_X": 0.0009017481735443074,
  "p_idle_spam_Y": 0.0025878544067933005,
  "p_idle_spam_Z": 0.0,
  "p_meas_X": 0.005569945557873719,
  "p_meas_Z": 0.005569945557873719,
  "p_prep_X": 0.002005835619411198,
  "p_prep_Z": 0.002005835619411198
}