{
  "p_cnot_IX": 0.0017281829725797914,
  "p_cnot_IY": 0.0,
  "p_cnot_IZ": 0.0,
  "p_cnot_XI": 1.5556642342260835e-06,
  "p_cnot_XX": 0.0,
  "p_cnot_XY": 0.0023119831246133614,
  "p_cnot_XZ": 3.4670750129127585e-08,
  "p_cnot_YI": 0.0002731353235401228,
  "p_cnot_YX": 0.0,
  "p_cnot_YY": 0.00030666847557395523,
  "p_cnot_YZ": 0.00021860628635707357,
  "p_cnot_ZI": 0.002382759080665969,
  "p_cnot_ZX": 0.0,
  "p_cnot_ZY": 0.0,
  "p_cnot_ZZ": 0.0,
  "p_idle_cnot_X": 0.0,
  "p_idle_cnot_Y": 0.0003896571575447874,
  "p_idle_cnot_Z": 0.0,
  "p_idle_spam_X": 0.0,
  "p_idle_spam_Y": 0.0010032081065149277,
  "p_idle_spam_Z": 0.0,
  "p_meas_X": 0.0007945011613341181,
  "p_meas_Z": 0.0007945011613341181,
  "p_prep_X": 0.002695229926144652,
  "p_prep_Z": 0.002695229926144652
}