{
  "p_cnot_IX": 0.0,
  "p_cnot_IY": 7.419529070847696e-05,
  "p_cnot_IZ": 0.0,
  "p_cnot_XI": 0.0,
  "p_cnot_XX": 0.0,
  "p_cnot_XY": 0.0,
  "p_cnot_XZ": 0.0,
  "p_cnot_YI": 0.0,
  "p_cnot_YX": 0.0,
  "p_cnot_YY": 0.0,
  "p_cnot_YZ": 0.0,
  "p_cnot_ZI": 0.0,
  "p_cnot_ZX": 0.0,
  "p_cnot_ZY": 7.045725797650575e-06,
  "p_cnot_ZZ": 1.0455981848217066e-05,
  "p_idle_cnot_X": 0.0,
  "p_idle_cnot_Y": 0.0009372093227931861,
  "p_idle_cnot_Z": 0.0,
  "p_idle_spam_X": 0.003868881955184744,
  "p_idle_spam_Y": 0.0008330441711243022,
  "p_idle_spam_Z": 0.0,
  "p_meas_X": 0.003641507613960248,
  "p_meas_Z": 0.003641507613960248,
  "p_prep_X": 0.0022243059304546176,
  "p_prep_Z": 0.0022243059304546176
}