{
  "p_cnot_IX": 0.0009927135757943069,
  "p_cnot_IY": 0.001228906435921217,
  "p_cnot_IZ": 0.00018068190091318618,
  "p_cnot_XI": 0.0,
  "p_cnot_XX": 0.0,
  "p_cnot_XY": 0.0007558750850046025,
  "p_cnot_XZ": 0.0,
  "p_cnot_YI": 0.00011385534357533397,
  "p_cnot_YX": 0.0,
  "p_cnot_YY": 0.0,
  "p_cnot_YZ": 0.00011150243896651364,
  "p_cnot_ZI": 0.0009721840383746623,
  "p_cnot_ZX": 4.8246056329420226e-05,
  "p_cnot_ZY": 0.00028550535721245365,
  "p_cnot_ZZ": 0.00024912068409660995,
  "p_idle_cnot_X": 8.472213053434776e-05,
  "p_idle_cnot_Y": 0.0005776643784732305,
  "p_idle_cnot_Z": 0.0008538924057236629,
  "p_idle_spam_X": 1.807770227277492e-05,
  "p_idle_spam_Y": 0.0006822342699017932,
  "p_idle_spam_Z": 0.0,
  "p_meas_X": 0.001455692535229511,
  "p_meas_Z": 0.001455692535229511,
  "p_prep_X": 0.0013933068315544086,
  "p_prep_Z": 0.0013933068315544086
}