{
  "p_cnot_IX": 0.0,
  "p_cnot_IY": 0.0,
  "p_cnot_IZ": 0.0,
  "p_cnot_XI": 4.5402454109706825e-05,
  "p_cnot_XX": 0.00018754741170190592,
  "p_cnot_XY": 2.3255364632099322e-05,
  "p_cnot_XZ": 4.6321696590359985e-05,
  "p_cnot_YI": 0.0,
  "p_cnot_YX": 0.0,
  "p_cnot_YY": 0.0,
  "p_cnot_YZ": 0.0010869506497300592,
  "p_cnot_ZI": 0.0003709976188945306,
  "p_cnot_ZX": 0.0,
  "p_cnot_ZY": 0.0,
  "p_cnot_ZZ": 0.0006943868364554075,
  "p_idle_cnot_X": 0.0015479802476201091,
  "p_idle_cnot_Y": 0.0,
  "p_idle_cnot_Z": 0.0,
  "p_idle_spam_X": 0.0001652707722247227,
  "p_idle_spam_Y": 0.002289388117080189,
  "p_idle_spam_Z": 0.0,
  "p_meas_X": 0.003394589457601324,
  "p_meas_Z": 0.003394589457601324,
  "p_prep_X": 0.0,
  "p_prep_Z": 0.0
}