{
  "p_cnot_IX": 0.0009524402302119529,
  "p_cnot_IY": 0.0,
  "p_cnot_IZ": 0.0,
  "p_cnot_XI": 0.00042852697808256593,
  "p_cnot_XX": 0.0,
  "p_cnot_XY": 0.0,
  "p_cnot_XZ": 0.00043489294031359466,
  "p_cnot_YI": 0.0007974632926864148,
  "p_cnot_YX": 0.0,
  "p_cnot_YY": 0.0004086133053957812,
  "p_cnot_YZ": 0.0008012208899009226,
  "p_cnot_ZI": 0.0,
  "p_cnot_ZX": 0.000779540781942325,
  "p_cnot_ZY": 0.000832500012864042,
  "p_cnot_ZZ": 0.0,
  "p_idle_cnot_X": 0.0,
  "p_idle_cnot_Y": 0.0,
  "p_idle_cnot_Z": 0.0,
  "p_idle_spam_X": 0.0011479079865607535,
  "p_idle_spam_Y": 0.0020579507004472716,
  "p_idle_spam_Z": 0.0,
  "p_meas_X": 0.0072262704567016035,
  "p_meas_Z": 0.0072262704567016035,
  "p_prep_X": 5.1415161305547055e-06,
  "p_prep_Z": 5.1415161305547055e-06
}