{
  "p_cnot_IX": 0.0003817579510551345,
  "p_cnot_IY": 0.0,
  "p_cnot_IZ": 0.0,
  "p_cnot_XI": 0.00027705754669089247,
  "p_cnot_XX": 0.0,
  "p_cnot_XY": 0.0018055911235162537,
  "p_cnot_XZ": 0.00027253273426456806,
  "p_cnot_YI": 0.0003483692569997699,
  "p_cnot_YX": 0.0,
  "p_cnot_YY": 0.0,
  "p_cnot_YZ": 0.0003378306556876187,
  "p_cnot_ZI": 0.0008920718165912754,
  "p_cnot_ZX": 0.0,
  "p_cnot_ZY": 0.0,
  "p_cnot_ZZ": 5.939570879411543e-05,
  "p_idle_cnot_X": 0.0008201736568682073,
  "p_idle_cnot_Y": 0.0003657794815251536,
  "p_idle_cnot_Z": 3.0036442998296257e-07,
  "p_idle_spam_X": 5.573490639195658e-05,
  "p_idle_spam_Y": 0.0013666186594846704,
  "p_idle_spam_Z": 0.0,
  "p_meas_X": 0.004686128238823183,
  "p_meas_Z": 0.004686128238823183,
  "p_prep_X": 0.0007551429713107261,
  "p_prep_Z": 0.0007551429713107261
}