{
  "p_cnot_IX": 0.0005229098982450246,
  "p_cnot_IY": 2.6392823018339437e-06,
  "p_cnot_IZ": 0.0,
  "p_cnot_XI": 0.001064338463387144,
  "p_cnot_XX": 0.00014617000918000408,
  "p_cnot_XY": 0.0,
  "p_cnot_XZ": 0.00106914763012293,
  "p_cnot_YI": 0.0005494543761314403,
  "p_cnot_YX": 0.0016831946480034487,
  "p_cnot_YY": 0.0,
  "p_cnot_YZ": 0.0005520649712056544,
  "p_cnot_ZI": 0.0,
  "p_cnot_ZX": 0.0,
  "p_cnot_ZY": 0.0006096638521509127,
  "p_cnot_ZZ": 0.0,
  "p_idle_cnot_X": 0.0,
  "p_idle_cnot_Y": 0.0,
  "p_idle_cnot_Z": 0.0,
  "p_idle_spam_X": 0.0003989503245721807,
  "p_idle_spam_Y": 0.0013305491682167232,
  "p_idle_spam_Z": 0.0,
  "p_meas_X": 0.007651219768049843,
  "p_meas_Z": 0.007651219768049843,
  "p_prep_X": 0.0023172288135039263,
  "p_prep_Z": 0.0023172288135039263
}