{
  "p_cnot_IX": 0.0011818714750898424,
  "p_cnot_IY": 0.0001400556500808924,
  "p_cnot_IZ": 0.0,
  "p_cnot_XI": 0.0,
  "p_cnot_XX": 0.0008403702218936094,
  "p_cnot_XY": 0.0006133978413039248,
  "p_cnot_XZ": 0.0,
  "p_cnot_YI": 0.0007420960037791875,
  "p_cnot_YX": 0.0006085581316575746,
  "p_cnot_YY": 0.00038084342058513726,
  "p_cnot_YZ": 0.0007455463621119535,
  "p_cnot_ZI": 0.0009997710684440484,
  "p_cnot_ZX": 0.0009527433873674954,
  "p_cnot_ZY": 2.4528763410803997e-05,
  "p_cnot_ZZ": 2.8568689170748984e-05,
  "p_idle_cnot_X": 0.0,
  "p_idle_cnot_Y": 0.00014687417989509005,
  "p_idle_cnot_Z": 1.6162477789927425e-06,
  "p_idle_spam_X": 0.0004489636376061369,
  "p_idle_spam_Y": 0.0011571954918821287,
  "p_idle_spam_Z": 0.0,
  "p_meas_X": 0.0013374142303344508,
  "p_meas_Z": 0.0013374142303344508,
  "p_prep_X": 0.0009355734552961712,
  "p_prep_Z": 0.0009355734552961712
}