{
  "p_cnot_IX": 0.0016171804469504042,
  "p_cnot_IY": 0.00023948579559893951,
  "p_cnot_IZ": 1.8116729327978216e-05,
  "p_cnot_XI": 0.00034831481662215126,
  "p_cnot_XX": 0.0009225321700116287,
  "p_cnot_XY": 0.00042304744733299044,
  "p_cnot_XZ": 0.0003497130405754729,
  "p_cnot_YI": 0.0009011356061531607,
  "p_cnot_YX": 0.000549159819264496,
  "p_cnot_YY": 5.128454256018604e-05,
  "p_cnot_YZ": 0.0009035437766539803,
  "p_cnot_ZI": 2.8146584177164275e-05,
  "p_cnot_ZX": 0.0004192248212411485,
  "p_cnot_ZY": 0.00010360062489147022,
  "p_cnot_ZZ": 0.0,
  "p_idle_cnot_X": 0.0,
  "p_idle_cnot_Y": 0.0,
  "p_idle_cnot_Z": 0.0,
  "p_idle_spam_X": 0.0,
  "p_idle_spam_Y": 0.0011449866516990257,
  "p_idle_spam_Z": 0.0,
  "p_meas_X": 0.0038857966714857437,
  "p_meas_Z": 0.0038857966714857437,
  "p_prep_X": 0.0015402268361505394,
  "p_prep_Z": 0.0015402268361505394
}