{
  "p_cnot_IX": 0.0006576593915194277,
  "p_cnot_IY": 0.0,
  "p_cnot_IZ": 0.0,
  "p_cnot_XI": 2.760009039858536e-05,
  "p_cnot_XX": 0.0,
  "p_cnot_XY": 0.0,
  "p_cnot_XZ": 5.566383012477663e-05,
  "p_cnot_YI": 0.000306853681400715,
  "p_cnot_YX": 0.0,
  "p_cnot_YY": 0.0007145320572015578,
  "p_cnot_YZ": 0.00030477754200512513,
  "p_cnot_ZI": 0.0004925485740871198,
  "p_cnot_ZX": 0.0,
  "p_cnot_ZY": 0.0,
  "p_cnot_ZZ": 0.0,
  "p_idle_cnot_X": 0.000513408113312155,
  "p_idle_cnot_Y": 0.0004753734484496151,
  "p_idle_cnot_Z": 0.0,
  "p_idle_spam_X": 0.001733500629455193,
  "p_idle_spam_Y": 0.0020030245178841058,
  "p_idle_spam_Z": 0.0,
  "p_meas_X": 0.0042936775039025205,
  "p_meas_Z": 0.0042936775039025205,
  "p_prep_X": 0.0,
  "p_prep_Z": 0.0
}