{
  "p_cnot_IX": 0.0021212753625157975,
  "p_cnot_IY": 0.0017416113143889815,
  "p_cnot_IZ": 0.0,
  "p_cnot_XI": 0.0,
  "p_cnot_XX": 0.0,
  "p_cnot_XY": 0.0005730581359485251,
  "p_cnot_XZ": 0.0,
  "p_cnot_YI": 0.0,
  "p_cnot_YX": 0.0,
  "p_cnot_YY": 0.0,
  "p_cnot_YZ": 0.0,
  "p_cnot_ZI": 0.0009932852605234754,
  "p_cnot_ZX": 0.0,
  "p_cnot_ZY": 0.0,
  "p_cnot_ZZ": 0.0,
  "p_idle_cnot_X": 0.0001166693862092695,
  "p_idle_cnot_Y": 0.0008233529093488975,
  "p_idle_cnot_Z": 0.0,
  "p_idle_spam_X": 0.0,
  "p_idle_spam_Y": 0.0004952129438259432,
  "p_idle_spam_Z": 0.0,
  "p_meas_X": 0.0018959205327104178,
  "p_meas_Z": 0.0018959205327104178,
  "p_prep_X": 0.005718125684323618,
  "p_prep_Z": 0.005718125684323618
}