{
  "p_cnot_IX": 0.0,
  "p_cnot_IY": 0.0,
  "p_cnot_IZ": 6.601010182216851e-07,
  "p_cnot_XI": 5.163064833332612e-05,
  "p_cnot_XX": 0.00016658933577437974,
  "p_cnot_XY": 1.598720501211807e-07,
  "p_cnot_XZ": 7.998576817888991e-05,
  "p_cnot_YI": 0.00015497688055452865,
  "p_cnot_YX": 0.0,
  "p_cnot_YY": 0.0,
  "p_cnot_YZ": 0.0008851347250629138,
  "p_cnot_ZI": 0.00035532027338458554,
  "p_cnot_ZX": 0.0,
  "p_cnot_ZY": 0.0,
  "p_cnot_ZZ": 0.000761707762455346,
  "p_idle_cnot_X": 0.0015675129117127806,
  "p_idle_cnot_Y": 0.0,
  "p_idle_cnot_Z": 0.0,
  "p_idle_spam_X": 0.0002183214822733272,
  "p_idle_spam_Y": 0.002253516315650674,
  "p_idle_spam_Z": 0.0,
  "p_meas_X": 0.0033304684429465775,
  "p_meas_Z": 0.0033304684429465775,
  "p_prep_X": 0.0,
  "p_prep_Z": 0.0
}