{
  "p_cnot_IX": 0.0006757995438757275,
  "p_cnot_IY": 0.0,
  "p_cnot_IZ": 0.0,
  "p_cnot_XI": 5.674240602209094e-05,
  "p_cnot_XX": 0.0,
  "p_cnot_XY": 0.0,
  "p_cnot_XZ": 5.586082658173581e-05,
  "p_cnot_YI": 0.00032481508183793855,
  "p_cnot_YX": 0.0,
  "p_cnot_YY": 0.0007167146677001221,
  "p_cnot_YZ": 0.00031685127169584073,
  "p_cnot_ZI": 0.00048586895768934767,
  "p_cnot_ZX": 0.0,
  "p_cnot_ZY": 0.0,
  "p_cnot_ZZ": 0.0,
  "p_idle_cnot_X": 0.0005066928285622155,
  "p_idle_cnot_Y": 0.00046585371515274574,
  "p_idle_cnot_Z": 0.0,
  "p_idle_spam_X": 0.0017157365998058869,
  "p_idle_spam_Y": 0.0020183093549532042,
  "p_idle_spam_Z": 0.0,
  "p_meas_X": 0.004312198257400422,
  "p_meas_Z": 0.004312198257400422,
  "p_prep_X": 0.0,
  "p_prep_Z": 0.0
}