{
  "p_cnot_IX": 0.0,
  "p_cnot_IY": 0.00011809097086377726,
  "p_cnot_IZ": 0.0,
  "p_cnot_XI": 0.0,
  "p_cnot_XX": 0.0,
  "p_cnot_XY": 0.0,
  "p_cnot_XZ": 0.0,
  "p_cnot_YI": 0.0,
  "p_cnot_YX": 0.0,
  "p_cnot_YY": 0.0,
  "p_cnot_YZ": 0.0,
  "p_cnot_ZI": 0.0,
  "p_cnot_ZX": 0.0,
  "p_cnot_ZY": 3.667889210664638e-06,
  "p_cnot_ZZ": 2.5224831541129295e-06,
  "p_idle_cnot_X": 0.0,
  "p_idle_cnot_Y": 0.000949027965333414,
  "p_idle_cnot_Z": 0.0,
  "p_idle_spam_X": 0.003928077449994888,
  "p_idle_spam_Y": 0.0007356807512813536,
  "p_idle_spam_Z": 0.0,
  "p_meas_X": 0.0036383667712666617,
  "p_meas_Z": 0.0036383667712666617,
  "p_prep_X": 0.002084372968391857,
  "p_prep_Z": 0.002084372968391857
}