{
  "p_cnot_IX": 0.00023194769232062824,
  "p_cnot_IY": 0.000523161970635859,
  "p_cnot_IZ": 5.496135965777662e-07,
  "p_cnot_XI": 2.191325615173298e-05,
  "p_cnot_XX": 0.0008553561559525443,
  "p_cnot_XY": 0.0,
  "p_cnot_XZ": 2.128974772780919e-05,
  "p_cnot_YI": 0.0001572622009098396,
  "p_cnot_YX": 9.85612223429073e-05,
  "p_cnot_YY": 2.3142854843217476e-05,
  "p_cnot_YZ": 0.00015960131749431075,
  "p_cnot_ZI": 0.0005476138668496595,
  "p_cnot_ZX": 0.0,
  "p_cnot_ZY": 8.809265542901333e-05,
  "p_cnot_ZZ": 0.0,
  "p_idle_cnot_X": 0.0003525403680820264,
  "p_idle_cnot_Y": 0.00039849025857991344,
  "p_idle_cnot_Z": 0.0,
  "p_idle_spam_X": 0.001703027927047946,
  "p_idle_spam_Y": 0.0017444768620479085,
  "p_idle_spam_Z": 4.692059845779078e-05,
  "p_meas_X": 0.003325784773685221,
  "p_meas_Z": 0.003325784773685221,
  "p_prep_X": 0.002177709624387355,
  "p_prep_Z": 0.002177709624387355
}