{
  "p_cnot_IX": 0.0002990087383992748,
  "p_cnot_IY": 0.00024613000355202543,
  "p_cnot_IZ": 0.00026629765956463037,
  "p_cnot_XI": 0.0003697871779706658,
  "p_cnot_XX": 0.00018142162969909335,
  "p_cnot_XY": 0.0005951772743894897,
  "p_cnot_XZ": 0.0003681964356337474,
  "p_cnot_YI": 0.0007654284608081593,
  "p_cnot_YX": 0.0,
  "p_cnot_YY": 0.0002402201812720333,
  "p_cnot_YZ": 0.0007633487640846272,
  "p_cnot_ZI": 0.0006284147228995457,
  "p_cnot_ZX": 4.84485559963495e-05,
  "p_cnot_ZY": 8.65668463598391e-06,
  "p_cnot_ZZ": 0.0006800504856540343,
  "p_idle_cnot_X": 0.0004985089973338966,
  "p_idle_cnot_Y": 0.00040457124004629946,
  "p_idle_cnot_Z": 2.2316908848484923e-05,
  "p_idle_spam_X": 0.0014956223251230934,
  "p_idle_spam_Y": 0.0017480294298730184,
  "p_idle_spam_Z": 0.0013976174709609908,
  "p_meas_X": 0.0016399834056340687,
  "p_meas_Z": 0.0016399834056340687,
  "p_prep_X": 0.0015683308413059459,
  "p_prep_Z": 0.0015683308413059459
}