{
  "p_cnot_IX": 0.0,
  "p_cnot_IY": 0.0,
  "p_cnot_IZ": 0.00019753430388100393,
  "p_cnot_XI": 0.00011102306223297943,
  "p_cnot_XX": 0.0006738808504360975,
  "p_cnot_XY": 0.0,
  "p_cnot_XZ": 0.00015012727058965494,
  "p_cnot_YI": 0.00015766879080015138,
  "p_cnot_YX": 0.0002837253675120769,
  "p_cnot_YY": 0.0,
  "p_cnot_YZ": 0.00023242256545648462,
  "p_cnot_ZI": 0.0004409875355071138,
  "p_cnot_ZX": 0.0,
  "p_cnot_ZY": 0.0,
  "p_cnot_ZZ": 0.0002887023708196875,
  "p_idle_cnot_X": 0.0,
  "p_idle_cnot_Y": 0.0003612911910451652,
  "p_idle_cnot_Z": 0.0,
  "p_idle_spam_X": 0.002129529984781103,
  "p_idle_spam_Y": 0.00119515948631202,
  "p_idle_spam_Z": 0.0,
  "p_meas_X": 0.007091607733604959,
  "p_meas_Z": 0.007091607733604959,
  "p_prep_X": 0.0,
  "p_prep_Z": 0.0
}