{
  "p_cnot_IX": 0.0,
  "p_cnot_IY": 0.0,
  "p_cnot_IZ": 0.0,
  "p_cnot_XI": 0.0,
  "p_cnot_XX": 0.0,
  "p_cnot_XY": 0.0013063400102116475,
  "p_cnot_XZ": 0.0,
  "p_cnot_YI": 0.0,
  "p_cnot_YX": 0.0,
  "p_cnot_YY": 0.0001339272513669155,
  "p_cnot_YZ": 0.0,
  "p_cnot_ZI": 0.0012015717374364682,
  "p_cnot_ZX": 0.0,
  "p_cnot_ZY": 0.0,
  "p_cnot_ZZ": 0.0004414529013255854,
  "p_idle_cnot_X": 0.0002725205644658227,
  "p_idle_cnot_Y": 0.00019235924551500356,
  "p_idle_cnot_Z": 0.0,
  "p_idle_spam_X": 0.001593073821447381,
  "p_idle_spam_Y": 0.0021820885235711196,
  "p_idle_spam_Z": 0.0005827304159419673,
  "p_meas_X": 0.005123474919129358,
  "p_meas_Z": 0.005123474919129358,
  "p_prep_X": 0.0,
  "p_prep_Z": 0.0
}