{
  "p_cnot_IX": 0.0018050890288033054,
  "p_cnot_IY": 0.0,
  "p_cnot_IZ": 0.0,
  "p_cnot_XI": 7.597036985197111e-07,
  "p_cnot_XX": 0.0,
  "p_cnot_XY": 0.002327701618680396,
  "p_cnot_XZ": 7.648433940935775e-07,
  "p_cnot_YI": 0.00027043012177677226,
  "p_cnot_YX": 0.0,
  "p_cnot_YY": 0.0002351878741116994,
  "p_cnot_YZ": 0.00022886768364958,
  "p_cnot_ZI": 0.00233186093166374,
  "p_cnot_ZX": 0.0,
  "p_cnot_ZY": 0.0,
  "p_cnot_ZZ": 0.0,
  "p_idle_cnot_X": 0.0,
  "p_idle_cnot_Y": 0.0003932726099529189,
  "p_idle_cnot_Z": 0.0,
  "p_idle_spam_X": 0.0,
  "p_idle_spam_Y": 0.0010094464689066865,
  "p_idle_spam_Z": 0.0,
  "p_meas_X": 0.0009427202091196076,
  "p_meas_Z": 0.0009427202091196076,
  "p_prep_X": 0.0025703662432036522,
  "p_prep_Z": 0.0025703662432036522
}