{
  "p_cnot_IX": 0.0012669486442278659,
  "p_cnot_IY": 0.0,
  "p_cnot_IZ": 0.0,
  "p_cnot_XI": 0.0004037455825302216,
  "p_cnot_XX": 0.0,
  "p_cnot_XY": 1.7348687548324992e-06,
  "p_cnot_XZ": 0.00040990839578343294,
  "p_cnot_YI": 0.0008484748386431081,
  "p_cnot_YX": 0.0,
  "p_cnot_YY": 0.000608418122570323,
  "p_cnot_YZ": 0.0008511032552249041,
  "p_cnot_ZI": 0.0,
  "p_cnot_ZX": 0.0005584307930842385,
  "p_cnot_ZY": 0.0006700083052611485,
  "p_cnot_ZZ": 0.0,
  "p_idle_cnot_X": 0.0,
  "p_idle_cnot_Y": 0.0,
  "p_idle_cnot_Z": 0.0,
  "p_idle_spam_X": 0.0009761989451964841,
  "p_idle_spam_Y": 0.0019674960742259245,
  "p_idle_spam_Z": 0.0,
  "p_meas_X": 0.006858984446580667,
  "p_meas_Z": 0.006858984446580667,
  "p_prep_X": 0.00016160250342212747,
  "p_prep_Z": 0.00016160250342212747
}