{
  "p_cnot_IX": 0.00040233667331733347,
  "p_cnot_IY": 0.0,
  "p_cnot_IZ": 2.1953354831637243e-06,
  "p_cnot_XI": 0.00034473414675098666,
  "p_cnot_XX": 0.0,
  "p_cnot_XY": 0.0017635886915403798,
  "p_cnot_XZ": 0.00033897063548002853,
  "p_cnot_YI": 0.00039334823283048803,
  "p_cnot_YX": 0.0,
  "p_cnot_YY": 0.0,
  "p_cnot_YZ": 0.000374682127264495,
  "p_cnot_ZI": 0.000916803050732931,
  "p_cnot_ZX": 0.0,
  "p_cnot_ZY": 0.0,
  "p_cnot_ZZ": 0.0,
  "p_idle_cnot_X": 0.0007472425333236608,
  "p_idle_cnot_Y": 0.0003861536879328356,
  "p_idle_cnot_Z": 6.408215921026852e-07,
  "p_idle_spam_X": 0.00014740060038887054,
  "p_idle_spam_Y": 0.0013464890886544746,
  "p_idle_spam_Z": 0.0,
  "p_meas_X": 0.004915348792366617,
  "p_meas_Z": 0.004915348792366617,
  "p_prep_X": 0.0003118341914478558,
  "p_prep_Z": 0.0003118341914478558
}