{
  "p_cnot_IX": 0.00012786048892110804,
  "p_cnot_IY": 0.00022800409425922195,
  "p_cnot_IZ": 0.0,
  "p_cnot_XI": 0.0009312021331448597,
  "p_cnot_XX": 0.0004475064215852305,
  "p_cnot_XY": 0.0,
  "p_cnot_XZ": 0.0009359759882073848,
  "p_cnot_YI": 0.0005339110761766222,
  "p_cnot_YX": 0.0018329421296744966,
  "p_cnot_YY": 0.0,
  "p_cnot_YZ": 0.0005413959903287111,
  "p_cnot_ZI": 0.0,
  "p_cnot_ZX": 8.608422060852742e-06,
  "p_cnot_ZY": 0.00027128353970382133,
  "p_cnot_ZZ": 4.732189575225482e-06,
  "p_idle_cnot_X": 0.0,
  "p_idle_cnot_Y": 0.0,
  "p_idle_cnot_Z": 0.0,
  "p_idle_spam_X": 0.0005149782996031908,
  "p_idle_spam_Y": 0.0013003317618717743,
  "p_idle_spam_Z": 0.0,
  "p_meas_X": 0.008016456075242725,
  "p_meas_Z": 0.008016456075242725,
  "p_prep_X": 0.0020023595329922927,
  "p_prep_Z": 0.0020023595329922927
}