{
  "p_cnot_IX": 0.001560725020496041,
  "p_cnot_IY": 0.0,
  "p_cnot_IZ": 0.0,
  "p_cnot_XI": 0.0001133144510908957,
  "p_cnot_XX": 0.00038998192075100194,
  "p_cnot_XY": 0.0,
  "p_cnot_XZ": 0.00010703642705922086,
  "p_cnot_YI": 0.0010939802819788247,
  "p_cnot_YX": 0.0010115270752589828,
  "p_cnot_YY": 0.0,
  "p_cnot_YZ": 0.0010923708889731007,
  "p_cnot_ZI": 0.0,
  "p_cnot_ZX": 0.0018534481752852333,
  "p_cnot_ZY": 0.0,
  "p_cnot_ZZ": 0.0,
  "p_idle_cnot_X": 0.0,
  "p_idle_cnot_Y": 0.0,
  "p_idle_cnot_Z": 0.0,
  "p_idle_spam_X": 0.0,
  "p_idle_spam_Y": 0.0018878304050389772,
  "p_idle_spam_Z": 0.0,
  "p_meas_X": 0.004597351580409467,
  "p_meas_Z": 0.004597351580409467,
  "p_prep_X": 0.0,
  "p_prep_Z": 0.0
}