{
  "p_cnot_IX": 0.0014048638835517015,
  "p_cnot_IY": 0.0003281019106012231,
  "p_cnot_IZ": 0.0,
  "p_cnot_XI": 0.0006849132349584316,
  "p_cnot_XX": 0.00015694099501233077,
  "p_cnot_XY": 0.0,
  "p_cnot_XZ": 0.0006915973169947265,
  "p_cnot_YI": 0.0008880037584530703,
  "p_cnot_YX": 0.0014602749226669872,
  "p_cnot_YY": 0.0,
  "p_cnot_YZ": 0.0008861446339591858,
  "p_cnot_ZI": 0.0,
  "p_cnot_ZX": 0.0004805733952071513,
  "p_cnot_ZY": 0.0,
  "p_cnot_ZZ": 0.0,
  "p_idle_cnot_X": 0.0,
  "p_idle_cnot_Y": 0.0,
  "p_idle_cnot_Z": 0.0,
  "p_idle_spam_X": 0.00028890657615215725,
  "p_idle_spam_Y": 0.0011369426216455189,
  "p_idle_spam_Z": 0.0,
  "p_meas_X": 0.00560984992540088,
  "p_meas_Z": 0.00560984992540088,
  "p_prep_X": 0.0,
  "p_prep_Z": 0.0
}