{
  "p_cnot_IX": 0.001779338771845798,
  "p_cnot_IY": 0.0,
  "p_cnot_IZ": 0.0,
  "p_cnot_XI": 0.0,
  "p_cnot_XX": 0.0,
  "p_cnot_XY": 0.002295594037018205,
  "p_cnot_XZ": 0.0,
  "p_cnot_YI": 0.00029311727547578505,
  "p_cnot_YX": 0.0,
  "p_cnot_YY": 0.00028265630539925666,
  "p_cnot_YZ": 0.00025042754016575637,
  "p_cnot_ZI": 0.0022768050938121137,
  "p_cnot_ZX": 0.0,
  "p_cnot_ZY": 0.0,
  "p_cnot_ZZ": 0.0,
  "p_idle_cnot_X": 0.0,
  "p_idle_cnot_Y": 0.0003856219068752199,
  "p_idle_cnot_Z": 0.0,
  "p_idle_spam_X": 0.0,
  "p_idle_spam_Y": 0.0009961605719318917,
  "p_idle_spam_Z": 0.0,
  "p_meas_X": 0.000858081038994195,
  "p_meas_Z": 0.000858081038994195,
  "p_prep_X": 0.002813044279440945,
  "p_prep_Z": 0.002813044279440945
}