{
  "p_cnot_IX": 0.0,
  "p_cnot_IY": 1.8561709724767983e-05,
  "p_cnot_IZ": 0.00031496821878298007,
  "p_cnot_XI": 0.00021004031450461464,
  "p_cnot_XX": 0.0003305383136376225,
  "p_cnot_XY": 0.0,
  "p_cnot_XZ": 0.0002187316734344629,
  "p_cnot_YI": 0.0,
  "p_cnot_YX": 0.0013538253752791054,
  "p_cnot_YY": 0.0,
  "p_cnot_YZ": 0.0,
  "p_cnot_ZI": 0.0,
  "p_cnot_ZX": 0.0,
  "p_cnot_ZY": 0.0,
  "p_cnot_ZZ": 0.0005739874480682001,
  "p_idle_cnot_X": 0.00022232969457693447,
  "p_idle_cnot_Y": 0.0001674288781351418,
  "p_idle_cnot_Z": 0.0,
  "p_idle_spam_X": 0.001633715506517514,
  "p_idle_spam_Y": 0.0022622756048655285,
  "p_idle_spam_Z": 0.0,
  "p_meas_X": 0.00621487736657022,
  "p_meas_Z": 0.00621487736657022,
  "p_prep_X": 0.0020174702896792454,
  "p_prep_Z": 0.0020174702896792454
}