{
  "p_cnot_IX": 0.0,
  "p_cnot_IY": 0.00011069193478988775,
  "p_cnot_IZ": 0.0,
  "p_cnot_XI": 0.0,
  "p_cnot_XX": 0.0,
  "p_cnot_XY": 0.0,
  "p_cnot_XZ": 0.0,
  "p_cnot_YI": 0.0,
  "p_cnot_YX": 0.0,
  "p_cnot_YY": 0.0,
  "p_cnot_YZ": 0.0,
  "p_cnot_ZI": 0.0,
  "p_cnot_ZX": 0.0,
  "p_cnot_ZY": 2.0386389305542003e-06,
  "p_cnot_ZZ": 1.4129693674409634e-05,
  "p_idle_cnot_X": 0.0,
  "p_idle_cnot_Y": 0.000942761517257025,
  "p_idle_cnot_Z": 0.0,
  "p_idle_spam_X": 0.003795311737141508,
  "p_idle_spam_Y": 0.0007869194627246507,
  "p_idle_spam_Z": 0.0,
  "p_meas_X": 0.003586265132354214,
  "p_meas_Z": 0.003586265132354214,
  "p_prep_X": 0.0023122121451804667,
  "p_prep_Z": 0.0023122121451804667
}