{
  "p_cnot_IX": 0.0,
  "p_cnot_IY": 0.0,
  "p_cnot_IZ": 0.0,
  "p_cnot_XI": 0.0,
  "p_cnot_XX": 0.0,
  "p_cnot_XY": 0.001312886943581363,
  "p_cnot_XZ": 0.0,
  "p_cnot_YI": 0.0,
  "p_cnot_YX": 0.0,
  "p_cnot_YY": 0.00011193526004835014,
  "p_cnot_YZ": 0.0,
  "p_cnot_ZI": 0.0011495276018413908,
  "p_cnot_ZX": 0.0,
  "p_cnot_ZY": 0.0,
  "p_cnot_ZZ": 0.0004640251555610274,
  "p_idle_cnot_X": 0.00030372225159842745,
  "p_idle_cnot_Y": 0.00018796396754438172,
  "p_idle_cnot_Z": 0.0,
  "p_idle_spam_X": 0.001541964996765438,
  "p_idle_spam_Y": 0.0021868688984770708,
  "p_idle_spam_Z": 0.0005670593820418524,
  "p_meas_X": 0.005144084690868938,
  "p_meas_Z": 0.005144084690868938,
  "p_prep_X": 0.0,
  "p_prep_Z": 0.0
}