{
  "p_cnot_IX": 0.0021245150188889308,
  "p_cnot_IY": 0.0017532035119393378,
  "p_cnot_IZ": 0.0,
  "p_cnot_XI": 0.0,
  "p_cnot_XX": 0.0,
  "p_cnot_XY": 0.0005587843809040074,
  "p_cnot_XZ": 0.0,
  "p_cnot_YI": 0.0,
  "p_cnot_YX": 0.0,
  "p_cnot_YY": 0.0,
  "p_cnot_YZ": 0.0,
  "p_cnot_ZI": 0.0009787865904802337,
  "p_cnot_ZX": 0.0,
  "p_cnot_ZY": 0.0,
  "p_cnot_ZZ": 0.0,
  "p_idle_cnot_X": 0.00012084764475752855,
  "p_idle_cnot_Y": 0.00082041871600393,
  "p_idle_cnot_Z": 0.0,
  "p_idle_spam_X": 0.0,
  "p_idle_spam_Y": 0.000499265592212019,
  "p_idle_spam_Z": 0.0,
  "p_meas_X": 0.0019179588684195724,
  "p_meas_Z": 0.0019179588684195724,
  "p_prep_X": 0.005742048908776269,
  "p_prep_Z": 0.005742048908776269
}