{
  "p_cnot_IX": 0.0,
  "p_cnot_IY": 0.0,
  "p_cnot_IZ": 6.667312020047976e-06,
  "p_cnot_XI": 4.013103830165565e-08,
  "p_cnot_XX": 0.0001558028011526109,
  "p_cnot_XY": 6.0188955027177905e-05,
  "p_cnot_XZ": 4.111420105190791e-08,
  "p_cnot_YI": 0.0004039543683852907,
  "p_cnot_YX": 0.0,
  "p_cnot_YY": 0.0,
  "p_cnot_YZ": 0.0006804044288567292,
  "p_cnot_ZI": 0.00041346079226463285,
  "p_cnot_ZX": 0.0,
  "p_cnot_ZY": 0.0,
  "p_cnot_ZZ": 0.000682119359644279,
  "p_idle_cnot_X": 0.001597715193629342,
  "p_idle_cnot_Y": 0.0,
  "p_idle_cnot_Z": 0.0,
  "p_idle_spam_X": 7.771474688011226e-05,
  "p_idle_spam_Y": 0.002283268637954903,
  "p_idle_spam_Z": 0.0,
  "p_meas_X": 0.003307811658264548,
  "p_meas_Z": 0.003307811658264548,
  "p_prep_X": 0.0,
  "p_prep_Z": 0.0
}