{
  "p_cnot_IX": 0.00041669018436335417,
  "p_cnot_IY": 0.00010795258521070035,
  "p_cnot_IZ": 0.0002081311689079135,
  "p_cnot_XI": 0.0004965269887506875,
  "p_cnot_XX": 8.264399443475308e-05,
  "p_cnot_XY": 0.0008895567512813764,
  "p_cnot_XZ": 0.0004934405700641146,
  "p_cnot_YI": 0.0008330269543988316,
  "p_cnot_YX": 0.0,
  "p_cnot_YY": 0.00022016103110272442,
  "p_cnot_YZ": 0.0008280687879118403,
  "p_cnot_ZI": 0.0007658522067096782,
  "p_cnot_ZX": 1.6013612190442583e-05,
  "p_cnot_ZY": 0.0,
  "p_cnot_ZZ": 0.0004983437851878578,
  "p_idle_cnot_X": 0.0004800804282989712,
  "p_idle_cnot_Y": 0.0002835220759735574,
  "p_idle_cnot_Z": 9.683928729694631e-05,
  "p_idle_spam_X": 0.0015414119041564738,
  "p_idle_spam_Y": 0.001872817053033022,
  "p_idle_spam_Z": 0.0013561443282865673,
  "p_meas_X": 0.0018460829656542172,
  "p_meas_Z": 0.0018460829656542172,
  "p_prep_X": 0.0016831918407006112,
  "p_prep_Z": 0.0016831918407006112
}