{
  "p_cnot_IX": 0.0001452674928240448,
  "p_cnot_IY": 1.652202494804899e-05,
  "p_cnot_IZ": 0.0,
  "p_cnot_XI": 1.4648026291129614e-05,
  "p_cnot_XX": 0.0004374003339481818,
  "p_cnot_XY": 0.0,
  "p_cnot_XZ": 1.4116922509747476e-05,
  "p_cnot_YI": 0.00040241551516796047,
  "p_cnot_YX": 0.0,
  "p_cnot_YY": 0.0,
  "p_cnot_YZ": 0.00040664303893420687,
  "p_cnot_ZI": 0.0010057716696594311,
  "p_cnot_ZX": 0.0,
  "p_cnot_ZY": 0.0,
  "p_cnot_ZZ": 0.00010357883765793407,
  "p_idle_cnot_X": 2.4382221399026196e-05,
  "p_idle_cnot_Y": 0.0004953218042052942,
  "p_idle_cnot_Z": 0.00018247249258075194,
  "p_idle_spam_X": 0.0019350129685416647,
  "p_idle_spam_Y": 0.001142522522963704,
  "p_idle_spam_Z": 0.0,
  "p_meas_X": 0.0020911910088250944,
  "p_meas_Z": 0.0020911910088250944,
  "p_prep_X": 0.001289885641055962,
  "p_prep_Z": 0.001289885641055962
}