{
  "p_cnot_IX": 1.0260953321519522e-06,
  "p_cnot_IY": 0.0003956595509302483,
  "p_cnot_IZ": 0.0,
  "p_cnot_XI": 0.0009517976881268343,
  "p_cnot_XX": 0.00034619860361530984,
  "p_cnot_XY": 0.0,
  "p_cnot_XZ": 0.0009659043233874741,
  "p_cnot_YI": 0.0005707097249399012,
  "p_cnot_YX": 0.0016706848217604366,
  "p_cnot_YY": 0.0,
  "p_cnot_YZ": 0.0005704921338919246,
  "p_cnot_ZI": 0.0,
  "p_cnot_ZX": 0.00035760823781895917,
  "p_cnot_ZY": 0.00014830311265474815,
  "p_cnot_ZZ": 0.0,
  "p_idle_cnot_X": 0.0,
  "p_idle_cnot_Y": 0.0,
  "p_idle_cnot_Z": 0.0,
  "p_idle_spam_X": 0.0005455592819968596,
  "p_idle_spam_Y": 0.0013419159028411076,
  "p_idle_spam_Z": 0.0,
  "p_meas_X": 0.00875214343665615,
  "p_meas_Z": 0.00875214343665615,
  "p_prep_X": 0.0008298444810276255,
  "p_prep_Z": 0.0008298444810276255
}