{
  "p_cnot_IX": 0.0008981260586873912,
  "p_cnot_IY": 0.0003940171549432836,
  "p_cnot_IZ": 0.0,
  "p_cnot_XI": 8.029359551331956e-05,
  "p_cnot_XX": 0.00031666830679652095,
  "p_cnot_XY": 0.0006250032195088272,
  "p_cnot_XZ": 8.047202797308564e-05,
  "p_cnot_YI": 0.000622344967699139,
  "p_cnot_YX": 1.85284379704331e-06,
  "p_cnot_YY": 0.00028116758875525383,
  "p_cnot_YZ": 0.0006221524208358419,
  "p_cnot_ZI": 0.0009462717645257772,
  "p_cnot_ZX": 0.0004997288615322403,
  "p_cnot_ZY": 8.565406197097718e-06,
  "p_cnot_ZZ": 0.00016022818564763325,
  "p_idle_cnot_X": 0.0,
  "p_idle_cnot_Y": 0.00014677872359185437,
  "p_idle_cnot_Z": 9.494226770438875e-05,
  "p_idle_spam_X": 0.0013826382919565445,
  "p_idle_spam_Y": 0.0014755180647007882,
  "p_idle_spam_Z": 0.0003055120312870131,
  "p_meas_X": 0.0020138666823017186,
  "p_meas_Z": 0.0020138666823017186,
  "p_prep_X": 0.0014881277276634788,
  "p_prep_Z": 0.0014881277276634788
}