{
  "p_cnot_IX": 0.0011600871333237255,
  "p_cnot_IY": 8.132383469136647e-05,
  "p_cnot_IZ": 8.772725126453791e-05,
  "p_cnot_XI": 0.0,
  "p_cnot_XX": 0.0007755729709435979,
  "p_cnot_XY": 0.0005626904853323234,
  "p_cnot_XZ": 0.0,
  "p_cnot_YI": 0.000801016594554266,
  "p_cnot_YX": 0.0005558482785489462,
  "p_cnot_YY": 0.0003422183284071311,
  "p_cnot_YZ": 0.0008042790603640013,
  "p_cnot_ZI": 0.0011148150348048442,
  "p_cnot_ZX": 0.0009522399277952232,
  "p_cnot_ZY": 0.0,
  "p_cnot_ZZ": 0.00013049173522580842,
  "p_idle_cnot_X": 0.0,
  "p_idle_cnot_Y": 6.214750307169609e-05,
  "p_idle_cnot_Z": 0.0,
  "p_idle_spam_X": 0.0006923121999338085,
  "p_idle_spam_Y": 0.0011095182044054879,
  "p_idle_spam_Z": 0.0001642436078675127,
  "p_meas_X": 0.0015821156440891568,
  "p_meas_Z": 0.0015821156440891568,
  "p_prep_X": 0.001203726484303624,
  "p_prep_Z": 0.001203726484303624
}