{
  "p_cnot_IX": 0.0008720457239096864,
  "p_cnot_IY": 3.531467873290379e-07,
  "p_cnot_IZ": 0.0,
  "p_cnot_XI": 0.0003878467388835027,
  "p_cnot_XX": 0.0,
  "p_cnot_XY": 0.0014618396404498005,
  "p_cnot_XZ": 0.00038351151174752186,
  "p_cnot_YI": 0.0003274288971491506,
  "p_cnot_YX": 0.0,
  "p_cnot_YY": 0.0,
  "p_cnot_YZ": 0.0003187043162648655,
  "p_cnot_ZI": 0.001246363121042115,
  "p_cnot_ZX": 0.0,
  "p_cnot_ZY": 0.0,
  "p_cnot_ZZ": 1.2062772983872114e-06,
  "p_idle_cnot_X": 0.0006770235023469198,
  "p_idle_cnot_Y": 0.0004907396227739653,
  "p_idle_cnot_Z": 6.441984021185104e-07,
  "p_idle_spam_X": 1.2200532854559298e-05,
  "p_idle_spam_Y": 0.0013036665114880912,
  "p_idle_spam_Z": 1.8073477822619237e-06,
  "p_meas_X": 0.0027916117895716882,
  "p_meas_Z": 0.0027916117895716882,
  "p_prep_X": 0.0012020521067540144,
  "p_prep_Z": 0.0012020521067540144
}