{
  "p_cnot_IX": 0.0013738558204023353,
  "p_cnot_IY": 0.0002547408376404396,
  "p_cnot_IZ": 0.0,
  "p_cnot_XI": 0.0007097447016633183,
  "p_cnot_XX": 0.0001963268205355607,
  "p_cnot_XY": 0.0,
  "p_cnot_XZ": 0.0007099598295363916,
  "p_cnot_YI": 0.0008785509331726938,
  "p_cnot_YX": 0.001379035761587309,
  "p_cnot_YY": 0.0,
  "p_cnot_YZ": 0.0008770066192020529,
  "p_cnot_ZI": 0.0,
  "p_cnot_ZX": 0.0004548835416857156,
  "p_cnot_ZY": 0.00012029379698400824,
  "p_cnot_ZZ": 0.0,
  "p_idle_cnot_X": 0.0,
  "p_idle_cnot_Y": 0.0,
  "p_idle_cnot_Z": 0.0,
  "p_idle_spam_X": 0.00033099018928851225,
  "p_idle_spam_Y": 0.0011238926474241267,
  "p_idle_spam_Z": 0.0,
  "p_meas_X": 0.005701988938501629,
  "p_meas_Z": 0.005701988938501629,
  "p_prep_X": 0.0,
  "p_prep_Z": 0.0
}