{
  "p_cnot_IX": 0.002147096203036338,
  "p_cnot_IY": 0.0017666277779912077,
  "p_cnot_IZ": 0.0,
  "p_cnot_XI": 0.0,
  "p_cnot_XX": 0.0,
  "p_cnot_XY": 0.0005740303418179225,
  "p_cnot_XZ": 0.0,
  "p_cnot_YI": 0.0,
  "p_cnot_YX": 0.0,
  "p_cnot_YY": 0.0,
  "p_cnot_YZ": 0.0,
  "p_cnot_ZI": 0.0009765503196477476,
  "p_cnot_ZX": 0.0,
  "p_cnot_ZY": 0.0,
  "p_cnot_ZZ": 0.0,
  "p_idle_cnot_X": 9.847780476342132e-05,
  "p_idle_cnot_Y": 0.0008174841883228312,
  "p_idle_cnot_Z": 0.0,
  "p_idle_spam_X": 0.0,
  "p_idle_spam_Y": 0.0004904167012304909,
  "p_idle_spam_Z": 0.0,
  "p_meas_X": 0.0018547145800415724,
  "p_meas_Z": 0.0018547145800415724,
  "p_prep_X": 0.005923604640960591,
  "p_prep_Z": 0.005923604640960591
}