{
  "p_cnot_IX": 0.0002845212793755158,
  "p_cnot_IY": 0.00023058219854111495,
  "p_cnot_IZ": 0.0002493109786684064,
  "p_cnot_XI": 0.00035321602194116335,
  "p_cnot_XX": 0.00016353375118115045,
  "p_cnot_XY": 0.0005785273671031224,
  "p_cnot_XZ": 0.0003515982812657735,
  "p_cnot_YI": 0.0007494220830825104,
  "p_cnot_YX": 4.417565320670051e-06,
  "p_cnot_YY": 0.0002270978281809835,
  "p_cnot_YZ": 0.0007473000397219231,
  "p_cnot_ZI": 0.0006172913289750992,
  "p_cnot_ZX": 4.2001866014159574e-05,
  "p_cnot_ZY": 4.8370344925460934e-05,
  "p_cnot_ZZ": 0.000661994182900793,
  "p_idle_cnot_X": 0.0004938658607261736,
  "p_idle_cnot_Y": 0.00043134117816103054,
  "p_idle_cnot_Z": 4.173441002946715e-05,
  "p_idle_spam_X": 0.0014798124331430443,
  "p_idle_spam_Y": 0.001730937490752005,
  "p_idle_spam_Z": 0.0013810839486288334,
  "p_meas_X": 0.00162996786593181,
  "p_meas_Z": 0.00162996786593181,
  "p_prep_X": 0.0015561655447745661,
  "p_prep_Z": 0.0015561655447745661
}