{
  "p_cnot_IX": 0.0,
  "p_cnot_IY": 0.0,
  "p_cnot_IZ": 0.0,
  "p_cnot_XI": 0.0,
  "p_cnot_XX": 0.0,
  "p_cnot_XY": 0.0013109244326233386,
  "p_cnot_XZ": 0.0,
  "p_cnot_YI": 0.0,
  "p_cnot_YX": 0.0,
  "p_cnot_YY": 0.00012649462136111292,
  "p_cnot_YZ": 0.0,
  "p_cnot_ZI": 0.0011974930081769925,
  "p_cnot_ZX": 0.0,
  "p_cnot_ZY": 0.0,
  "p_cnot_ZZ": 0.00043558345417615135,
  "p_idle_cnot_X": 0.0002930051061703794,
  "p_idle_cnot_Y": 0.0002005809900121265,
  "p_idle_cnot_Z": 0.0,
  "p_idle_spam_X": 0.0015471376065690167,
  "p_idle_spam_Y": 0.002159642570355058,
  "p_idle_spam_Z": 0.0005579257067006839,
  "p_meas_X": 0.0050259761282672975,
  "p_meas_Z": 0.0050259761282672975,
  "p_prep_X": 0.0,
  "p_prep_Z": 0.0
}