{
  "p_cnot_IX": 0.0002844946249769862,
  "p_cnot_IY": 0.0,
  "p_cnot_IZ": 0.0,
  "p_cnot_XI": 1.6098157945752727e-05,
  "p_cnot_XX": 0.0,
  "p_cnot_XY": 0.00017853462111046446,
  "p_cnot_XZ": 1.577867788945082e-05,
  "p_cnot_YI": 0.00021392279764030566,
  "p_cnot_YX": 0.0,
  "p_cnot_YY": 0.0001853005653617909,
  "p_cnot_YZ": 0.00021223400905289846,
  "p_cnot_ZI": 0.0004689892432136891,
  "p_cnot_ZX": 0.0,
  "p_cnot_ZY": 0.0,
  "p_cnot_ZZ": 2.794607041042115e-05,
  "p_idle_cnot_X": 0.0007741184710542374,
  "p_idle_cnot_Y": 0.0006113026989947704,
  "p_idle_cnot_Z": 0.0,
  "p_idle_spam_X": 0.0016176057396016321,
  "p_idle_spam_Y": 0.001886889632231138,
  "p_idle_spam_Z": 0.0004171806893807032,
  "p_meas_X": 0.0018997159624702463,
  "p_meas_Z": 0.0018997159624702463,
  "p_prep_X": 0.001223800767822729,
  "p_prep_Z": 0.001223800767822729
}