{
  "p_cnot_IX": 0.0,
  "p_cnot_IY": 2.7568539438139896e-05,
  "p_cnot_IZ": 8.105378605861998e-05,
  "p_cnot_XI": 7.127120330004175e-05,
  "p_cnot_XX": 0.000795925237616171,
  "p_cnot_XY": 0.0,
  "p_cnot_XZ": 7.14001202018323e-05,
  "p_cnot_YI": 7.728934886129231e-05,
  "p_cnot_YX": 0.000142113896404091,
  "p_cnot_YY": 0.0,
  "p_cnot_YZ": 9.418773949424389e-05,
  "p_cnot_ZI": 0.0006506203376163967,
  "p_cnot_ZX": 0.0,
  "p_cnot_ZY": 1.402951136436094e-05,
  "p_cnot_ZZ": 0.0003698266568132197,
  "p_idle_cnot_X": 3.6110679558810284e-05,
  "p_idle_cnot_Y": 0.0003837755406162883,
  "p_idle_cnot_Z": 0.0,
  "p_idle_spam_X": 0.002075094861030127,
  "p_idle_spam_Y": 0.0012105863744470932,
  "p_idle_spam_Z": 0.0,
  "p_meas_X": 0.006775948882712993,
  "p_meas_Z": 0.006775948882712993,
  "p_prep_X": 0.0,
  "p_prep_Z": 0.0
}