{
  "p_cnot_IX": 0.0,
  "p_cnot_IY": 0.0,
  "p_cnot_IZ": 6.769431784671268e-07,
  "p_cnot_XI": 0.00012699385066160555,
  "p_cnot_XX": 0.0001680000620215124,
  "p_cnot_XY": 0.0,
  "p_cnot_XZ": 0.00016864215143897905,
  "p_cnot_YI": 3.674886152517832e-05,
  "p_cnot_YX": 0.0,
  "p_cnot_YY": 0.0,
  "p_cnot_YZ": 0.0009900331773831886,
  "p_cnot_ZI": 0.0003008397711242796,
  "p_cnot_ZX": 0.0,
  "p_cnot_ZY": 0.0,
  "p_cnot_ZZ": 0.0007727657210947865,
  "p_idle_cnot_X": 0.0015104264757473294,
  "p_idle_cnot_Y": 0.0,
  "p_idle_cnot_Z": 0.0,
  "p_idle_spam_X": 0.00029000743089150434,
  "p_idle_spam_Y": 0.00226711136084048,
  "p_idle_spam_Z": 0.0,
  "p_meas_X": 0.003545792357361268,
  "p_meas_Z": 0.003545792357361268,
  "p_prep_X": 0.0,
  "p_prep_Z": 0.0
}