{
  "p_cnot_IX": 0.0,
  "p_cnot_IY": 0.0,
  "p_cnot_IZ": 0.00046708081037811653,
  "p_cnot_XI": 0.00025571796060943914,
  "p_cnot_XX": 0.00028540989317315217,
  "p_cnot_XY": 0.0,
  "p_cnot_XZ": 0.0003187023686215385,
  "p_cnot_YI": 0.0,
  "p_cnot_YX": 0.0012923844587130727,
  "p_cnot_YY": 0.0,
  "p_cnot_YZ": 3.075160816995984e-08,
  "p_cnot_ZI": 0.0,
  "p_cnot_ZX": 0.0,
  "p_cnot_ZY": 8.02023185692508e-06,
  "p_cnot_ZZ": 0.0005493856856030565,
  "p_idle_cnot_X": 0.00014437577973740317,
  "p_idle_cnot_Y": 0.00019757885462482548,
  "p_idle_cnot_Z": 0.0,
  "p_idle_spam_X": 0.0018144066264866585,
  "p_idle_spam_Y": 0.002224089924802235,
  "p_idle_spam_Z": 0.0,
  "p_meas_X": 0.006339711468558474,
  "p_meas_Z": 0.006339711468558474,
  "p_prep_X": 0.0017276695528754122,
  "p_prep_Z": 0.0017276695528754122
}