{
  "p_cnot_IX": 0.0,
  "p_cnot_IY": 1.770172084665877e-05,
  "p_cnot_IZ": 0.0,
  "p_cnot_XI": 0.0,
  "p_cnot_XX": 0.0,
  "p_cnot_XY": 0.0,
  "p_cnot_XZ": 0.0,
  "p_cnot_YI": 0.0,
  "p_cnot_YX": 0.0,
  "p_cnot_YY": 0.0,
  "p_cnot_YZ": 0.0,
  "p_cnot_ZI": 0.0,
  "p_cnot_ZX": 0.0,
  "p_cnot_ZY": 0.0,
  "p_cnot_ZZ": 3.679122970668182e-05,
  "p_idle_cnot_X": 0.0,
  "p_idle_cnot_Y": 0.0008839413038171372,
  "p_idle_cnot_Z": 0.0,
  "p_idle_spam_X": 0.0038050953398029914,
  "p_idle_spam_Y": 0.0010531357204952418,
  "p_idle_spam_Z": 0.0,
  "p_meas_X": 0.006238524118146205,
  "p_meas_Z": 0.006238524118146205,
  "p_prep_X": 0.0,
  "p_prep_Z": 0.0
}