{
  "p_cnot_IX": 0.0014716446581828754,
  "p_cnot_IY": 0.0,
  "p_cnot_IZ": 0.0,
  "p_cnot_XI": 8.510623820680066e-05,
  "p_cnot_XX": 0.0,
  "p_cnot_XY": 0.0018237039618448306,
  "p_cnot_XZ": 7.889123767797428e-05,
  "p_cnot_YI": 0.0006059476020680647,
  "p_cnot_YX": 0.0,
  "p_cnot_YY": 0.0004693645273458243,
  "p_cnot_YZ": 0.0005909131472791062,
  "p_cnot_ZI": 0.0018631338147017337,
  "p_cnot_ZX": 0.0002652276921508851,
  "p_cnot_ZY": 0.0,
  "p_cnot_ZZ": 0.0,
  "p_idle_cnot_X": 1.0724844893374924e-05,
  "p_idle_cnot_Y": 0.00031726695706341026,
  "p_idle_cnot_Z": 0.0,
  "p_idle_spam_X": 0.0,
  "p_idle_spam_Y": 0.0009552465892952087,
  "p_idle_spam_Z": 0.0001777884381273521,
  "p_meas_X": 0.0020691500426584814,
  "p_meas_Z": 0.0020691500426584814,
  "p_prep_X": 0.0018678139977116536,
  "p_prep_Z": 0.0018678139977116536
}