{
  "p_cnot_IX": 0.0016571319209174032,
  "p_cnot_IY": 0.0,
  "p_cnot_IZ": 0.0,
  "p_cnot_XI": 0.00011779547798435967,
  "p_cnot_XX": 0.00040404438393476885,
  "p_cnot_XY": 0.0,
  "p_cnot_XZ": 0.0001138256085585478,
  "p_cnot_YI": 0.0010941388047346155,
  "p_cnot_YX": 0.0010105671546126085,
  "p_cnot_YY": 0.0,
  "p_cnot_YZ": 0.0010908126027337694,
  "p_cnot_ZI": 0.0,
  "p_cnot_ZX": 0.0017280524319110001,
  "p_cnot_ZY": 0.0,
  "p_cnot_ZZ": 0.0,
  "p_idle_cnot_X": 0.0,
  "p_idle_cnot_Y": 0.0,
  "p_idle_cnot_Z": 0.0,
  "p_idle_spam_X": 0.0,
  "p_idle_spam_Y": 0.001887943215266623,
  "p_idle_spam_Z": 0.0,
  "p_meas_X": 0.00458485016393361,
  "p_meas_Z": 0.00458485016393361,
  "p_prep_X": 0.0,
  "p_prep_Z": 0.0
}