{
  "p_cnot_IX": 0.0013187132459481156,
  "p_cnot_IY": 4.626904276667968e-05,
  "p_cnot_IZ": 0.0,
  "p_cnot_XI": 0.0013104249408992126,
  "p_cnot_XX": 0.0011832226330225429,
  "p_cnot_XY": 2.3095069279791036e-05,
  "p_cnot_XZ": 0.0013134040679474717,
  "p_cnot_YI": 0.0005274191706082842,
  "p_cnot_YX": 0.0004867120149175415,
  "p_cnot_YY": 1.3306675553839898e-05,
  "p_cnot_YZ": 0.0005334905517376421,
  "p_cnot_ZI": 0.00011931989328630703,
  "p_cnot_ZX": 0.0,
  "p_cnot_ZY": 1.9428990722224576e-05,
  "p_cnot_ZZ": 2.6271425283298696e-05,
  "p_idle_cnot_X": 0.0,
  "p_idle_cnot_Y": 0.00029865944123068583,
  "p_idle_cnot_Z": 0.0,
  "p_idle_spam_X": 0.0001470369987261757,
  "p_idle_spam_Y": 0.0010602357277551112,
  "p_idle_spam_Z": 0.0,
  "p_meas_X": 0.0045931099117034364,
  "p_meas_Z": 0.0045931099117034364,
  "p_prep_X": 0.002242294432812488,
  "p_prep_Z": 0.002242294432812488
}