{
  "p_cnot_IX": 0.0007444674877978699,
  "p_cnot_IY": 0.00013924703324420936,
  "p_cnot_IZ": 0.0,
  "p_cnot_XI": 0.0003467407899986258,
  "p_cnot_XX": 0.0,
  "p_cnot_XY": 0.0010644859415861233,
  "p_cnot_XZ": 0.0003437847678743107,
  "p_cnot_YI": 0.0006227206992734769,
  "p_cnot_YX": 9.06709416205051e-09,
  "p_cnot_YY": 2.449630575860125e-05,
  "p_cnot_YZ": 0.0006167933240239059,
  "p_cnot_ZI": 0.0010108732736145874,
  "p_cnot_ZX": 0.0,
  "p_cnot_ZY": 1.7807915873752918e-08,
  "p_cnot_ZZ": 0.0,
  "p_idle_cnot_X": 0.0006373219909079252,
  "p_idle_cnot_Y": 0.00040822105566740136,
  "p_idle_cnot_Z": 0.00012733622062733365,
  "p_idle_spam_X": 0.0005440682102805327,
  "p_idle_spam_Y": 0.0012056097884230671,
  "p_idle_spam_Z": 4.056540151763337e-06,
  "p_meas_X": 0.0017867688097217178,
  "p_meas_Z": 0.0017867688097217178,
  "p_prep_X": 0.0011296350560373169,
  "p_prep_Z": 0.0011296350560373169
}