{
  "p_cnot_IX": 0.0008409508890610246,
  "p_cnot_IY": 0.00038212362200364493,
  "p_cnot_IZ": 0.0,
  "p_cnot_XI": 0.00010232379005963907,
  "p_cnot_XX": 0.0003107801180500569,
  "p_cnot_XY": 0.0005954359537508353,
  "p_cnot_XZ": 0.00010245552613291089,
  "p_cnot_YI": 0.0006178433339329728,
  "p_cnot_YX": 2.470415510110768e-05,
  "p_cnot_YY": 0.00030249324681512317,
  "p_cnot_YZ": 0.0006176647051365883,
  "p_cnot_ZI": 0.0009099184775428505,
  "p_cnot_ZX": 0.00049184222785092,
  "p_cnot_ZY": 3.6939064663401376e-05,
  "p_cnot_ZZ": 0.00022312604931033783,
  "p_idle_cnot_X": 6.095925651517703e-06,
  "p_idle_cnot_Y": 9.948601275031384e-05,
  "p_idle_cnot_Z": 0.00017248720568764005,
  "p_idle_spam_X": 0.0013682656717562318,
  "p_idle_spam_Y": 0.0014142036491911346,
  "p_idle_spam_Z": 0.000424148023188136,
  "p_meas_X": 0.0018879591008152683,
  "p_meas_Z": 0.0018879591008152683,
  "p_prep_X": 0.0014497817015480582,
  "p_prep_Z": 0.0014497817015480582
}