{
  "p_cnot_IX": 0.0008747011707324866,
  "p_cnot_IY": 0.00023661483287487143,
  "p_cnot_IZ": 0.0,
  "p_cnot_XI": 0.00038102300447762793,
  "p_cnot_XX": 0.0008163763260715153,
  "p_cnot_XY": 0.0006422819504328141,
  "p_cnot_XZ": 0.0003818551906303495,
  "p_cnot_YI": 0.0007949271308366065,
  "p_cnot_YX": 0.0005155505539303476,
  "p_cnot_YY": 0.0003402679190510368,
  "p_cnot_YZ": 0.0007966662334970608,
  "p_cnot_ZI": 0.0008329466269343845,
  "p_cnot_ZX": 0.0005187276551745342,
  "p_cnot_ZY": 0.0,
  "p_cnot_ZZ": 1.5215492149252923e-05,
  "p_idle_cnot_X": 0.0,
  "p_idle_cnot_Y": 2.5969257386151927e-05,
  "p_idle_cnot_Z": 0.00012926948632950222,
  "p_idle_spam_X": 0.0006267257204664536,
  "p_idle_spam_Y": 0.0009964424942087995,
  "p_idle_spam_Z": 0.0,
  "p_meas_X": 0.0010656096229092564,
  "p_meas_Z": 0.0010656096229092564,
  "p_prep_X": 0.0006585848944914863,
  "p_prep_Z": 0.0006585848944914863
}