{
  "p_cnot_IX": 0.0018581071090303454,
  "p_cnot_IY": 0.0,
  "p_cnot_IZ": 0.0,
  "p_cnot_XI": 0.0,
  "p_cnot_XX": 0.0,
  "p_cnot_XY": 0.0022866924229734344,
  "p_cnot_XZ": 0.0,
  "p_cnot_YI": 0.0002970355623612568,
  "p_cnot_YX": 0.0,
  "p_cnot_YY": 0.00027972039487428324,
  "p_cnot_YZ": 0.0002536635331938452,
  "p_cnot_ZI": 0.002290534636294585,
  "p_cnot_ZX": 0.0,
  "p_cnot_ZY": 0.0,
  "p_cnot_ZZ": 0.0,
  "p_idle_cnot_X": 0.0,
  "p_idle_cnot_Y": 0.0003760131962632885,
  "p_idle_cnot_Z": 0.0,
  "p_idle_spam_X": 0.0,
  "p_idle_spam_Y": 0.001014428530792883,
  "p_idle_spam_Z": 0.0,
  "p_meas_X": 0.000909842862306754,
  "p_meas_Z": 0.000909842862306754,
  "p_prep_X": 0.0026874697262511678,
  "p_prep_Z": 0.0026874697262511678
}