{
  "p_cnot_IX": 0.0,
  "p_cnot_IY": 0.0,
  "p_cnot_IZ": 0.0,
  "p_cnot_XI": 0.0,
  "p_cnot_XX": 0.00021045066992776001,
  "p_cnot_XY": 0.0,
  "p_cnot_XZ": 0.0,
  "p_cnot_YI": 0.0,
  "p_cnot_YX": 0.0,
  "p_cnot_YY": 0.0,
  "p_cnot_YZ": 0.001059678540358294,
  "p_cnot_ZI": 0.00038958508373357554,
  "p_cnot_ZX": 0.0,
  "p_cnot_ZY": 0.0,
  "p_cnot_ZZ": 0.000707857721231957,
  "p_idle_cnot_X": 0.0016052506307921853,
  "p_idle_cnot_Y": 0.0,
  "p_idle_cnot_Z": 0.0,
  "p_idle_spam_X": 9.65607043465301e-05,
  "p_idle_spam_Y": 0.0022822384300374464,
  "p_idle_spam_Z": 0.0,
  "p_meas_X": 0.003314801258614273,
  "p_meas_Z": 0.003314801258614273,
  "p_prep_X": 0.0,
  "p_prep_Z": 0.0
}