{
  "p_cnot_IX": 0.0,
  "p_cnot_IY": 0.0,
  "p_cnot_IZ": 0.0004589645484435851,
  "p_cnot_XI": 0.00022290978386038424,
  "p_cnot_XX": 0.000296573820320441,
  "p_cnot_XY": 0.0,
  "p_cnot_XZ": 0.0004085201280097885,
  "p_cnot_YI": 2.0672657440149135e-09,
  "p_cnot_YX": 0.0013119889326275427,
  "p_cnot_YY": 0.0,
  "p_cnot_YZ": 7.319550091003216e-09,
  "p_cnot_ZI": 0.0,
  "p_cnot_ZX": 0.0,
  "p_cnot_ZY": 2.836901258179011e-06,
  "p_cnot_ZZ": 0.0005575013369715586,
  "p_idle_cnot_X": 9.621535272188234e-05,
  "p_idle_cnot_Y": 0.0001967544578038966,
  "p_idle_cnot_Z": 0.0,
  "p_idle_spam_X": 0.0018736970962182518,
  "p_idle_spam_Y": 0.0022269541469915723,
  "p_idle_spam_Z": 0.0,
  "p_meas_X": 0.006603023540255185,
  "p_meas_Z": 0.006603023540255185,
  "p_prep_X": 0.001556359285145564,
  "p_prep_Z": 0.001556359285145564
}