{
  "p_cnot_IX": 0.0,
  "p_cnot_IY": 0.0,
  "p_cnot_IZ": 0.00010626161841956071,
  "p_cnot_XI": 0.0001883127253063665,
  "p_cnot_XX": 0.0006734790089034041,
  "p_cnot_XY": 0.0,
  "p_cnot_XZ": 0.0002078194035517773,
  "p_cnot_YI": 0.00010902252817452361,
  "p_cnot_YX": 0.0002581604359713047,
  "p_cnot_YY": 0.0,
  "p_cnot_YZ": 0.0001457067662496544,
  "p_cnot_ZI": 0.0004528217320984225,
  "p_cnot_ZX": 0.0,
  "p_cnot_ZY": 0.0,
  "p_cnot_ZZ": 0.00038874607175811923,
  "p_idle_cnot_X": 0.0,
  "p_idle_cnot_Y": 0.0003640346350766965,
  "p_idle_cnot_Z": 0.0,
  "p_idle_spam_X": 0.0021597573153501934,
  "p_idle_spam_Y": 0.00119899408876876,
  "p_idle_spam_Z": 0.0,
  "p_meas_X": 0.0070800735262512605,
  "p_meas_Z": 0.0070800735262512605,
  "p_prep_X": 0.0,
  "p_prep_Z": 0.0
}