{
  "p_cnot_IX": 0.00013242546753225367,
  "p_cnot_IY": 0.0,
  "p_cnot_IZ": 0.0,
  "p_cnot_XI": 0.0,
  "p_cnot_XX": 0.0,
  "p_cnot_XY": 0.0,
  "p_cnot_XZ": 0.0,
  "p_cnot_YI": 0.0,
  "p_cnot_YX": 0.0,
  "p_cnot_YY": 0.0,
  "p_cnot_YZ": 0.0,
  "p_cnot_ZI": 0.00045476091582140896,
  "p_cnot_ZX": 0.0,
  "p_cnot_ZY": 0.0,
  "p_cnot_ZZ": 0.0,
  "p_idle_cnot_X": 0.0,
  "p_idle_cnot_Y": 0.000980570468113122,
  "p_idle_cnot_Z": 5.207718030376869e-05,
  "p_idle_spam_X": 0.0028754207002244774,
  "p_idle_spam_Y": 0.0010835848596575186,
  "p_idle_spam_Z": 0.0,
  "p_meas_X": 0.002530495348173605,
  "p_meas_Z": 0.002530495348173605,
  "p_prep_X": 0.001748648886916518,
  "p_prep_Z": 0.001748648886916518
}