{
  "p_cnot_IX": 0.002131145553936955,
  "p_cnot_IY": 0.001735390570552401,
  "p_cnot_IZ": 0.0,
  "p_cnot_XI": 0.0,
  "p_cnot_XX": 0.0,
  "p_cnot_XY": 0.0006123461697183614,
  "p_cnot_XZ": 0.0,
  "p_cnot_YI": 0.0,
  "p_cnot_YX": 0.0,
  "p_cnot_YY": 0.0,
  "p_cnot_YZ": 0.0,
  "p_cnot_ZI": 0.0010089606369765936,
  "p_cnot_ZX": 0.0,
  "p_cnot_ZY": 0.0,
  "p_cnot_ZZ": 0.0,
  "p_idle_cnot_X": 9.212250309418865e-05,
  "p_idle_cnot_Y": 0.0008233811628751285,
  "p_idle_cnot_Z": 0.0,
  "p_idle_spam_X": 0.0,
  "p_idle_spam_Y": 0.0004910243702805602,
  "p_idle_spam_Z": 0.0,
  "p_meas_X": 0.001838729145635743,
  "p_meas_Z": 0.001838729145635743,
  "p_prep_X": 0.005815861554983931,
  "p_prep_Z": 0.005815861554983931
}