{
  "p_cnot_IX": 0.0007315450099401313,
  "p_cnot_IY": 0.0,
  "p_cnot_IZ": 0.0,
  "p_cnot_XI": 4.490973969384948e-05,
  "p_cnot_XX": 0.0,
  "p_cnot_XY": 0.0,
  "p_cnot_XZ": 4.5060840783135563e-05,
  "p_cnot_YI": 0.0003399806788616036,
  "p_cnot_YX": 0.0,
  "p_cnot_YY": 0.000712023344278134,
  "p_cnot_YZ": 0.0003329867077757464,
  "p_cnot_ZI": 0.0004521011822550822,
  "p_cnot_ZX": 0.0,
  "p_cnot_ZY": 0.0,
  "p_cnot_ZZ": 0.0,
  "p_idle_cnot_X": 0.0005061479373673786,
  "p_idle_cnot_Y": 0.00045777143938685523,
  "p_idle_cnot_Z": 0.0,
  "p_idle_spam_X": 0.001686939052924755,
  "p_idle_spam_Y": 0.0020140219691861415,
  "p_idle_spam_Z": 0.0,
  "p_meas_X": 0.004387848266659995,
  "p_meas_Z": 0.004387848266659995,
  "p_prep_X": 0.0,
  "p_prep_Z": 0.0
}