{
  "p_cnot_IX": 0.0,
  "p_cnot_IY": 0.0,
  "p_cnot_IZ": 0.0,
  "p_cnot_XI": 0.0,
  "p_cnot_XX": 0.0,
  "p_cnot_XY": 0.0012549660329821699,
  "p_cnot_XZ": 0.0,
  "p_cnot_YI": 0.0,
  "p_cnot_YX": 0.0,
  "p_cnot_YY": 0.00013637628900819488,
  "p_cnot_YZ": 0.0,
  "p_cnot_ZI": 0.0011247456561678851,
  "p_cnot_ZX": 0.0,
  "p_cnot_ZY": 0.0,
  "p_cnot_ZZ": 0.0004679441396965874,
  "p_idle_cnot_X": 0.00033127952049808487,
  "p_idle_cnot_Y": 0.00019216918046556378,
  "p_idle_cnot_Z": 0.0,
  "p_idle_spam_X": 0.0014971665628888437,
  "p_idle_spam_Y": 0.0021806168243900825,
  "p_idle_spam_Z": 0.000537156699621106,
  "p_meas_X": 0.005163785592287602,
  "p_meas_Z": 0.005163785592287602,
  "p_prep_X": 0.0,
  "p_prep_Z": 0.0
}