{
  "p_cnot_IX": 0.0002814483813691645,
  "p_cnot_IY": 0.00022965718727942065,
  "p_cnot_IZ": 0.00024533246611790834,
  "p_cnot_XI": 0.0003556942807399616,
  "p_cnot_XX": 0.00016233575233275677,
  "p_cnot_XY": 0.0005858863688285687,
  "p_cnot_XZ": 0.00035406269864234665,
  "p_cnot_YI": 0.0007646431195689733,
  "p_cnot_YX": 1.2055447399342069e-05,
  "p_cnot_YY": 0.00022258076963422888,
  "p_cnot_YZ": 0.0007625253920959097,
  "p_cnot_ZI": 0.00061777608908267,
  "p_cnot_ZX": 3.1616440555187075e-05,
  "p_cnot_ZY": 3.9223769107025903e-05,
  "p_cnot_ZZ": 0.0006746002143092179,
  "p_idle_cnot_X": 0.00046758304951767136,
  "p_idle_cnot_Y": 0.0004347815125788734,
  "p_idle_cnot_Z": 3.618285954336373e-05,
  "p_idle_spam_X": 0.0014797030748003141,
  "p_idle_spam_Y": 0.0017406154571422557,
  "p_idle_spam_Z": 0.0013790799039564677,
  "p_meas_X": 0.001633332425128317,
  "p_meas_Z": 0.001633332425128317,
  "p_prep_X": 0.0015589122307047777,
  "p_prep_Z": 0.0015589122307047777
}