{
  "p_cnot_IX": 0.0008078814769110683,
  "p_cnot_IY": 3.175017152683758e-05,
  "p_cnot_IZ": 0.0,
  "p_cnot_XI": 0.0008646835099678664,
  "p_cnot_XX": 0.0011997301915822529,
  "p_cnot_XY": 0.00028434167953967363,
  "p_cnot_XZ": 0.0008675386516202799,
  "p_cnot_YI": 0.0007977429934613482,
  "p_cnot_YX": 0.00047697135981140243,
  "p_cnot_YY": 1.2710174067803988e-06,
  "p_cnot_YZ": 0.0008040784451371984,
  "p_cnot_ZI": 0.0004656676022197806,
  "p_cnot_ZX": 3.3142776075927134e-06,
  "p_cnot_ZY": 0.0,
  "p_cnot_ZZ": 0.0,
  "p_idle_cnot_X": 6.50307450980053e-06,
  "p_idle_cnot_Y": 0.00021177214845572015,
  "p_idle_cnot_Z": 3.9493067380040054e-05,
  "p_idle_spam_X": 0.0006105211362490538,
  "p_idle_spam_Y": 0.0012239401946052596,
  "p_idle_spam_Z": 0.0,
  "p_meas_X": 0.002664532824559013,
  "p_meas_Z": 0.002664532824559013,
  "p_prep_X": 0.001680363492392191,
  "p_prep_Z": 0.001680363492392191
}