{
  "p_cnot_IX": 5.980580374526947e-05,
  "p_cnot_IY": 0.0,
  "p_cnot_IZ": 0.0,
  "p_cnot_XI": 0.0004663391598280053,
  "p_cnot_XX": 0.0,
  "p_cnot_XY": 0.0003964604392273418,
  "p_cnot_XZ": 0.00047169019956958604,
  "p_cnot_YI": 0.0007407309427613485,
  "p_cnot_YX": 0.0,
  "p_cnot_YY": 0.00017610078302837242,
  "p_cnot_YZ": 0.0007481923879186011,
  "p_cnot_ZI": 0.0,
  "p_cnot_ZX": 0.0013841322047145213,
  "p_cnot_ZY": 0.0009289825533749562,
  "p_cnot_ZZ": 0.0,
  "p_idle_cnot_X": 0.0,
  "p_idle_cnot_Y": 0.0,
  "p_idle_cnot_Z": 0.0,
  "p_idle_spam_X": 0.001289207331479085,
  "p_idle_spam_Y": 0.001900552875328318,
  "p_idle_spam_Z": 0.0,
  "p_meas_X": 0.007411366511992374,
  "p_meas_Z": 0.007411366511992374,
  "p_prep_X": 0.0,
  "p_prep_Z": 0.0
}