{
  "p_cnot_IX": 0.0016678694297193152,
  "p_cnot_IY": 0.0,
  "p_cnot_IZ": 0.0,
  "p_cnot_XI": 0.00013751630713264567,
  "p_cnot_XX": 0.00041704424435310355,
  "p_cnot_XY": 0.0,
  "p_cnot_XZ": 0.00013146011743037865,
  "p_cnot_YI": 0.0010967369794202552,
  "p_cnot_YX": 0.0009842362417213923,
  "p_cnot_YY": 0.0,
  "p_cnot_YZ": 0.0010886481649284836,
  "p_cnot_ZI": 0.0,
  "p_cnot_ZX": 0.0017112645626245022,
  "p_cnot_ZY": 0.0,
  "p_cnot_ZZ": 0.0,
  "p_idle_cnot_X": 0.0,
  "p_idle_cnot_Y": 0.0,
  "p_idle_cnot_Z": 0.0,
  "p_idle_spam_X": 0.0,
  "p_idle_spam_Y": 0.00188215775153896,
  "p_idle_spam_Z": 0.0,
  "p_meas_X": 0.004613642779202372,
  "p_meas_Z": 0.004613642779202372,
  "p_prep_X": 0.0,
  "p_prep_Z": 0.0
}