{
  "p_cnot_IX": 0.000878184339391898,
  "p_cnot_IY": 2.390059730939343e-05,
  "p_cnot_IZ": 0.0,
  "p_cnot_XI": 0.0003871049841205221,
  "p_cnot_XX": 0.0,
  "p_cnot_XY": 0.0013247637000349218,
  "p_cnot_XZ": 0.00038394282547873936,
  "p_cnot_YI": 0.00046354797904780217,
  "p_cnot_YX": 0.0,
  "p_cnot_YY": 0.0,
  "p_cnot_YZ": 0.0004568836255325791,
  "p_cnot_ZI": 0.0009914577534401545,
  "p_cnot_ZX": 0.0,
  "p_cnot_ZY": 0.0,
  "p_cnot_ZZ": 0.0,
  "p_idle_cnot_X": 0.0006735851416034232,
  "p_idle_cnot_Y": 0.0005018485604235651,
  "p_idle_cnot_Z": 5.9886855130942364e-05,
  "p_idle_spam_X": 0.00025446106637471555,
  "p_idle_spam_Y": 0.0011890455026455642,
  "p_idle_spam_Z": 0.0,
  "p_meas_X": 0.0021067510126727552,
  "p_meas_Z": 0.0021067510126727552,
  "p_prep_X": 0.0011332905468752984,
  "p_prep_Z": 0.0011332905468752984
}