{
  "p_cnot_IX": 0.001385908658862129,
  "p_cnot_IY": 0.00032084899803733066,
  "p_cnot_IZ": 0.0,
  "p_cnot_XI": 0.000700774126697735,
  "p_cnot_XX": 0.00018105997145937626,
  "p_cnot_XY": 0.0,
  "p_cnot_XZ": 0.0007017152673991157,
  "p_cnot_YI": 0.0008825215083623879,
  "p_cnot_YX": 0.0014151390001568185,
  "p_cnot_YY": 0.0,
  "p_cnot_YZ": 0.0008808150816439596,
  "p_cnot_ZI": 0.0,
  "p_cnot_ZX": 0.00047420505620099666,
  "p_cnot_ZY": 3.0515532914191795e-05,
  "p_cnot_ZZ": 0.0,
  "p_idle_cnot_X": 0.0,
  "p_idle_cnot_Y": 0.0,
  "p_idle_cnot_Z": 0.0,
  "p_idle_spam_X": 0.00030412168551371385,
  "p_idle_spam_Y": 0.0011257415672950577,
  "p_idle_spam_Z": 0.0,
  "p_meas_X": 0.005680478969513765,
  "p_meas_Z": 0.005680478969513765,
  "p_prep_X": 0.0,
  "p_prep_Z": 0.0
}