{
  "p_cnot_IX": 0.002168935313738487,
  "p_cnot_IY": 0.0017459439913145342,
  "p_cnot_IZ": 0.0,
  "p_cnot_XI": 0.0,
  "p_cnot_XX": 0.0,
  "p_cnot_XY": 0.000562850993283431,
  "p_cnot_XZ": 0.0,
  "p_cnot_YI": 0.0,
  "p_cnot_YX": 0.0,
  "p_cnot_YY": 0.0,
  "p_cnot_YZ": 0.0,
  "p_cnot_ZI": 0.0009913475561122128,
  "p_cnot_ZX": 0.0,
  "p_cnot_ZY": 0.0,
  "p_cnot_ZZ": 0.0,
  "p_idle_cnot_X": 9.396634024408094e-05,
  "p_idle_cnot_Y": 0.0008286817438177582,
  "p_idle_cnot_Z": 0.0,
  "p_idle_spam_X": 0.0,
  "p_idle_spam_Y": 0.0004960572495392462,
  "p_idle_spam_Z": 0.0,
  "p_meas_X": 0.0018168575224701547,
  "p_meas_Z": 0.0018168575224701547,
  "p_prep_X": 0.005812016252967687,
  "p_prep_Z": 0.005812016252967687
}