{
  "p_cnot_IX": 0.0,
  "p_cnot_IY": 1.691814795462052e-05,
  "p_cnot_IZ": 0.0,
  "p_cnot_XI": 0.0,
  "p_cnot_XX": 0.0,
  "p_cnot_XY": 0.0,
  "p_cnot_XZ": 0.0,
  "p_cnot_YI": 0.0,
  "p_cnot_YX": 0.0,
  "p_cnot_YY": 0.0,
  "p_cnot_YZ": 0.0,
  "p_cnot_ZI": 0.0,
  "p_cnot_ZX": 0.0,
  "p_cnot_ZY": 0.0,
  "p_cnot_ZZ": 4.2890386585834204e-05,
  "p_idle_cnot_X": 0.0,
  "p_idle_cnot_Y": 0.0008832646246146738,
  "p_idle_cnot_Z": 0.0,
  "p_idle_spam_X": 0.0037718433558128904,
  "p_idle_spam_Y": 0.001067312960116662,
  "p_idle_spam_Z": 0.0,
  "p_meas_X": 0.006216713514020053,
  "p_meas_Z": 0.006216713514020053,
  "p_prep_X": 1.5187033006188466e-05,
  "p_prep_Z": 1.5187033006188466e-05
}