{
  "p_cnot_IX": 0.0,
  "p_cnot_IY": 0.0,
  "p_cnot_IZ": 0.0,
  "p_cnot_XI": 0.0,
  "p_cnot_XX": 0.00016492934014031998,
  "p_cnot_XY": 4.036166671787087e-05,
  "p_cnot_XZ": 0.0,
  "p_cnot_YI": 0.0,
  "p_cnot_YX": 0.0,
  "p_cnot_YY": 0.0,
  "p_cnot_YZ": 0.0011490486505809179,
  "p_cnot_ZI": 0.0003578512144949414,
  "p_cnot_ZX": 0.0,
  "p_cnot_ZY": 0.0,
  "p_cnot_ZZ": 0.0006368750743390098,
  "p_idle_cnot_X": 0.001592362379996803,
  "p_idle_cnot_Y": 0.0,
  "p_idle_cnot_Z": 0.0,
  "p_idle_spam_X": 0.000150025381819996,
  "p_idle_spam_Y": 0.0022927788799090706,
  "p_idle_spam_Z": 0.0,
  "p_meas_X": 0.0033194386993094615,
  "p_meas_Z": 0.0033194386993094615,
  "p_prep_X": 0.0,
  "p_prep_Z": 0.0
}