{
  "p_cnot_IX": 0.0,
  "p_cnot_IY": 0.0,
  "p_cnot_IZ": 8.156770796921828e-06,
  "p_cnot_XI": 0.00024498065445058466,
  "p_cnot_XX": 0.0006968962617954827,
  "p_cnot_XY": 0.0,
  "p_cnot_XZ": 0.0002481338875730952,
  "p_cnot_YI": 0.0,
  "p_cnot_YX": 0.00027435711553062335,
  "p_cnot_YY": 0.0,
  "p_cnot_YZ": 0.00010353317867802385,
  "p_cnot_ZI": 0.0005237648415655254,
  "p_cnot_ZX": 0.0,
  "p_cnot_ZY": 0.0,
  "p_cnot_ZZ": 0.0004893314243565218,
  "p_idle_cnot_X": 0.0,
  "p_idle_cnot_Y": 0.00035908348859550477,
  "p_idle_cnot_Z": 0.0,
  "p_idle_spam_X": 0.002141234492088434,
  "p_idle_spam_Y": 0.001192385140579378,
  "p_idle_spam_Z": 0.0,
  "p_meas_X": 0.007125257589556239,
  "p_meas_Z": 0.007125257589556239,
  "p_prep_X": 0.0,
  "p_prep_Z": 0.0
}