{
  "p_cnot_IX": 0.0017537835619941989,
  "p_cnot_IY": 0.0,
  "p_cnot_IZ": 0.0,
  "p_cnot_XI": 2.9882807649675477e-05,
  "p_cnot_XX": 0.0,
  "p_cnot_XY": 0.0023648567726412876,
  "p_cnot_XZ": 4.867941366543292e-06,
  "p_cnot_YI": 0.000289588450441486,
  "p_cnot_YX": 0.0,
  "p_cnot_YY": 0.00025358814791256334,
  "p_cnot_YZ": 0.00024218766304350293,
  "p_cnot_ZI": 0.002275463959088091,
  "p_cnot_ZX": 0.0,
  "p_cnot_ZY": 0.0,
  "p_cnot_ZZ": 0.0,
  "p_idle_cnot_X": 0.0,
  "p_idle_cnot_Y": 0.00038831618592814933,
  "p_idle_cnot_Z": 0.0,
  "p_idle_spam_X": 0.0,
  "p_idle_spam_Y": 0.000981982080642299,
  "p_idle_spam_Z": 0.0,
  "p_meas_X": 0.0007621244597649712,
  "p_meas_Z": 0.0007621244597649712,
  "p_prep_X": 0.002861987282708645,
  "p_prep_Z": 0.002861987282708645
}