{
  "p_cnot_IX": 0.0005707139325419399,
  "p_cnot_IY": 0.0,
  "p_cnot_IZ": 0.0,
  "p_cnot_XI": 0.0009078420658040884,
  "p_cnot_XX": 0.0,
  "p_cnot_XY": 0.0025657760458242876,
  "p_cnot_XZ": 0.0009202642903870098,
  "p_cnot_YI": 0.0011533664671359806,
  "p_cnot_YX": 0.0,
  "p_cnot_YY": 0.0,
  "p_cnot_YZ": 0.0010798853731265414,
  "p_cnot_ZI": 0.00010266230475196946,
  "p_cnot_ZX": 0.0,
  "p_cnot_ZY": 0.0,
  "p_cnot_ZZ": 0.0,
  "p_idle_cnot_X": 0.00032629956757602974,
  "p_idle_cnot_Y": 0.0,
  "p_idle_cnot_Z": 0.0,
  "p_idle_spam_X": 0.000913017910612232,
  "p_idle_spam_Y": 0.0025245998531378063,
  "p_idle_spam_Z": 0.0,
  "p_meas_X": 0.005486757792683816,
  "p_meas_Z": 0.005486757792683816,
  "p_prep_X": 0.0020156516586113736,
  "p_prep_Z": 0.0020156516586113736
}