{
  "p_cnot_IX": 0.0,
  "p_cnot_IY": 0.0,
  "p_cnot_IZ": 0.0004634843516184669,
  "p_cnot_XI": 0.0003015128562100139,
  "p_cnot_XX": 0.0002347877391802927,
  "p_cnot_XY": 0.0,
  "p_cnot_XZ": 0.00037471216439694357,
  "p_cnot_YI": 0.0,
  "p_cnot_YX": 0.0013091361892521528,
  "p_cnot_YY": 0.0,
  "p_cnot_YZ": 0.0,
  "p_cnot_ZI": 0.0,
  "p_cnot_ZX": 0.0,
  "p_cnot_ZY": 6.147135917133369e-05,
  "p_cnot_ZZ": 0.0005566021802255827,
  "p_idle_cnot_X": 9.767529071365901e-05,
  "p_idle_cnot_Y": 0.00019163372238240026,
  "p_idle_cnot_Z": 0.0,
  "p_idle_spam_X": 0.0018815140485931548,
  "p_idle_spam_Y": 0.0022222325844615445,
  "p_idle_spam_Z": 0.0,
  "p_meas_X": 0.006646365225343538,
  "p_meas_Z": 0.006646365225343538,
  "p_prep_X": 0.0015310501626127648,
  "p_prep_Z": 0.0015310501626127648
}