{
  "p_cnot_IX": 0.0,
  "p_cnot_IY": 0.0,
  "p_cnot_IZ": 0.0,
  "p_cnot_XI": 0.0,
  "p_cnot_XX": 0.0,
  "p_cnot_XY": 0.00116706847594734,
  "p_cnot_XZ": 0.0,
  "p_cnot_YI": 0.0,
  "p_cnot_YX": 0.0,
  "p_cnot_YY": 0.00014193820161851898,
  "p_cnot_YZ": 0.0,
  "p_cnot_ZI": 0.001013817304476552,
  "p_cnot_ZX": 1.9133964844951693e-07,
  "p_cnot_ZY": 0.0,
  "p_cnot_ZZ": 0.0005246914874274117,
  "p_idle_cnot_X": 0.0003448699347646204,
  "p_idle_cnot_Y": 0.00017781943194731604,
  "p_idle_cnot_Z": 0.0,
  "p_idle_spam_X": 0.0015232302506275176,
  "p_idle_spam_Y": 0.002207470069120118,
  "p_idle_spam_Z": 0.0006575406735129046,
  "p_meas_X": 0.0053521437587561674,
  "p_meas_Z": 0.0053521437587561674,
  "p_prep_X": 2.9053642446009783e-05,
  "p_prep_Z": 2.9053642446009783e-05
}