{
  "p_cnot_IX": 0.00034205885870030147,
  "p_cnot_IY": 0.0,
  "p_cnot_IZ": 3.8197516138653776e-05,
  "p_cnot_XI": 0.0004823278397522924,
  "p_cnot_XX": 0.0,
  "p_cnot_XY": 0.0017096567753812398,
  "p_cnot_XZ": 0.00045471214620785124,
  "p_cnot_YI": 0.00035448279490579916,
  "p_cnot_YX": 0.0,
  "p_cnot_YY": 0.0,
  "p_cnot_YZ": 0.0003353897439466629,
  "p_cnot_ZI": 0.001018517633978019,
  "p_cnot_ZX": 0.0,
  "p_cnot_ZY": 0.0,
  "p_cnot_ZZ": 0.0,
  "p_idle_cnot_X": 0.0006403958389771299,
  "p_idle_cnot_Y": 0.0004323656733548617,
  "p_idle_cnot_Z": 0.0,
  "p_idle_spam_X": 0.00027533894037404564,
  "p_idle_spam_Y": 0.0013134896821317254,
  "p_idle_spam_Z": 0.0,
  "p_meas_X": 0.005003614695119965,
  "p_meas_Z": 0.005003614695119965,
  "p_prep_X": 0.0,
  "p_prep_Z": 0.0
}