{
  "p_cnot_IX": 0.0015926002570358097,
  "p_cnot_IY": 0.0,
  "p_cnot_IZ": 0.0,
  "p_cnot_XI": 0.0001267888570904082,
  "p_cnot_XX": 0.00039380459309527665,
  "p_cnot_XY": 0.0,
  "p_cnot_XZ": 0.00012099088905650285,
  "p_cnot_YI": 0.0010947514700220273,
  "p_cnot_YX": 0.001015607382892208,
  "p_cnot_YY": 0.0,
  "p_cnot_YZ": 0.0010881959776158925,
  "p_cnot_ZI": 0.0,
  "p_cnot_ZX": 0.001799312562785073,
  "p_cnot_ZY": 0.0,
  "p_cnot_ZZ": 0.0,
  "p_idle_cnot_X": 0.0,
  "p_idle_cnot_Y": 0.0,
  "p_idle_cnot_Z": 0.0,
  "p_idle_spam_X": 0.0,
  "p_idle_spam_Y": 0.0018827706156352598,
  "p_idle_spam_Z": 0.0,
  "p_meas_X": 0.0045834532569350465,
  "p_meas_Z": 0.0045834532569350465,
  "p_prep_X": 0.0,
  "p_prep_Z": 0.0
}