{
  "p_cnot_IX": 0.0009355783815006085,
  "p_cnot_IY": 2.6537439719361224e-05,
  "p_cnot_IZ": 1.7087084311882534e-07,
  "p_cnot_XI": 0.0003619895498074903,
  "p_cnot_XX": 0.0,
  "p_cnot_XY": 0.0,
  "p_cnot_XZ": 0.0003679270837701889,
  "p_cnot_YI": 0.0008224441072999851,
  "p_cnot_YX": 0.0,
  "p_cnot_YY": 0.0005034710894247482,
  "p_cnot_YZ": 0.000825730194460347,
  "p_cnot_ZI": 0.0,
  "p_cnot_ZX": 0.000817955287309568,
  "p_cnot_ZY": 0.0008358011213085091,
  "p_cnot_ZZ": 0.0,
  "p_idle_cnot_X": 0.0,
  "p_idle_cnot_Y": 0.0,
  "p_idle_cnot_Z": 0.0,
  "p_idle_spam_X": 0.0010204222700537341,
  "p_idle_spam_Y": 0.001999710463279705,
  "p_idle_spam_Z": 0.0,
  "p_meas_X": 0.006702556741579657,
  "p_meas_Z": 0.006702556741579657,
  "p_prep_X": 0.0003055928245895395,
  "p_prep_Z": 0.0003055928245895395
}