{
  "p_cnot_IX": 0.0012456916617113345,
  "p_cnot_IY": 0.00010044870207851686,
  "p_cnot_IZ": 0.0,
  "p_cnot_XI": 0.0013076266340782334,
  "p_cnot_XX": 0.0012502324004221243,
  "p_cnot_XY": 1.85260418656585e-05,
  "p_cnot_XZ": 0.0013114628104435692,
  "p_cnot_YI": 0.0005118048401610169,
  "p_cnot_YX": 0.00033218260929933173,
  "p_cnot_YY": 1.688368814563183e-05,
  "p_cnot_YZ": 0.0005197588473315958,
  "p_cnot_ZI": 0.00019982599920652754,
  "p_cnot_ZX": 4.611880842609678e-06,
  "p_cnot_ZY": 7.67443177529247e-05,
  "p_cnot_ZZ": 2.4480824127153415e-05,
  "p_idle_cnot_X": 0.0,
  "p_idle_cnot_Y": 0.0003039726460273796,
  "p_idle_cnot_Z": 0.0,
  "p_idle_spam_X": 0.0001381588539438568,
  "p_idle_spam_Y": 0.0011011906480771479,
  "p_idle_spam_Z": 0.0,
  "p_meas_X": 0.004357572952510667,
  "p_meas_Z": 0.004357572952510667,
  "p_prep_X": 0.0021461517452232596,
  "p_prep_Z": 0.0021461517452232596
}