{
  "p_cnot_IX": 0.0015539793575123824,
  "p_cnot_IY": 0.00016435522317107204,
  "p_cnot_IZ": 0.0,
  "p_cnot_XI": 0.0006964469016793431,
  "p_cnot_XX": 0.0001821380903225911,
  "p_cnot_XY": 0.0,
  "p_cnot_XZ": 0.000699209239148486,
  "p_cnot_YI": 0.0008811775823249746,
  "p_cnot_YX": 0.0014175516091032778,
  "p_cnot_YY": 0.0,
  "p_cnot_YZ": 0.0008817110813482566,
  "p_cnot_ZI": 0.0,
  "p_cnot_ZX": 0.00033014153451157947,
  "p_cnot_ZY": 0.00017878238411182004,
  "p_cnot_ZZ": 0.0,
  "p_idle_cnot_X": 0.0,
  "p_idle_cnot_Y": 0.0,
  "p_idle_cnot_Z": 0.0,
  "p_idle_spam_X": 0.00029930727098457523,
  "p_idle_spam_Y": 0.0011271698927248653,
  "p_idle_spam_Z": 0.0,
  "p_meas_X": 0.005648797788168697,
  "p_meas_Z": 0.005648797788168697,
  "p_prep_X": 0.0,
  "p_prep_Z": 0.0
}