{
  "p_cnot_IX": 0.0,
  "p_cnot_IY": 0.0,
  "p_cnot_IZ": 0.0,
  "p_cnot_XI": 0.0,
  "p_cnot_XX": 0.0,
  "p_cnot_XY": 0.0012606318032572057,
  "p_cnot_XZ": 0.0,
  "p_cnot_YI": 0.0,
  "p_cnot_YX": 0.0,
  "p_cnot_YY": 0.0001124800509014113,
  "p_cnot_YZ": 0.0,
  "p_cnot_ZI": 0.0011480507584900486,
  "p_cnot_ZX": 0.0,
  "p_cnot_ZY": 0.0,
  "p_cnot_ZZ": 0.0004638950211185209,
  "p_idle_cnot_X": 0.00034863086030020933,
  "p_idle_cnot_Y": 0.00019357114703192523,
  "p_idle_cnot_Z": 0.0,
  "p_idle_spam_X": 0.0014795525507634278,
  "p_idle_spam_Y": 0.001097244233425272,
  "p_idle_spam_Z": 0.0005271232522692092,
  "p_meas_X": 0.005051428201364085,
  "p_meas_Z": 0.005051428201364085,
  "p_prep_X": 0.0,
  "p_prep_Z": 0.0
}