{
  "p_cnot_IX": 0.0,
  "p_cnot_IY": 0.0,
  "p_cnot_IZ": 7.107368359048276e-05,
  "p_cnot_XI": 0.0,
  "p_cnot_XX": 0.00028989311542830575,
  "p_cnot_XY": 7.072074747748449e-07,
  "p_cnot_XZ": 0.0,
  "p_cnot_YI": 0.0006042366911996277,
  "p_cnot_YX": 0.0,
  "p_cnot_YY": 0.0,
  "p_cnot_YZ": 0.0006921946291833893,
  "p_cnot_ZI": 0.00037447067816799465,
  "p_cnot_ZX": 0.0,
  "p_cnot_ZY": 0.0,
  "p_cnot_ZZ": 0.0005244997243134744,
  "p_idle_cnot_X": 0.0014957573649685865,
  "p_idle_cnot_Y": 0.0,
  "p_idle_cnot_Z": 0.0,
  "p_idle_spam_X": 0.0002438821272036397,
  "p_idle_spam_Y": 0.002279803155348389,
  "p_idle_spam_Z": 0.0,
  "p_meas_X": 0.0033763280643966777,
  "p_meas_Z": 0.0033763280643966777,
  "p_prep_X": 0.0,
  "p_prep_Z": 0.0
}