{
  "p_cnot_IX": 0.0006937187948656581,
  "p_cnot_IY": 0.0,
  "p_cnot_IZ": 0.0,
  "p_cnot_XI": 4.067809250226288e-05,
  "p_cnot_XX": 0.0,
  "p_cnot_XY": 0.0,
  "p_cnot_XZ": 3.939337832392543e-05,
  "p_cnot_YI": 0.00032111539281595914,
  "p_cnot_YX": 0.0,
  "p_cnot_YY": 0.0007107732696878592,
  "p_cnot_YZ": 0.0003148793633015253,
  "p_cnot_ZI": 0.00046363718055250646,
  "p_cnot_ZX": 0.0,
  "p_cnot_ZY": 0.0,
  "p_cnot_ZZ": 0.0,
  "p_idle_cnot_X": 0.0005291493178220542,
  "p_idle_cnot_Y": 0.00046638082938807684,
  "p_idle_cnot_Z": 0.0,
  "p_idle_spam_X": 0.0016822747870291442,
  "p_idle_spam_Y": 0.0020152961150965336,
  "p_idle_spam_Z": 0.0,
  "p_meas_X": 0.004339441384356035,
  "p_meas_Z": 0.004339441384356035,
  "p_prep_X": 0.0,
  "p_prep_Z": 0.0
}