{
  "p_cnot_IX": 0.0,
  "p_cnot_IY": 0.0,
  "p_cnot_IZ": 5.666820375601173e-05,
  "p_cnot_XI": 0.00017367205195250232,
  "p_cnot_XX": 0.0006711692288955553,
  "p_cnot_XY": 0.0,
  "p_cnot_XZ": 0.00021103511004144025,
  "p_cnot_YI": 1.6931389535264726e-05,
  "p_cnot_YX": 0.0003032864448295302,
  "p_cnot_YY": 0.0,
  "p_cnot_YZ": 0.0001787368854910624,
  "p_cnot_ZI": 0.0005008203322815024,
  "p_cnot_ZX": 0.0,
  "p_cnot_ZY": 0.0,
  "p_cnot_ZZ": 0.00042464346640828644,
  "p_idle_cnot_X": 0.0,
  "p_idle_cnot_Y": 0.000362377505707099,
  "p_idle_cnot_Z": 0.0,
  "p_idle_spam_X": 0.0021546499260974017,
  "p_idle_spam_Y": 0.0011830466086729617,
  "p_idle_spam_Z": 0.0,
  "p_meas_X": 0.007078009861166474,
  "p_meas_Z": 0.007078009861166474,
  "p_prep_X": 0.0,
  "p_prep_Z": 0.0
}