{
  "p_cnot_IX": 0.0,
  "p_cnot_IY": 0.0,
  "p_cnot_IZ": 0.0,
  "p_cnot_XI": 0.0,
  "p_cnot_XX": 0.0,
  "p_cnot_XY": 0.0012745805346838178,
  "p_cnot_XZ": 0.0,
  "p_cnot_YI": 0.0,
  "p_cnot_YX": 0.0,
  "p_cnot_YY": 0.00013462738416070724,
  "p_cnot_YZ": 0.0,
  "p_cnot_ZI": 0.0011831977529953052,
  "p_cnot_ZX": 0.0,
  "p_cnot_ZY": 0.0,
  "p_cnot_ZZ": 0.00043971223276684945,
  "p_idle_cnot_X": 0.0003318468717914621,
  "p_idle_cnot_Y": 0.00019441447625680896,
  "p_idle_cnot_Z": 0.0,
  "p_idle_spam_X": 0.001481180177945704,
  "p_idle_spam_Y": 0.0021891997380909466,
  "p_idle_spam_Z": 0.0005277679328645015,
  "p_meas_X": 0.005055067643567841,
  "p_meas_Z": 0.005055067643567841,
  "p_prep_X": 0.0,
  "p_prep_Z": 0.0
}