{
  "p_cnot_IX": 0.002326616735542259,
  "p_cnot_IY": 0.0017708939216162605,
  "p_cnot_IZ": 0.0,
  "p_cnot_XI": 0.0,
  "p_cnot_XX": 0.0,
  "p_cnot_XY": 0.00041630124511256707,
  "p_cnot_XZ": 0.0,
  "p_cnot_YI": 1.032050028170373e-05,
  "p_cnot_YX": 0.0,
  "p_cnot_YY": 0.0,
  "p_cnot_YZ": 9.914805674007193e-06,
  "p_cnot_ZI": 0.001039079168776126,
  "p_cnot_ZX": 0.0,
  "p_cnot_ZY": 5.223889250063765e-05,
  "p_cnot_ZZ": 0.0,
  "p_idle_cnot_X": 2.403246522640312e-05,
  "p_idle_cnot_Y": 0.0008110843696071124,
  "p_idle_cnot_Z": 0.0,
  "p_idle_spam_X": 0.0,
  "p_idle_spam_Y": 0.0005562124558135203,
  "p_idle_spam_Z": 0.0,
  "p_meas_X": 0.002935235880952434,
  "p_meas_Z": 0.002935235880952434,
  "p_prep_X": 0.004818770215862061,
  "p_prep_Z": 0.004818770215862061
}