{
  "p_cnot_IX": 0.0017565988552914848,
  "p_cnot_IY": 0.0,
  "p_cnot_IZ": 0.0,
  "p_cnot_XI": 2.2755060798484657e-05,
  "p_cnot_XX": 0.0,
  "p_cnot_XY": 0.0023096161610980078,
  "p_cnot_XZ": 1.550031301389641e-05,
  "p_cnot_YI": 0.00027056119875892403,
  "p_cnot_YX": 0.0,
  "p_cnot_YY": 0.0002777533652982965,
  "p_cnot_YZ": 0.00022339068555136943,
  "p_cnot_ZI": 0.0023662728798423812,
  "p_cnot_ZX": 0.0,
  "p_cnot_ZY": 0.0,
  "p_cnot_ZZ": 0.0,
  "p_idle_cnot_X": 0.0,
  "p_idle_cnot_Y": 0.0003942513884744403,
  "p_idle_cnot_Z": 0.0,
  "p_idle_spam_X": 0.0,
  "p_idle_spam_Y": 0.0009882464457179974,
  "p_idle_spam_Z": 0.0,
  "p_meas_X": 0.0007347073734404192,
  "p_meas_Z": 0.0007347073734404192,
  "p_prep_X": 0.0027266442702081096,
  "p_prep_Z": 0.0027266442702081096
}