{
  "p_cnot_IX": 0.0,
  "p_cnot_IY": 1.683835218843575e-05,
  "p_cnot_IZ": 0.0003378957586913163,
  "p_cnot_XI": 0.000212709448560028,
  "p_cnot_XX": 0.0003421124996325725,
  "p_cnot_XY": 0.0,
  "p_cnot_XZ": 0.00022631151472438015,
  "p_cnot_YI": 0.0,
  "p_cnot_YX": 0.0013987839093114747,
  "p_cnot_YY": 0.0,
  "p_cnot_YZ": 0.0,
  "p_cnot_ZI": 0.0,
  "p_cnot_ZX": 3.2091505051373706e-07,
  "p_cnot_ZY": 4.507421779260612e-06,
  "p_cnot_ZZ": 0.0005791356991414022,
  "p_idle_cnot_X": 0.0001888274369481235,
  "p_idle_cnot_Y": 0.00013989696059993833,
  "p_idle_cnot_Z": 0.0,
  "p_idle_spam_X": 0.0016122460361642718,
  "p_idle_spam_Y": 0.002303844611636148,
  "p_idle_spam_Z": 0.0,
  "p_meas_X": 0.006405668695017811,
  "p_meas_Z": 0.006405668695017811,
  "p_prep_X": 0.0020761450872520174,
  "p_prep_Z": 0.0020761450872520174
}