{
  "p_cnot_IX": 0.0,
  "p_cnot_IY": 3.83947090461653e-05,
  "p_cnot_IZ": 0.0,
  "p_cnot_XI": 0.0,
  "p_cnot_XX": 0.0,
  "p_cnot_XY": 0.0,
  "p_cnot_XZ": 0.0,
  "p_cnot_YI": 0.0,
  "p_cnot_YX": 0.0,
  "p_cnot_YY": 0.0,
  "p_cnot_YZ": 0.0,
  "p_cnot_ZI": 0.0,
  "p_cnot_ZX": 0.0,
  "p_cnot_ZY": 4.943019917247562e-06,
  "p_cnot_ZZ": 1.6027076158433226e-05,
  "p_idle_cnot_X": 0.0,
  "p_idle_cnot_Y": 0.0008876192018561825,
  "p_idle_cnot_Z": 0.0,
  "p_idle_spam_X": 0.003776901754621263,
  "p_idle_spam_Y": 0.001041831934487622,
  "p_idle_spam_Z": 0.0,
  "p_meas_X": 0.006255741380828817,
  "p_meas_Z": 0.006255741380828817,
  "p_prep_X": 0.0,
  "p_prep_Z": 0.0
}