{
  "p_cnot_IX": 0.00045813279239153985,
  "p_cnot_IY": 0.0,
  "p_cnot_IZ": 0.0,
  "p_cnot_XI": 0.0008901452907068162,
  "p_cnot_XX": 0.0,
  "p_cnot_XY": 0.002569802833095555,
  "p_cnot_XZ": 0.0009082838437095162,
  "p_cnot_YI": 0.0011589466377143036,
  "p_cnot_YX": 0.0,
  "p_cnot_YY": 0.0,
  "p_cnot_YZ": 0.001081195112260503,
  "p_cnot_ZI": 0.00010013843163111515,
  "p_cnot_ZX": 0.0,
  "p_cnot_ZY": 0.0,
  "p_cnot_ZZ": 0.0,
  "p_idle_cnot_X": 0.0003414584278598161,
  "p_idle_cnot_Y": 0.0,
  "p_idle_cnot_Z": 0.0,
  "p_idle_spam_X": 0.0009806200331992081,
  "p_idle_spam_Y": 0.002542520028804841,
  "p_idle_spam_Z": 0.0,
  "p_meas_X": 0.005565002926281894,
  "p_meas_Z": 0.005565002926281894,
  "p_prep_X": 0.0019685587723694874,
  "p_prep_Z": 0.0019685587723694874
}