{
  "p_cnot_IX": 0.0008389048733548472,
  "p_cnot_IY": 4.979367503122181e-05,
  "p_cnot_IZ": 0.0,
  "p_cnot_XI": 0.001084700579252462,
  "p_cnot_XX": 0.001089200223270775,
  "p_cnot_XY": 3.7404549054087826e-06,
  "p_cnot_XZ": 0.0010871751894323232,
  "p_cnot_YI": 0.000648071073209526,
  "p_cnot_YX": 0.00041449187694212077,
  "p_cnot_YY": 0.0,
  "p_cnot_YZ": 0.0006535804354349312,
  "p_cnot_ZI": 0.00033143745608568313,
  "p_cnot_ZX": 8.349628105949436e-07,
  "p_cnot_ZY": 0.0,
  "p_cnot_ZZ": 0.0,
  "p_idle_cnot_X": 0.0,
  "p_idle_cnot_Y": 0.000405050199699896,
  "p_idle_cnot_Z": 0.0,
  "p_idle_spam_X": 0.000594162892706605,
  "p_idle_spam_Y": 0.0011592217240971939,
  "p_idle_spam_Z": 0.0,
  "p_meas_X": 0.003275033344638663,
  "p_meas_Z": 0.003275033344638663,
  "p_prep_X": 0.0019013718580862611,
  "p_prep_Z": 0.0019013718580862611
}