{
  "p_cnot_IX": 0.0003977127287706362,
  "p_cnot_IY": 0.0,
  "p_cnot_IZ": 2.5638131481632582e-05,
  "p_cnot_XI": 0.00045014336145038207,
  "p_cnot_XX": 0.0,
  "p_cnot_XY": 0.0017059707250680004,
  "p_cnot_XZ": 0.00041761834631548554,
  "p_cnot_YI": 0.00035342656208469384,
  "p_cnot_YX": 0.0,
  "p_cnot_YY": 0.0,
  "p_cnot_YZ": 0.0003467686667744136,
  "p_cnot_ZI": 0.0010192431592806431,
  "p_cnot_ZX": 0.0,
  "p_cnot_ZY": 0.0,
  "p_cnot_ZZ": 0.0,
  "p_idle_cnot_X": 0.0006418920432228921,
  "p_idle_cnot_Y": 0.0004342645797065527,
  "p_idle_cnot_Z": 0.0,
  "p_idle_spam_X": 0.0002519524742540556,
  "p_idle_spam_Y": 0.0013083867737785613,
  "p_idle_spam_Z": 0.0,
  "p_meas_X": 0.004980821079693196,
  "p_meas_Z": 0.004980821079693196,
  "p_prep_X": 0.0,
  "p_prep_Z": 0.0
}