{
  "p_cnot_IX": 0.0008901739681957365,
  "p_cnot_IY": 0.00047043062105288347,
  "p_cnot_IZ": 0.0,
  "p_cnot_XI": 0.00016866237519908922,
  "p_cnot_XX": 0.00014741454316620728,
  "p_cnot_XY": 0.0006659921125666688,
  "p_cnot_XZ": 0.00016922216717667462,
  "p_cnot_YI": 0.000660303307096299,
  "p_cnot_YX": 7.835862903808766e-05,
  "p_cnot_YY": 0.00027411090029625084,
  "p_cnot_YZ": 0.000660202823843327,
  "p_cnot_ZI": 0.0007848035734852537,
  "p_cnot_ZX": 0.0003666882322555671,
  "p_cnot_ZY": 0.0001235026464891407,
  "p_cnot_ZZ": 1.8105449580474375e-06,
  "p_idle_cnot_X": 0.00014495575782533113,
  "p_idle_cnot_Y": 0.00019179040025984215,
  "p_idle_cnot_Z": 0.0,
  "p_idle_spam_X": 0.0012130684594673247,
  "p_idle_spam_Y": 0.0014386606473834884,
  "p_idle_spam_Z": 0.0,
  "p_meas_X": 0.0024542667355348766,
  "p_meas_Z": 0.0024542667355348766,
  "p_prep_X": 0.0014532417105508123,
  "p_prep_Z": 0.0014532417105508123
}