{
  "p_cnot_IX": 0.0014094886691365745,
  "p_cnot_IY": 8.223166983984605e-06,
  "p_cnot_IZ": 0.0,
  "p_cnot_XI": 0.0,
  "p_cnot_XX": 0.0009205978417306114,
  "p_cnot_XY": 0.000607875093321468,
  "p_cnot_XZ": 0.0,
  "p_cnot_YI": 0.0007057104838375794,
  "p_cnot_YX": 0.0006393396154137142,
  "p_cnot_YY": 0.000326008936743859,
  "p_cnot_YZ": 0.0007104136086061166,
  "p_cnot_ZI": 0.0010322555249525564,
  "p_cnot_ZX": 0.0011215884257294573,
  "p_cnot_ZY": 0.0,
  "p_cnot_ZZ": 0.0,
  "p_idle_cnot_X": 0.0,
  "p_idle_cnot_Y": 8.157384627923979e-05,
  "p_idle_cnot_Z": 0.0,
  "p_idle_spam_X": 0.00033418379226497584,
  "p_idle_spam_Y": 0.0013911151339357566,
  "p_idle_spam_Z": 0.0,
  "p_meas_X": 0.0016300315972191395,
  "p_meas_Z": 0.0016300315972191395,
  "p_prep_X": 0.0010257611584263621,
  "p_prep_Z": 0.0010257611584263621
}