{
  "p_cnot_IX": 0.001551777332162433,
  "p_cnot_IY": 0.0001139685444847306,
  "p_cnot_IZ": 0.0,
  "p_cnot_XI": 0.000700412632703283,
  "p_cnot_XX": 0.00019802318709569096,
  "p_cnot_XY": 0.0,
  "p_cnot_XZ": 0.0007004797424940396,
  "p_cnot_YI": 0.0008765234088645748,
  "p_cnot_YX": 0.0013965798363160815,
  "p_cnot_YY": 0.0,
  "p_cnot_YZ": 0.000876737906117507,
  "p_cnot_ZI": 0.0,
  "p_cnot_ZX": 0.000302783052926564,
  "p_cnot_ZY": 0.00024443816208973316,
  "p_cnot_ZZ": 0.0,
  "p_idle_cnot_X": 0.0,
  "p_idle_cnot_Y": 0.0,
  "p_idle_cnot_Z": 0.0,
  "p_idle_spam_X": 0.0003108140629185078,
  "p_idle_spam_Y": 0.0011283263983877545,
  "p_idle_spam_Z": 0.0,
  "p_meas_X": 0.005696985970689072,
  "p_meas_Z": 0.005696985970689072,
  "p_prep_X": 0.0,
  "p_prep_Z": 0.0
}