distance,basis,orientation,rounds,decoder,model,shots,n_errors,ler,ler_per_cycle,decode_seconds,note
5,Z,q6_9,1,bplsd,-,50000,73,0.00146,0.0014600000000000168,0.4654359049163759,
5,Z,q6_9,10,bplsd,-,50000,4812,0.09624,0.01057592005912672,123.96461562090553,
5,Z,q6_9,13,bplsd,-,50000,5720,0.1144,0.00989340739808603,178.52056163805537,
5,Z,q6_9,30,bplsd,-,50000,14230,0.2846,0.013840032667473856,586.6881181499921,
5,Z,q6_9,50,bplsd,-,50000,16857,0.33714,0.011092282364170758,922.8241944699548,
5,Z,q6_9,70,bplsd,-,50000,19492,0.38984,0.010688908387663454,1304.2152803230565,
