distance,basis,orientation,rounds,decoder,model,shots,n_errors,ler,ler_per_cycle,decode_seconds,note
5,Z,q6_5,1,bplsd,-,50000,56,0.00112,0.0011200000000000099,0.46170908585190773,
5,Z,q6_5,10,bplsd,-,50000,3654,0.07308,0.0078384812375078,110.33802574500442,
5,Z,q6_5,13,bplsd,-,50000,4586,0.09172,0.007733980150277819,162.2263804450631,
5,Z,q6_5,30,bplsd,-,50000,11642,0.23284,0.010337643051421097,530.035700737033,
5,Z,q6_5,50,bplsd,-,50000,13923,0.27846,0.008074147095949724,839.1210437910631,
5,Z,q6_5,70,bplsd,-,50000,17584,0.35168,0.008605344389227498,1263.9724424760789,
