distance,basis,orientation,rounds,decoder,model,shots,n_errors,ler,ler_per_cycle,decode_seconds,note
3,X,q4_9,1,bplsd,-,50000,248,0.00496,0.00496000000000002,0.25740498793311417,
3,X,q4_9,10,bplsd,-,50000,5773,0.11546,0.012957167941285208,10.373685101047158,
3,X,q4_9,13,bplsd,-,50000,7506,0.15012,0.013544617545437676,16.374194259988144,
3,X,q4_9,30,bplsd,-,50000,13779,0.27558,0.013174794188991534,62.494308680994436,
3,X,q4_9,50,bplsd,-,50000,18817,0.37634,0.013777346512693245,135.65812532790005,
3,X,q4_9,70,bplsd,-,50000,21073,0.42146,0.013048153400176177,203.9128016231116,
