distance,basis,orientation,rounds,decoder,model,shots,n_errors,ler,ler_per_cycle,decode_seconds,note
5,X,q6_9,1,bplsd,-,50000,159,0.00318,0.003180000000000016,0.46800165087915957,
5,X,q6_9,10,bplsd,-,50000,4396,0.08792,0.009576629684345861,115.44793442892842,
5,X,q6_9,13,bplsd,-,50000,5918,0.11836,0.010282427977686193,175.42118979990482,
5,X,q6_9,30,bplsd,-,50000,12876,0.25752,0.011917164544933467,542.5366253689863,
5,X,q6_9,50,bplsd,-,50000,16659,0.33318,0.010857311130230862,885.4740895070136,
5,X,q6_9,70,bplsd,-,50000,20923,0.41846,0.012787316342764476,1349.9731315390673,
