distance,basis,orientation,rounds,decoder,model,shots,n_errors,ler,ler_per_cycle,decode_seconds,note
3,X,q2_7,1,bplsd,-,50000,293,0.00586,0.005859999999999976,0.2596453989390284,
3,X,q2_7,10,bplsd,-,50000,5208,0.10416,0.011544536460113997,9.549077916890383,
3,X,q2_7,13,bplsd,-,50000,6742,0.13484,0.011942468215733304,14.970875062048435,
3,X,q2_7,30,bplsd,-,50000,12276,0.24552,0.011130669134135296,57.6589526059106,
3,X,q2_7,50,bplsd,-,50000,17057,0.34114,0.011335381380220722,127.8742801467888,
3,X,q2_7,70,bplsd,-,50000,19822,0.39644,0.011120588716286184,199.08546106913127,
