distance,basis,orientation,rounds,decoder,model,shots,n_errors,ler,ler_per_cycle,decode_seconds,note
3,Z,q10_7,1,bplsd,-,50000,273,0.00546,0.00546000000000002,0.26377191091887653,
3,Z,q10_7,10,bplsd,-,50000,4327,0.08654,0.009412640531126115,10.44854218699038,
3,Z,q10_7,13,bplsd,-,50000,5615,0.1123,0.009688602534773327,16.57711277110502,
3,Z,q10_7,30,bplsd,-,50000,10791,0.21582,0.009328551340865465,61.222967715002596,
3,Z,q10_7,50,bplsd,-,50000,15394,0.30788,0.009473972896713423,128.46187788411044,
3,Z,q10_7,70,bplsd,-,50000,19259,0.38518,0.010399207602723615,206.12755898502655,
