distance,basis,orientation,rounds,decoder,model,shots,n_errors,ler,ler_per_cycle,decode_seconds,note
3,X,q2_7,1,ising,fast,50000,0,nan,nan,0.0,skipped: rounds<2
3,X,q2_7,10,ising,fast,50000,6361,0.12722,0.014467546066449344,26.87898144684732,"R=9,rot=XV"
3,X,q2_7,13,ising,fast,50000,9069,0.18138,0.017034185763186938,35.10392549820244,"R=9,rot=XV"
3,X,q2_7,30,ising,fast,50000,13371,0.26742,0.01259488437912365,82.95055699092336,"R=9,rot=XV"
3,X,q2_7,50,ising,fast,50000,16847,0.33694,0.011080281535025105,138.1530360330362,"R=9,rot=XV"
3,X,q2_7,70,ising,fast,50000,19427,0.38854,0.010606893481336144,194.94715506909415,"R=9,rot=XV"
