distance,basis,orientation,rounds,decoder,model,shots,n_errors,ler,ler_per_cycle,decode_seconds,note
3,Z,q6_11,1,ising,fast,50000,0,nan,nan,0.0,skipped: rounds<2
3,Z,q6_11,10,ising,fast,50000,6524,0.13048,0.01489382951735907,26.9751838860102,"R=9,rot=XV"
3,Z,q6_11,13,ising,fast,50000,7843,0.15686,0.014271949392977934,35.18887297390029,"R=9,rot=XV"
3,Z,q6_11,30,ising,fast,50000,13023,0.26046,0.012115591943437976,83.25218482711352,"R=9,rot=XV"
3,Z,q6_11,50,ising,fast,50000,17384,0.34768,0.01174607537320077,138.46586987399496,"R=9,rot=XV"
3,Z,q6_11,70,ising,fast,50000,20156,0.40312,0.011586045976714143,194.99901149282232,"R=9,rot=XV"
