distance,basis,orientation,rounds,decoder,model,shots,n_errors,ler,ler_per_cycle,decode_seconds,note
3,X,q4_5,1,ising,fast,50000,0,nan,nan,0.0,skipped: rounds<2
3,X,q4_5,10,ising,fast,50000,8352,0.16704,0.019921551537680937,27.019282549154013,"R=9,rot=XV"
3,X,q4_5,13,ising,fast,50000,9333,0.18666,0.01765459517754031,35.25886745285243,"R=9,rot=XV"
3,X,q4_5,30,ising,fast,50000,14373,0.28746,0.014056593945198259,83.14636666607112,"R=9,rot=XV"
3,X,q4_5,50,ising,fast,50000,18467,0.36934,0.013241597264590843,138.9723129980266,"R=9,rot=XV"
3,X,q4_5,70,ising,fast,50000,21018,0.42036,0.01295139042042548,195.60702773998491,"R=9,rot=XV"
