distance,basis,orientation,rounds,decoder,model,shots,n_errors,ler,ler_per_cycle,decode_seconds,note
3,X,q6_7,1,ising,fast,50000,0,nan,nan,0.0,skipped: rounds<2
3,X,q6_7,10,ising,fast,50000,9060,0.1812,0.02200336951522519,26.876581579912454,"R=9,rot=XV"
3,X,q6_7,13,ising,fast,50000,10655,0.2131,0.020914393661645436,35.19314782205038,"R=9,rot=XV"
3,X,q6_7,30,ising,fast,50000,17297,0.34594,0.019241098717540706,83.04727825592272,"R=9,rot=XV"
3,X,q6_7,50,ising,fast,50000,20384,0.40768,0.01661127070720314,138.62862552888691,"R=9,rot=XV"
3,X,q6_7,70,ising,fast,50000,23768,0.47536,0.021045926295526873,196.0660659149289,"R=9,rot=XV"
