distance,basis,orientation,rounds,decoder,model,shots,n_errors,ler,ler_per_cycle,decode_seconds,note
3,Z,q10_7,1,bplsd,-,20000,5,0.00025,0.00024999999999997247,0.10184109397232533,
3,Z,q10_7,10,bplsd,-,20000,4912,0.2456,0.03266886649288875,12.246347604086623,
3,Z,q10_7,13,bplsd,-,20000,6405,0.32025,0.03783931712189326,18.55221979902126,
3,Z,q10_7,30,bplsd,-,20000,9193,0.45965,0.04023865408166477,55.363116492982954,
