distance,basis,orientation,rounds,decoder,model,shots,n_errors,ler,ler_per_cycle,decode_seconds,note
5,Z,q6_5,1,bplsd,-,20000,4,0.0002,0.00019999999999997797,0.17236677301116288,
5,Z,q6_5,10,bplsd,-,20000,6359,0.31795,0.048048250137643356,373.33863281994127,
5,Z,q6_5,13,bplsd,-,20000,7688,0.3844,0.05326910211332042,691.2693860488944,
5,Z,q6_5,30,bplsd,-,20000,9724,0.4862,0.056391042411274794,2672.44860643195,
