distance,basis,orientation,rounds,decoder,model,shots,n_errors,ler,ler_per_cycle,decode_seconds,note
3,X,q2_7,1,bplsd,-,20000,3,0.00015,0.00014999999999998348,0.10210113995708525,
3,X,q2_7,10,bplsd,-,20000,5313,0.26565,0.03648958225185772,12.563214311143383,
3,X,q2_7,13,bplsd,-,20000,6454,0.3227,0.03832695146657866,19.392547311028466,
3,X,q2_7,30,bplsd,-,20000,9206,0.4603,0.040487474042087246,54.1137800370343,
