distance,basis,orientation,rounds,decoder,model,shots,n_errors,ler,ler_per_cycle,decode_seconds,note
3,X,q4_9,1,bplsd,-,20000,4,0.0002,0.00019999999999997797,0.10437550907954574,
3,X,q4_9,10,bplsd,-,20000,5396,0.2698,0.03731700747715494,12.740512452088296,
3,X,q4_9,13,bplsd,-,20000,6454,0.3227,0.03832695146657866,19.09966094698757,
3,X,q4_9,30,bplsd,-,20000,9241,0.46205,0.04117747541921096,54.163311147131026,
