{
  "p_cnot_IX": 0.0007212374720115855,
  "p_cnot_IY": 0.0,
  "p_cnot_IZ": 0.0,
  "p_cnot_XI": 0.0008483108119214984,
  "p_cnot_XX": 0.0,
  "p_cnot_XY": 0.0018180487633021648,
  "p_cnot_XZ": 0.0008406478810049314,
  "p_cnot_YI": 0.0009301806145244089,
  "p_cnot_YX": 0.0,
  "p_cnot_YY": 0.0001536007385528451,
  "p_cnot_YZ": 0.0009163822918399229,
  "p_cnot_ZI": 0.0008384316452601888,
  "p_cnot_ZX": 0.0,
  "p_cnot_ZY": 0.0,
  "p_cnot_ZZ": 2.112452692042278e-05,
  "p_idle_cnot_X": 8.608047387614985e-06,
  "p_idle_cnot_Y": 0.0002442819278307056,
  "p_idle_cnot_Z": 9.992577042905194e-07,
  "p_idle_spam_X": 0.0016588824344713697,
  "p_idle_spam_Y": 0.0023827094259646093,
  "p_idle_spam_Z": 0.0012061017978192035,
  "p_meas_X": 0.002503882061294953,
  "p_meas_Z": 0.002503882061294953,
  "p_prep_X": 0.0020683826133917472,
  "p_prep_Z": 0.0020683826133917472
}