{
  "p_cnot_IX": 0.00016271882278352708,
  "p_cnot_IY": 3.9704954117997755e-05,
  "p_cnot_IZ": 1.1019559169242866e-05,
  "p_cnot_XI": 3.3410701947420844e-05,
  "p_cnot_XX": 0.0,
  "p_cnot_XY": 4.942197504460848e-05,
  "p_cnot_XZ": 3.3150541806342236e-05,
  "p_cnot_YI": 0.0003078633218551831,
  "p_cnot_YX": 0.0,
  "p_cnot_YY": 3.8869458932196035e-05,
  "p_cnot_YZ": 0.0003073384811308805,
  "p_cnot_ZI": 0.0004750910632779882,
  "p_cnot_ZX": 6.69082779453296e-06,
  "p_cnot_ZY": 0.0,
  "p_cnot_ZZ": 0.0002571522944145172,
  "p_idle_cnot_X": 0.0006885395600915299,
  "p_idle_cnot_Y": 0.0006113870688053422,
  "p_idle_cnot_Z": 7.860600982177771e-06,
  "p_idle_spam_X": 0.0014590362368766148,
  "p_idle_spam_Y": 0.0016711700069076095,
  "p_idle_spam_Z": 0.0010110892106651684,
  "p_meas_X": 0.0014683787258699661,
  "p_meas_Z": 0.0014683787258699661,
  "p_prep_X": 0.001303926514660213,
  "p_prep_Z": 0.001303926514660213
}