{
  "p_cnot_IX": 0.0017866423802220426,
  "p_cnot_IY": 0.0,
  "p_cnot_IZ": 0.0,
  "p_cnot_XI": 1.6943517988279084e-05,
  "p_cnot_XX": 0.0,
  "p_cnot_XY": 0.0023188293635195653,
  "p_cnot_XZ": 1.3336929693238508e-08,
  "p_cnot_YI": 0.00027019020196562306,
  "p_cnot_YX": 0.0,
  "p_cnot_YY": 0.000265900283147707,
  "p_cnot_YZ": 0.0002251252556628014,
  "p_cnot_ZI": 0.0023449217142066745,
  "p_cnot_ZX": 0.0,
  "p_cnot_ZY": 0.0,
  "p_cnot_ZZ": 0.0,
  "p_idle_cnot_X": 0.0,
  "p_idle_cnot_Y": 0.0003893252193147803,
  "p_idle_cnot_Z": 0.0,
  "p_idle_spam_X": 0.0,
  "p_idle_spam_Y": 0.0010041874962546128,
  "p_idle_spam_Z": 0.0,
  "p_meas_X": 0.0007702394523199709,
  "p_meas_Z": 0.0007702394523199709,
  "p_prep_X": 0.0027527796569603575,
  "p_prep_Z": 0.0027527796569603575
}