{
  "p_cnot_IX": 0.0,
  "p_cnot_IY": 0.0,
  "p_cnot_IZ": 7.496116370149704e-06,
  "p_cnot_XI": 5.3002920700723545e-05,
  "p_cnot_XX": 6.284296693127185e-05,
  "p_cnot_XY": 0.00013320702538288485,
  "p_cnot_XZ": 0.00010838134687945962,
  "p_cnot_YI": 0.0007355671697221067,
  "p_cnot_YX": 0.0,
  "p_cnot_YY": 0.0,
  "p_cnot_YZ": 0.0007808913960656784,
  "p_cnot_ZI": 0.00023842184819568467,
  "p_cnot_ZX": 0.0,
  "p_cnot_ZY": 0.0,
  "p_cnot_ZZ": 0.0004170177836845919,
  "p_idle_cnot_X": 0.0016366108607237518,
  "p_idle_cnot_Y": 0.0,
  "p_idle_cnot_Z": 0.0,
  "p_idle_spam_X": 6.167131987443141e-05,
  "p_idle_spam_Y": 0.00227993382395006,
  "p_idle_spam_Z": 0.0,
  "p_meas_X": 0.0028386469032979475,
  "p_meas_Z": 0.0028386469032979475,
  "p_prep_X": 2.9074008935889422e-05,
  "p_prep_Z": 2.9074008935889422e-05
}