{
  "p_cnot_IX": 0.0,
  "p_cnot_IY": 0.0,
  "p_cnot_IZ": 0.0003086761300561071,
  "p_cnot_XI": 6.701478301145024e-05,
  "p_cnot_XX": 0.0006780567852232951,
  "p_cnot_XY": 0.0,
  "p_cnot_XZ": 9.515326110802019e-05,
  "p_cnot_YI": 0.00014346768676608566,
  "p_cnot_YX": 0.0002626610884264548,
  "p_cnot_YY": 0.0,
  "p_cnot_YZ": 0.0002955885639828922,
  "p_cnot_ZI": 0.0004172964890992363,
  "p_cnot_ZX": 0.0,
  "p_cnot_ZY": 0.0,
  "p_cnot_ZZ": 0.00025020739117235954,
  "p_idle_cnot_X": 0.0,
  "p_idle_cnot_Y": 0.0003562545419845435,
  "p_idle_cnot_Z": 0.0,
  "p_idle_spam_X": 0.0021378157511864897,
  "p_idle_spam_Y": 0.0011993592170466982,
  "p_idle_spam_Z": 0.0,
  "p_meas_X": 0.007135568971810022,
  "p_meas_Z": 0.007135568971810022,
  "p_prep_X": 0.0,
  "p_prep_Z": 0.0
}