{
  "p_cnot_IX": 0.0,
  "p_cnot_IY": 0.0,
  "p_cnot_IZ": 0.0,
  "p_cnot_XI": 0.0,
  "p_cnot_XX": 0.0,
  "p_cnot_XY": 0.0013036404573240849,
  "p_cnot_XZ": 0.0,
  "p_cnot_YI": 0.0,
  "p_cnot_YX": 0.0,
  "p_cnot_YY": 0.00012760346737200482,
  "p_cnot_YZ": 0.0,
  "p_cnot_ZI": 0.0011859053183148165,
  "p_cnot_ZX": 0.0,
  "p_cnot_ZY": 0.0,
  "p_cnot_ZZ": 0.0004405926169979003,
  "p_idle_cnot_X": 0.0003340473739251042,
  "p_idle_cnot_Y": 0.00019065442360077144,
  "p_idle_cnot_Z": 0.0,
  "p_idle_spam_X": 0.0014909966826385753,
  "p_idle_spam_Y": 0.0021852268670909196,
  "p_idle_spam_Z": 0.0004915089107226481,
  "p_meas_X": 0.005057571367023956,
  "p_meas_Z": 0.005057571367023956,
  "p_prep_X": 0.0,
  "p_prep_Z": 0.0
}