{
  "p_cnot_IX": 0.0,
  "p_cnot_IY": 1.9171078273933054e-05,
  "p_cnot_IZ": 0.00025412991539985,
  "p_cnot_XI": 0.0002437348609687528,
  "p_cnot_XX": 0.00032713842510822394,
  "p_cnot_XY": 0.0,
  "p_cnot_XZ": 0.0002502099546559995,
  "p_cnot_YI": 0.0,
  "p_cnot_YX": 0.001375945860199774,
  "p_cnot_YY": 0.0,
  "p_cnot_YZ": 0.0,
  "p_cnot_ZI": 0.0,
  "p_cnot_ZX": 0.0,
  "p_cnot_ZY": 1.1997927710844824e-07,
  "p_cnot_ZZ": 0.0005855786514881722,
  "p_idle_cnot_X": 0.00019391761481026338,
  "p_idle_cnot_Y": 0.00017041904178309684,
  "p_idle_cnot_Z": 0.0,
  "p_idle_spam_X": 0.0016869997648407626,
  "p_idle_spam_Y": 0.002238328415183219,
  "p_idle_spam_Z": 0.0,
  "p_meas_X": 0.006174314678926115,
  "p_meas_Z": 0.006174314678926115,
  "p_prep_X": 0.0021023469356864577,
  "p_prep_Z": 0.0021023469356864577
}