{
  "p_cnot_IX": 0.0,
  "p_cnot_IY": 3.569157450775548e-05,
  "p_cnot_IZ": 0.0,
  "p_cnot_XI": 0.0,
  "p_cnot_XX": 0.0,
  "p_cnot_XY": 0.0,
  "p_cnot_XZ": 0.0,
  "p_cnot_YI": 0.0,
  "p_cnot_YX": 0.0,
  "p_cnot_YY": 0.0,
  "p_cnot_YZ": 0.0,
  "p_cnot_ZI": 0.0,
  "p_cnot_ZX": 0.0,
  "p_cnot_ZY": 0.0,
  "p_cnot_ZZ": 3.2957688707304534e-05,
  "p_idle_cnot_X": 0.0,
  "p_idle_cnot_Y": 0.0008828060762286453,
  "p_idle_cnot_Z": 0.0,
  "p_idle_spam_X": 0.0037739947408212426,
  "p_idle_spam_Y": 0.0010451200028975182,
  "p_idle_spam_Z": 0.0,
  "p_meas_X": 0.006256795067250354,
  "p_meas_Z": 0.006256795067250354,
  "p_prep_X": 0.0,
  "p_prep_Z": 0.0
}