{
  "p_cnot_IX": 0.002187656844372712,
  "p_cnot_IY": 0.0017297494685021989,
  "p_cnot_IZ": 0.0,
  "p_cnot_XI": 0.0,
  "p_cnot_XX": 0.0,
  "p_cnot_XY": 0.0006005925683731063,
  "p_cnot_XZ": 0.0,
  "p_cnot_YI": 0.0,
  "p_cnot_YX": 0.0,
  "p_cnot_YY": 0.0,
  "p_cnot_YZ": 0.0,
  "p_cnot_ZI": 0.001016268960694633,
  "p_cnot_ZX": 0.0,
  "p_cnot_ZY": 0.0,
  "p_cnot_ZZ": 0.0,
  "p_idle_cnot_X": 7.287407045671766e-05,
  "p_idle_cnot_Y": 0.00083646890998113,
  "p_idle_cnot_Z": 0.0,
  "p_idle_spam_X": 0.0,
  "p_idle_spam_Y": 0.00047795170947680874,
  "p_idle_spam_Z": 0.0,
  "p_meas_X": 0.0017402339267100929,
  "p_meas_Z": 0.0017402339267100929,
  "p_prep_X": 0.0057929560919771726,
  "p_prep_Z": 0.0057929560919771726
}