{
  "p_cnot_IX": 0.001189295606456803,
  "p_cnot_IY": 0.0,
  "p_cnot_IZ": 5.2729630921308195e-05,
  "p_cnot_XI": 0.00047965406455844397,
  "p_cnot_XX": 0.0,
  "p_cnot_XY": 0.0,
  "p_cnot_XZ": 0.0004855688349534087,
  "p_cnot_YI": 0.0007889879822939823,
  "p_cnot_YX": 0.0,
  "p_cnot_YY": 0.0005330860274529233,
  "p_cnot_YZ": 0.0007915537611404578,
  "p_cnot_ZI": 0.0,
  "p_cnot_ZX": 0.0004250809539418785,
  "p_cnot_ZY": 0.0008424766442165125,
  "p_cnot_ZZ": 0.0,
  "p_idle_cnot_X": 0.0,
  "p_idle_cnot_Y": 0.0,
  "p_idle_cnot_Z": 0.0,
  "p_idle_spam_X": 0.0011941106200278706,
  "p_idle_spam_Y": 0.0019329854460373812,
  "p_idle_spam_Z": 0.0,
  "p_meas_X": 0.006939564905753232,
  "p_meas_Z": 0.006939564905753232,
  "p_prep_X": 4.9755299126911494e-05,
  "p_prep_Z": 4.9755299126911494e-05
}