{
  "p_cnot_IX": 0.0006424326587720297,
  "p_cnot_IY": 0.00020507839740977276,
  "p_cnot_IZ": 0.0,
  "p_cnot_XI": 0.0006381990132615618,
  "p_cnot_XX": 0.0009668783605043245,
  "p_cnot_XY": 0.00040033176955102954,
  "p_cnot_XZ": 0.0006401297924072031,
  "p_cnot_YI": 0.0008174887002494315,
  "p_cnot_YX": 0.000464660220810924,
  "p_cnot_YY": 0.0,
  "p_cnot_YZ": 0.0008215383326931259,
  "p_cnot_ZI": 0.000561987307571105,
  "p_cnot_ZX": 3.404787955882635e-05,
  "p_cnot_ZY": 0.00010839597749767399,
  "p_cnot_ZZ": 0.0,
  "p_idle_cnot_X": 0.0,
  "p_idle_cnot_Y": 0.00022913486989840353,
  "p_idle_cnot_Z": 0.00022130218277589516,
  "p_idle_spam_X": 0.0006803794180067846,
  "p_idle_spam_Y": 0.001002795691589272,
  "p_idle_spam_Z": 0.0,
  "p_meas_X": 0.001936012325364686,
  "p_meas_Z": 0.001936012325364686,
  "p_prep_X": 0.0013505054269102406,
  "p_prep_Z": 0.0013505054269102406
}