{
  "p_cnot_IX": 0.001611503893696212,
  "p_cnot_IY": 0.0,
  "p_cnot_IZ": 0.0,
  "p_cnot_XI": 0.00013578104527998657,
  "p_cnot_XX": 0.0004188363721939309,
  "p_cnot_XY": 0.0,
  "p_cnot_XZ": 0.00012897438601453163,
  "p_cnot_YI": 0.001106438481824958,
  "p_cnot_YX": 0.0009647848285719382,
  "p_cnot_YY": 0.0,
  "p_cnot_YZ": 0.0011009342153143553,
  "p_cnot_ZI": 0.0,
  "p_cnot_ZX": 0.0017859082083363492,
  "p_cnot_ZY": 0.0,
  "p_cnot_ZZ": 0.0,
  "p_idle_cnot_X": 0.0,
  "p_idle_cnot_Y": 0.0,
  "p_idle_cnot_Z": 0.0,
  "p_idle_spam_X": 0.0,
  "p_idle_spam_Y": 0.0018836627721873667,
  "p_idle_spam_Z": 0.0,
  "p_meas_X": 0.004545750366458348,
  "p_meas_Z": 0.004545750366458348,
  "p_prep_X": 0.0,
  "p_prep_Z": 0.0
}