{
  "p_cnot_IX": 0.00041098508687337026,
  "p_cnot_IY": 0.0,
  "p_cnot_IZ": 9.485105199070756e-06,
  "p_cnot_XI": 0.0004629478940436278,
  "p_cnot_XX": 0.0,
  "p_cnot_XY": 0.0017146261126329612,
  "p_cnot_XZ": 0.00044420399314235563,
  "p_cnot_YI": 0.0003651197379024086,
  "p_cnot_YX": 0.0,
  "p_cnot_YY": 0.0,
  "p_cnot_YZ": 0.0003413352658193857,
  "p_cnot_ZI": 0.0010325440613644366,
  "p_cnot_ZX": 0.0,
  "p_cnot_ZY": 0.0,
  "p_cnot_ZZ": 8.319497417639313e-07,
  "p_idle_cnot_X": 0.0006422681611351423,
  "p_idle_cnot_Y": 0.00042711395220780687,
  "p_idle_cnot_Z": 0.0,
  "p_idle_spam_X": 0.0002283749832354773,
  "p_idle_spam_Y": 0.001309737849500801,
  "p_idle_spam_Z": 0.0,
  "p_meas_X": 0.004956655790724684,
  "p_meas_Z": 0.004956655790724684,
  "p_prep_X": 0.0,
  "p_prep_Z": 0.0
}