{
  "p_cnot_IX": 0.0013040332351635753,
  "p_cnot_IY": 7.05157203870324e-06,
  "p_cnot_IZ": 0.0,
  "p_cnot_XI": 0.0007179211743407736,
  "p_cnot_XX": 0.00014942819808518224,
  "p_cnot_XY": 2.9454773491774152e-09,
  "p_cnot_XZ": 0.0007177855252485824,
  "p_cnot_YI": 0.000830543791343095,
  "p_cnot_YX": 0.0015088729518600282,
  "p_cnot_YY": 0.0,
  "p_cnot_YZ": 0.0008305109171775737,
  "p_cnot_ZI": 0.0,
  "p_cnot_ZX": 0.00029959225056774055,
  "p_cnot_ZY": 0.00042491604761151814,
  "p_cnot_ZZ": 0.0,
  "p_idle_cnot_X": 0.0,
  "p_idle_cnot_Y": 0.0,
  "p_idle_cnot_Z": 0.0,
  "p_idle_spam_X": 0.0003955515458267514,
  "p_idle_spam_Y": 0.00110515824371959,
  "p_idle_spam_Z": 0.0,
  "p_meas_X": 0.005809593539017701,
  "p_meas_Z": 0.005809593539017701,
  "p_prep_X": 0.0002834912138647841,
  "p_prep_Z": 0.0002834912138647841
}