{
  "p_cnot_IX": 0.0,
  "p_cnot_IY": 0.0,
  "p_cnot_IZ": 0.0,
  "p_cnot_XI": 1.7031147695057573e-05,
  "p_cnot_XX": 0.0001839727136174834,
  "p_cnot_XY": 2.3803155812059644e-05,
  "p_cnot_XZ": 1.5204046618620177e-05,
  "p_cnot_YI": 2.386581164163677e-07,
  "p_cnot_YX": 0.0,
  "p_cnot_YY": 0.0,
  "p_cnot_YZ": 0.0011637540675728296,
  "p_cnot_ZI": 0.00036732620685736296,
  "p_cnot_ZX": 0.0,
  "p_cnot_ZY": 0.0,
  "p_cnot_ZZ": 0.0006396620031238166,
  "p_idle_cnot_X": 0.0015826821497101592,
  "p_idle_cnot_Y": 0.0,
  "p_idle_cnot_Z": 0.0,
  "p_idle_spam_X": 0.00015231616267175605,
  "p_idle_spam_Y": 0.0022802228418004195,
  "p_idle_spam_Z": 0.0,
  "p_meas_X": 0.0032901733773746124,
  "p_meas_Z": 0.0032901733773746124,
  "p_prep_X": 0.0,
  "p_prep_Z": 0.0
}