{
  "p_cnot_IX": 0.0,
  "p_cnot_IY": 5.605189587483471e-05,
  "p_cnot_IZ": 0.0,
  "p_cnot_XI": 0.0,
  "p_cnot_XX": 0.0,
  "p_cnot_XY": 0.0,
  "p_cnot_XZ": 0.0,
  "p_cnot_YI": 0.0,
  "p_cnot_YX": 0.0,
  "p_cnot_YY": 0.0,
  "p_cnot_YZ": 0.0,
  "p_cnot_ZI": 0.0,
  "p_cnot_ZX": 0.0,
  "p_cnot_ZY": 0.0,
  "p_cnot_ZZ": 2.4330977614828618e-05,
  "p_idle_cnot_X": 0.0,
  "p_idle_cnot_Y": 0.0008713538121765926,
  "p_idle_cnot_Z": 0.0,
  "p_idle_spam_X": 0.0037439166749934005,
  "p_idle_spam_Y": 0.0010734934333460205,
  "p_idle_spam_Z": 0.0,
  "p_meas_X": 0.006165052764599166,
  "p_meas_Z": 0.006165052764599166,
  "p_prep_X": 0.00021550085933127907,
  "p_prep_Z": 0.00021550085933127907
}