{
  "p_cnot_IX": 0.000653028651554407,
  "p_cnot_IY": 0.0,
  "p_cnot_IZ": 0.0,
  "p_cnot_XI": 3.77794559972354e-05,
  "p_cnot_XX": 0.0,
  "p_cnot_XY": 0.0,
  "p_cnot_XZ": 3.723071935038449e-05,
  "p_cnot_YI": 0.00031892949113982897,
  "p_cnot_YX": 0.0,
  "p_cnot_YY": 0.0006897599060619392,
  "p_cnot_YZ": 0.0003161582115594996,
  "p_cnot_ZI": 0.0004705755794700443,
  "p_cnot_ZX": 0.0,
  "p_cnot_ZY": 0.0,
  "p_cnot_ZZ": 0.0,
  "p_idle_cnot_X": 0.0005496072830578738,
  "p_idle_cnot_Y": 0.00046910208400098547,
  "p_idle_cnot_Z": 0.0,
  "p_idle_spam_X": 0.0016632512704666713,
  "p_idle_spam_Y": 0.0020205231215619074,
  "p_idle_spam_Z": 0.0,
  "p_meas_X": 0.004305912138433608,
  "p_meas_Z": 0.004305912138433608,
  "p_prep_X": 0.0,
  "p_prep_Z": 0.0
}