{
  "p_cnot_IX": 0.0,
  "p_cnot_IY": 0.0,
  "p_cnot_IZ": 0.0,
  "p_cnot_XI": 0.0,
  "p_cnot_XX": 0.0,
  "p_cnot_XY": 0.0013381708068261737,
  "p_cnot_XZ": 0.0,
  "p_cnot_YI": 0.0,
  "p_cnot_YX": 0.0,
  "p_cnot_YY": 0.00011623917303352838,
  "p_cnot_YZ": 0.0,
  "p_cnot_ZI": 0.001230950760118955,
  "p_cnot_ZX": 0.0,
  "p_cnot_ZY": 0.0,
  "p_cnot_ZZ": 0.0004140388785387393,
  "p_idle_cnot_X": 0.0002849905579995468,
  "p_idle_cnot_Y": 0.0002031172745428451,
  "p_idle_cnot_Z": 0.0,
  "p_idle_spam_X": 0.0015524434429273202,
  "p_idle_spam_Y": 0.0021681296652816496,
  "p_idle_spam_Z": 0.0005250264476686357,
  "p_meas_X": 0.0050230619282315495,
  "p_meas_Z": 0.0050230619282315495,
  "p_prep_X": 0.0,
  "p_prep_Z": 0.0
}