{
  "p_cnot_IX": 0.0,
  "p_cnot_IY": 0.0,
  "p_cnot_IZ": 0.0001664985351127884,
  "p_cnot_XI": 0.0,
  "p_cnot_XX": 0.0007043327808880634,
  "p_cnot_XY": 0.0,
  "p_cnot_XZ": 0.0002531283338678863,
  "p_cnot_YI": 0.0,
  "p_cnot_YX": 0.00024697459789730904,
  "p_cnot_YY": 0.0,
  "p_cnot_YZ": 0.0003065452624977048,
  "p_cnot_ZI": 0.0005067038194882068,
  "p_cnot_ZX": 0.0,
  "p_cnot_ZY": 0.0,
  "p_cnot_ZZ": 0.00032527016441752236,
  "p_idle_cnot_X": 0.0,
  "p_idle_cnot_Y": 0.00036803126273596124,
  "p_idle_cnot_Z": 0.0,
  "p_idle_spam_X": 0.0021534719146331475,
  "p_idle_spam_Y": 0.0011924282782903172,
  "p_idle_spam_Z": 0.0,
  "p_meas_X": 0.007014654506394849,
  "p_meas_Z": 0.007014654506394849,
  "p_prep_X": 0.0,
  "p_prep_Z": 0.0
}