{
  "p_cnot_IX": 0.000538081139085263,
  "p_cnot_IY": 0.0,
  "p_cnot_IZ": 0.0,
  "p_cnot_XI": 0.0009133206808190769,
  "p_cnot_XX": 0.0,
  "p_cnot_XY": 0.0025152931188819313,
  "p_cnot_XZ": 0.0009135965966211421,
  "p_cnot_YI": 0.0011406427503241419,
  "p_cnot_YX": 0.0,
  "p_cnot_YY": 0.0,
  "p_cnot_YZ": 0.001085550041011206,
  "p_cnot_ZI": 0.00014501948068330065,
  "p_cnot_ZX": 0.0,
  "p_cnot_ZY": 0.0,
  "p_cnot_ZZ": 7.52855702888687e-08,
  "p_idle_cnot_X": 0.00034853015538360843,
  "p_idle_cnot_Y": 0.0,
  "p_idle_cnot_Z": 0.0,
  "p_idle_spam_X": 0.000969970545844138,
  "p_idle_spam_Y": 0.002557623963937477,
  "p_idle_spam_Z": 0.0,
  "p_meas_X": 0.005486430229827525,
  "p_meas_Z": 0.005486430229827525,
  "p_prep_X": 0.0019313897653366898,
  "p_prep_Z": 0.0019313897653366898
}