{
  "p_cnot_IX": 0.0,
  "p_cnot_IY": 0.0,
  "p_cnot_IZ": 0.0005036296144336595,
  "p_cnot_XI": 0.00024985553243351145,
  "p_cnot_XX": 0.0002518793695663763,
  "p_cnot_XY": 0.0,
  "p_cnot_XZ": 0.00031551371611905377,
  "p_cnot_YI": 0.0,
  "p_cnot_YX": 0.0013314751095881779,
  "p_cnot_YY": 0.0,
  "p_cnot_YZ": 0.0,
  "p_cnot_ZI": 0.0,
  "p_cnot_ZX": 0.0,
  "p_cnot_ZY": 2.8829447956168864e-05,
  "p_cnot_ZZ": 0.0005474736609627248,
  "p_idle_cnot_X": 0.00010811462471540304,
  "p_idle_cnot_Y": 0.00019018199417100362,
  "p_idle_cnot_Z": 0.0,
  "p_idle_spam_X": 0.0018575982140219295,
  "p_idle_spam_Y": 0.002240064286274173,
  "p_idle_spam_Z": 0.0,
  "p_meas_X": 0.006613285563593022,
  "p_meas_Z": 0.006613285563593022,
  "p_prep_X": 0.001627454083679846,
  "p_prep_Z": 0.001627454083679846
}