{
  "p_cnot_IX": 0.002136241113820796,
  "p_cnot_IY": 0.0017263854353969914,
  "p_cnot_IZ": 0.0,
  "p_cnot_XI": 0.0,
  "p_cnot_XX": 0.0,
  "p_cnot_XY": 0.0005771727637287303,
  "p_cnot_XZ": 0.0,
  "p_cnot_YI": 0.0,
  "p_cnot_YX": 0.0,
  "p_cnot_YY": 0.0,
  "p_cnot_YZ": 0.0,
  "p_cnot_ZI": 0.001015638586179597,
  "p_cnot_ZX": 0.0,
  "p_cnot_ZY": 0.0,
  "p_cnot_ZZ": 0.0,
  "p_idle_cnot_X": 0.00010815417708403176,
  "p_idle_cnot_Y": 0.0008317513100077412,
  "p_idle_cnot_Z": 0.0,
  "p_idle_spam_X": 0.0,
  "p_idle_spam_Y": 0.0004826542168927083,
  "p_idle_spam_Z": 0.0,
  "p_meas_X": 0.0018001647692151399,
  "p_meas_Z": 0.0018001647692151399,
  "p_prep_X": 0.005726709329725521,
  "p_prep_Z": 0.005726709329725521
}