{
  "p_cnot_IX": 0.0017864398338156915,
  "p_cnot_IY": 0.0,
  "p_cnot_IZ": 0.0,
  "p_cnot_XI": 4.0512627342728094e-05,
  "p_cnot_XX": 0.0,
  "p_cnot_XY": 0.002314765980881765,
  "p_cnot_XZ": 2.5199501274158054e-05,
  "p_cnot_YI": 0.0002905101124917756,
  "p_cnot_YX": 0.0,
  "p_cnot_YY": 0.0002702507088691332,
  "p_cnot_YZ": 0.00024251288857246806,
  "p_cnot_ZI": 0.0022686119311051416,
  "p_cnot_ZX": 0.0,
  "p_cnot_ZY": 0.0,
  "p_cnot_ZZ": 0.0,
  "p_idle_cnot_X": 0.0,
  "p_idle_cnot_Y": 0.00037604552780626173,
  "p_idle_cnot_Z": 0.0,
  "p_idle_spam_X": 0.0,
  "p_idle_spam_Y": 0.001003604898289846,
  "p_idle_spam_Z": 0.0,
  "p_meas_X": 0.0007486707940526783,
  "p_meas_Z": 0.0007486707940526783,
  "p_prep_X": 0.002993639019255638,
  "p_prep_Z": 0.002993639019255638
}