{
  "p_cnot_IX": 0.0012960534942132592,
  "p_cnot_IY": 1.034876840883901e-05,
  "p_cnot_IZ": 0.0,
  "p_cnot_XI": 0.0,
  "p_cnot_XX": 0.0008392831245191166,
  "p_cnot_XY": 0.000577405831825687,
  "p_cnot_XZ": 0.0,
  "p_cnot_YI": 0.0008116164949811697,
  "p_cnot_YX": 0.0005773947851280909,
  "p_cnot_YY": 0.0003147006038045465,
  "p_cnot_YZ": 0.0008155659055047548,
  "p_cnot_ZI": 0.0011828323925111121,
  "p_cnot_ZX": 0.0010471777444683338,
  "p_cnot_ZY": 0.00011961824594489111,
  "p_cnot_ZZ": 1.3105953791443216e-05,
  "p_idle_cnot_X": 0.0,
  "p_idle_cnot_Y": 5.507332758383639e-05,
  "p_idle_cnot_Z": 0.0,
  "p_idle_spam_X": 0.0005163435806817159,
  "p_idle_spam_Y": 0.001123921170526101,
  "p_idle_spam_Z": 0.0,
  "p_meas_X": 0.0016029406540551496,
  "p_meas_Z": 0.0016029406540551496,
  "p_prep_X": 0.001145141202832966,
  "p_prep_Z": 0.001145141202832966
}