{
  "p_cnot_IX": 0.00036763939886454156,
  "p_cnot_IY": 0.0,
  "p_cnot_IZ": 1.6787121613129565e-06,
  "p_cnot_XI": 0.0003733526523248349,
  "p_cnot_XX": 0.0,
  "p_cnot_XY": 0.00175200617190675,
  "p_cnot_XZ": 0.0003625391925529212,
  "p_cnot_YI": 0.00034551000522058215,
  "p_cnot_YX": 0.0,
  "p_cnot_YY": 0.0,
  "p_cnot_YZ": 0.00037636858882753813,
  "p_cnot_ZI": 0.0009151840986511506,
  "p_cnot_ZX": 0.0,
  "p_cnot_ZY": 0.0,
  "p_cnot_ZZ": 2.7675092171106256e-05,
  "p_idle_cnot_X": 0.0007394103727060131,
  "p_idle_cnot_Y": 0.0003886143369717634,
  "p_idle_cnot_Z": 0.0,
  "p_idle_spam_X": 0.000124896068343509,
  "p_idle_spam_Y": 0.0013685696592167303,
  "p_idle_spam_Z": 0.0,
  "p_meas_X": 0.004859431802743288,
  "p_meas_Z": 0.004859431802743288,
  "p_prep_X": 0.00047990870443973476,
  "p_prep_Z": 0.00047990870443973476
}