{
  "p_cnot_IX": 3.422838371244131e-05,
  "p_cnot_IY": 0.0,
  "p_cnot_IZ": 0.0,
  "p_cnot_XI": 0.00046058182870112123,
  "p_cnot_XX": 0.0,
  "p_cnot_XY": 0.0003946700550213437,
  "p_cnot_XZ": 0.0004650436260321737,
  "p_cnot_YI": 0.0007412976880126471,
  "p_cnot_YX": 0.0,
  "p_cnot_YY": 0.00018570739253935222,
  "p_cnot_YZ": 0.0007482706095117322,
  "p_cnot_ZI": 0.0,
  "p_cnot_ZX": 0.0014379169897225023,
  "p_cnot_ZY": 0.000922633228847627,
  "p_cnot_ZZ": 0.0,
  "p_idle_cnot_X": 0.0,
  "p_idle_cnot_Y": 0.0,
  "p_idle_cnot_Z": 0.0,
  "p_idle_spam_X": 0.00126498967966617,
  "p_idle_spam_Y": 0.0018996244295630962,
  "p_idle_spam_Z": 0.0,
  "p_meas_X": 0.007393205496221343,
  "p_meas_Z": 0.007393205496221343,
  "p_prep_X": 0.0,
  "p_prep_Z": 0.0
}