{
  "p_cnot_IX": 0.0,
  "p_cnot_IY": 0.00042353055826221194,
  "p_cnot_IZ": 0.0,
  "p_cnot_XI": 0.000942907457589812,
  "p_cnot_XX": 0.0003293876037098956,
  "p_cnot_XY": 0.0,
  "p_cnot_XZ": 0.0009660276006040046,
  "p_cnot_YI": 0.0005689234138531057,
  "p_cnot_YX": 0.00171408351515253,
  "p_cnot_YY": 0.0,
  "p_cnot_YZ": 0.0005764957861922477,
  "p_cnot_ZI": 0.0,
  "p_cnot_ZX": 0.00038728441773029,
  "p_cnot_ZY": 8.789573408578832e-05,
  "p_cnot_ZZ": 0.0,
  "p_idle_cnot_X": 0.0,
  "p_idle_cnot_Y": 0.0,
  "p_idle_cnot_Z": 0.0,
  "p_idle_spam_X": 0.0005345764133721704,
  "p_idle_spam_Y": 0.0013377104742991225,
  "p_idle_spam_Z": 0.0,
  "p_meas_X": 0.00868013629885783,
  "p_meas_Z": 0.00868013629885783,
  "p_prep_X": 0.000936103947157831,
  "p_prep_Z": 0.000936103947157831
}