{
  "p_cnot_IX": 0.0014784205328685538,
  "p_cnot_IY": 0.00013287835692827926,
  "p_cnot_IZ": 0.0,
  "p_cnot_XI": 0.0007077821638642946,
  "p_cnot_XX": 0.00020417169006788175,
  "p_cnot_XY": 0.0,
  "p_cnot_XZ": 0.0007076356867904205,
  "p_cnot_YI": 0.0008752944916006098,
  "p_cnot_YX": 0.0013898112688521449,
  "p_cnot_YY": 0.0,
  "p_cnot_YZ": 0.0008754796178455771,
  "p_cnot_ZI": 0.0,
  "p_cnot_ZX": 0.0003655942409751499,
  "p_cnot_ZY": 0.0002230683696698421,
  "p_cnot_ZZ": 0.0,
  "p_idle_cnot_X": 0.0,
  "p_idle_cnot_Y": 0.0,
  "p_idle_cnot_Z": 0.0,
  "p_idle_spam_X": 0.0003089127967069559,
  "p_idle_spam_Y": 0.0011326061880132705,
  "p_idle_spam_Z": 0.0,
  "p_meas_X": 0.005697303729650188,
  "p_meas_Z": 0.005697303729650188,
  "p_prep_X": 0.0,
  "p_prep_Z": 0.0
}