{
  "p_cnot_IX": 0.0006962939686466001,
  "p_cnot_IY": 0.0,
  "p_cnot_IZ": 0.0,
  "p_cnot_XI": 6.342717731243312e-05,
  "p_cnot_XX": 0.0,
  "p_cnot_XY": 0.0,
  "p_cnot_XZ": 6.262869963156644e-05,
  "p_cnot_YI": 0.0003190717710768491,
  "p_cnot_YX": 0.0,
  "p_cnot_YY": 0.0007071617532957745,
  "p_cnot_YZ": 0.00031346241227702163,
  "p_cnot_ZI": 0.00047236604630795367,
  "p_cnot_ZX": 0.0,
  "p_cnot_ZY": 0.0,
  "p_cnot_ZZ": 0.0,
  "p_idle_cnot_X": 0.0004938418540709577,
  "p_idle_cnot_Y": 0.00047526605156053586,
  "p_idle_cnot_Z": 0.0,
  "p_idle_spam_X": 0.0017272960692225423,
  "p_idle_spam_Y": 0.0020006091370338513,
  "p_idle_spam_Z": 0.0,
  "p_meas_X": 0.004318479686209499,
  "p_meas_Z": 0.004318479686209499,
  "p_prep_X": 0.0,
  "p_prep_Z": 0.0
}