{
  "p_cnot_IX": 0.0015250962689551293,
  "p_cnot_IY": 0.0014955349729223013,
  "p_cnot_IZ": 0.0,
  "p_cnot_XI": 0.0,
  "p_cnot_XX": 0.0,
  "p_cnot_XY": 0.0008999299723117689,
  "p_cnot_XZ": 0.0,
  "p_cnot_YI": 1.7334457172794247e-05,
  "p_cnot_YX": 0.0,
  "p_cnot_YY": 0.0,
  "p_cnot_YZ": 1.1858483818495735e-05,
  "p_cnot_ZI": 0.00160982213966026,
  "p_cnot_ZX": 0.0,
  "p_cnot_ZY": 0.0,
  "p_cnot_ZZ": 2.7186320364786464e-05,
  "p_idle_cnot_X": 0.0,
  "p_idle_cnot_Y": 0.0007087845051741877,
  "p_idle_cnot_Z": 0.0004968655876178893,
  "p_idle_spam_X": 0.0,
  "p_idle_spam_Y": 0.0006390007458064066,
  "p_idle_spam_Z": 0.0,
  "p_meas_X": 0.0019451360831444213,
  "p_meas_Z": 0.0019451360831444213,
  "p_prep_X": 0.0018831550025578843,
  "p_prep_Z": 0.0018831550025578843
}