{
  "p_cnot_IX": 0.0006096372999209827,
  "p_cnot_IY": 3.568630333285444e-05,
  "p_cnot_IZ": 0.0001718561744586286,
  "p_cnot_XI": 0.00018760462354059935,
  "p_cnot_XX": 0.0,
  "p_cnot_XY": 0.0008281389376082514,
  "p_cnot_XZ": 0.00018464913894132096,
  "p_cnot_YI": 0.0007937836262743156,
  "p_cnot_YX": 0.0,
  "p_cnot_YY": 0.00030546701549544653,
  "p_cnot_YZ": 0.0007880874792730664,
  "p_cnot_ZI": 0.0012442540724358331,
  "p_cnot_ZX": 4.82443708868046e-05,
  "p_cnot_ZY": 0.0,
  "p_cnot_ZZ": 0.0005834748349842021,
  "p_idle_cnot_X": 0.00031870904201800006,
  "p_idle_cnot_Y": 0.00028732205263995745,
  "p_idle_cnot_Z": 0.0002876792436173736,
  "p_idle_spam_X": 3.7131507211965544e-05,
  "p_idle_spam_Y": 0.0009529513972003684,
  "p_idle_spam_Z": 0.0005225112020222602,
  "p_meas_X": 0.000984277947062684,
  "p_meas_Z": 0.000984277947062684,
  "p_prep_X": 0.0009462668107848905,
  "p_prep_Z": 0.0009462668107848905
}