{
  "p_cnot_IX": 0.0,
  "p_cnot_IY": 0.0,
  "p_cnot_IZ": 0.0,
  "p_cnot_XI": 0.0,
  "p_cnot_XX": 0.0,
  "p_cnot_XY": 0.0013088330988653002,
  "p_cnot_XZ": 0.0,
  "p_cnot_YI": 0.0,
  "p_cnot_YX": 0.0,
  "p_cnot_YY": 0.00010854520627014742,
  "p_cnot_YZ": 0.0,
  "p_cnot_ZI": 0.0011854009275480144,
  "p_cnot_ZX": 0.0,
  "p_cnot_ZY": 0.0,
  "p_cnot_ZZ": 0.00044551133908268456,
  "p_idle_cnot_X": 0.0003176017118474943,
  "p_idle_cnot_Y": 0.00019707030038559244,
  "p_idle_cnot_Z": 0.0,
  "p_idle_spam_X": 0.0015165634815207042,
  "p_idle_spam_Y": 0.0021810259091758514,
  "p_idle_spam_Z": 0.0005090802497288279,
  "p_meas_X": 0.005049386065157219,
  "p_meas_Z": 0.005049386065157219,
  "p_prep_X": 0.0,
  "p_prep_Z": 0.0
}