{
  "p_cnot_IX": 0.0,
  "p_cnot_IY": 0.0,
  "p_cnot_IZ": 0.00012581207788982173,
  "p_cnot_XI": 0.00012253478142535546,
  "p_cnot_XX": 0.0006883754167922964,
  "p_cnot_XY": 0.0,
  "p_cnot_XZ": 0.0002043931327261413,
  "p_cnot_YI": 1.7898841348172284e-05,
  "p_cnot_YX": 0.00028168803634907473,
  "p_cnot_YY": 0.0,
  "p_cnot_YZ": 0.00020062055507530371,
  "p_cnot_ZI": 0.000521796980746023,
  "p_cnot_ZX": 0.0,
  "p_cnot_ZY": 0.0,
  "p_cnot_ZZ": 0.0003697024002817402,
  "p_idle_cnot_X": 0.0,
  "p_idle_cnot_Y": 0.000372786823142223,
  "p_idle_cnot_Z": 0.0,
  "p_idle_spam_X": 0.0021271439505394785,
  "p_idle_spam_Y": 0.001189487658478593,
  "p_idle_spam_Z": 0.0,
  "p_meas_X": 0.007047749284245294,
  "p_meas_Z": 0.007047749284245294,
  "p_prep_X": 0.0,
  "p_prep_Z": 0.0
}