{
  "p_cnot_IX": 0.00044183828336105517,
  "p_cnot_IY": 3.948573004706942e-05,
  "p_cnot_IZ": 0.00018673427768906833,
  "p_cnot_XI": 0.000545320030236397,
  "p_cnot_XX": 5.270194981469508e-05,
  "p_cnot_XY": 0.0009701305430502027,
  "p_cnot_XZ": 0.0005416801028397374,
  "p_cnot_YI": 0.0009188457305127629,
  "p_cnot_YX": 0.0,
  "p_cnot_YY": 0.0001786496737768705,
  "p_cnot_YZ": 0.0009130477285817221,
  "p_cnot_ZI": 0.0008539362712712721,
  "p_cnot_ZX": 0.0,
  "p_cnot_ZY": 0.0,
  "p_cnot_ZZ": 0.0005070272503487879,
  "p_idle_cnot_X": 0.0003702940990451447,
  "p_idle_cnot_Y": 0.00024883410580887677,
  "p_idle_cnot_Z": 0.00010376546487774571,
  "p_idle_spam_X": 0.0015660339992832981,
  "p_idle_spam_Y": 0.0019440698115249452,
  "p_idle_spam_Z": 0.0013578217785836337,
  "p_meas_X": 0.0019425304811186656,
  "p_meas_Z": 0.0019425304811186656,
  "p_prep_X": 0.0017641009649202936,
  "p_prep_Z": 0.0017641009649202936
}