{
  "p_cnot_IX": 0.0,
  "p_cnot_IY": 0.0,
  "p_cnot_IZ": 0.0,
  "p_cnot_XI": 2.9263300792172346e-05,
  "p_cnot_XX": 0.00020697789754433866,
  "p_cnot_XY": 0.0,
  "p_cnot_XZ": 6.403153622789538e-05,
  "p_cnot_YI": 0.0,
  "p_cnot_YX": 0.0,
  "p_cnot_YY": 0.0,
  "p_cnot_YZ": 0.0011159623463519823,
  "p_cnot_ZI": 0.00035617854163212876,
  "p_cnot_ZX": 0.0,
  "p_cnot_ZY": 0.0,
  "p_cnot_ZZ": 0.0006791135642286294,
  "p_idle_cnot_X": 0.0015596880164358217,
  "p_idle_cnot_Y": 0.0,
  "p_idle_cnot_Z": 0.0,
  "p_idle_spam_X": 0.00015353664136140248,
  "p_idle_spam_Y": 0.002279033254997829,
  "p_idle_spam_Z": 0.0,
  "p_meas_X": 0.003393903018030732,
  "p_meas_Z": 0.003393903018030732,
  "p_prep_X": 0.0,
  "p_prep_Z": 0.0
}