{
  "p_cnot_IX": 0.0,
  "p_cnot_IY": 0.0,
  "p_cnot_IZ": 0.00041150595881079725,
  "p_cnot_XI": 0.00030372148871744603,
  "p_cnot_XX": 0.0002362962605596534,
  "p_cnot_XY": 0.0,
  "p_cnot_XZ": 0.0003516471571466269,
  "p_cnot_YI": 0.0,
  "p_cnot_YX": 0.0012954680758460518,
  "p_cnot_YY": 0.0,
  "p_cnot_YZ": 4.55744039719198e-06,
  "p_cnot_ZI": 0.0,
  "p_cnot_ZX": 0.0,
  "p_cnot_ZY": 8.692001042380052e-05,
  "p_cnot_ZZ": 0.0005400996959375667,
  "p_idle_cnot_X": 0.00011827037432016298,
  "p_idle_cnot_Y": 0.00019453992271685434,
  "p_idle_cnot_Z": 0.0,
  "p_idle_spam_X": 0.0018733664975463945,
  "p_idle_spam_Y": 0.0022223099652419107,
  "p_idle_spam_Z": 0.0,
  "p_meas_X": 0.006500647954351787,
  "p_meas_Z": 0.006500647954351787,
  "p_prep_X": 0.0016477766462133158,
  "p_prep_Z": 0.0016477766462133158
}