{
  "p_cnot_IX": 1.3929008487782263e-05,
  "p_cnot_IY": 6.485548844593275e-05,
  "p_cnot_IZ": 0.0,
  "p_cnot_XI": 0.0,
  "p_cnot_XX": 0.0,
  "p_cnot_XY": 0.0,
  "p_cnot_XZ": 0.0,
  "p_cnot_YI": 0.0,
  "p_cnot_YX": 0.0,
  "p_cnot_YY": 0.0,
  "p_cnot_YZ": 0.0,
  "p_cnot_ZI": 0.0005701769313315623,
  "p_cnot_ZX": 0.0,
  "p_cnot_ZY": 3.398277446094075e-08,
  "p_cnot_ZZ": 0.0,
  "p_idle_cnot_X": 0.0,
  "p_idle_cnot_Y": 0.0008772537770098576,
  "p_idle_cnot_Z": 9.187387909199429e-05,
  "p_idle_spam_X": 0.003038008367110772,
  "p_idle_spam_Y": 0.0012399718657157314,
  "p_idle_spam_Z": 0.0,
  "p_meas_X": 0.0025778529996225027,
  "p_meas_Z": 0.0025778529996225027,
  "p_prep_X": 0.0018462684962922487,
  "p_prep_Z": 0.0018462684962922487
}