{
  "p_cnot_IX": 0.001021300313576403,
  "p_cnot_IY": 2.4677942000744343e-08,
  "p_cnot_IZ": 1.8545446733083528e-06,
  "p_cnot_XI": 0.00042681420102802644,
  "p_cnot_XX": 0.0,
  "p_cnot_XY": 1.155594112388761e-05,
  "p_cnot_XZ": 0.00043116534035073843,
  "p_cnot_YI": 0.0007549435042827538,
  "p_cnot_YX": 0.0,
  "p_cnot_YY": 0.00047166441715072597,
  "p_cnot_YZ": 0.0007575353565021011,
  "p_cnot_ZI": 0.0,
  "p_cnot_ZX": 0.0005684688625551317,
  "p_cnot_ZY": 0.0009003679724841677,
  "p_cnot_ZZ": 6.669095440104332e-06,
  "p_idle_cnot_X": 0.0,
  "p_idle_cnot_Y": 0.0,
  "p_idle_cnot_Z": 0.0,
  "p_idle_spam_X": 0.0010094928420052648,
  "p_idle_spam_Y": 0.002052290445294664,
  "p_idle_spam_Z": 0.0,
  "p_meas_X": 0.007224793532934886,
  "p_meas_Z": 0.007224793532934886,
  "p_prep_X": 0.00042783014113259436,
  "p_prep_Z": 0.00042783014113259436
}