{
  "p_cnot_IX": 0.0018864533034728575,
  "p_cnot_IY": 0.0,
  "p_cnot_IZ": 0.0,
  "p_cnot_XI": 0.00019933279969321771,
  "p_cnot_XX": 0.0002948344312298748,
  "p_cnot_XY": 0.0,
  "p_cnot_XZ": 0.00019837554020544297,
  "p_cnot_YI": 0.0010792903944689613,
  "p_cnot_YX": 0.0010571977068207356,
  "p_cnot_YY": 3.1729093591091014e-05,
  "p_cnot_YZ": 0.001083149810896679,
  "p_cnot_ZI": 0.0,
  "p_cnot_ZX": 0.001523280774997464,
  "p_cnot_ZY": 0.0,
  "p_cnot_ZZ": 0.0,
  "p_idle_cnot_X": 0.0,
  "p_idle_cnot_Y": 0.0,
  "p_idle_cnot_Z": 0.0,
  "p_idle_spam_X": 0.0,
  "p_idle_spam_Y": 0.0018681520835911135,
  "p_idle_spam_Z": 0.0,
  "p_meas_X": 0.004529188806550189,
  "p_meas_Z": 0.004529188806550189,
  "p_prep_X": 0.0,
  "p_prep_Z": 0.0
}