{
  "p_cnot_IX": 0.001543786739419679,
  "p_cnot_IY": 0.00010082274328331806,
  "p_cnot_IZ": 0.0,
  "p_cnot_XI": 0.0007080250810737937,
  "p_cnot_XX": 0.0002004065825619758,
  "p_cnot_XY": 0.0,
  "p_cnot_XZ": 0.0007075041069327933,
  "p_cnot_YI": 0.0008777212931060709,
  "p_cnot_YX": 0.0014053436623866471,
  "p_cnot_YY": 0.0,
  "p_cnot_YZ": 0.0008765997720083614,
  "p_cnot_ZI": 0.0,
  "p_cnot_ZX": 0.0002994067635611154,
  "p_cnot_ZY": 0.00025211814153783333,
  "p_cnot_ZZ": 0.0,
  "p_idle_cnot_X": 0.0,
  "p_idle_cnot_Y": 0.0,
  "p_idle_cnot_Z": 0.0,
  "p_idle_spam_X": 0.00030690105044445,
  "p_idle_spam_Y": 0.001125180845591067,
  "p_idle_spam_Z": 0.0,
  "p_meas_X": 0.00568701587174141,
  "p_meas_Z": 0.00568701587174141,
  "p_prep_X": 0.0,
  "p_prep_Z": 0.0
}