{
  "p_cnot_IX": 0.0,
  "p_cnot_IY": 1.8107066247148756e-05,
  "p_cnot_IZ": 0.0,
  "p_cnot_XI": 0.0,
  "p_cnot_XX": 0.0,
  "p_cnot_XY": 0.0,
  "p_cnot_XZ": 0.0,
  "p_cnot_YI": 0.0,
  "p_cnot_YX": 0.0,
  "p_cnot_YY": 0.0,
  "p_cnot_YZ": 0.0,
  "p_cnot_ZI": 0.0,
  "p_cnot_ZX": 0.0,
  "p_cnot_ZY": 0.0,
  "p_cnot_ZZ": 3.80347192355831e-05,
  "p_idle_cnot_X": 0.0,
  "p_idle_cnot_Y": 0.0008898744752588515,
  "p_idle_cnot_Z": 0.0,
  "p_idle_spam_X": 0.003803961045153638,
  "p_idle_spam_Y": 0.00104630524378135,
  "p_idle_spam_Z": 0.0,
  "p_meas_X": 0.006112316812203729,
  "p_meas_Z": 0.006112316812203729,
  "p_prep_X": 0.0010547294497363989,
  "p_prep_Z": 0.0010547294497363989
}