{
  "p_cnot_IX": 0.0014513146899349436,
  "p_cnot_IY": 0.0014820986734237155,
  "p_cnot_IZ": 4.2838485307853236e-05,
  "p_cnot_XI": 6.90702706865316e-10,
  "p_cnot_XX": 0.0,
  "p_cnot_XY": 0.0009511131013231205,
  "p_cnot_XZ": 7.065338335388795e-10,
  "p_cnot_YI": 9.49494716927461e-05,
  "p_cnot_YX": 0.0,
  "p_cnot_YY": 1.6242569591570878e-08,
  "p_cnot_YZ": 8.997263373823943e-05,
  "p_cnot_ZI": 0.0015264138681837698,
  "p_cnot_ZX": 0.0,
  "p_cnot_ZY": 2.772567013385725e-05,
  "p_cnot_ZZ": 0.0001135545429843226,
  "p_idle_cnot_X": 0.0,
  "p_idle_cnot_Y": 0.0006125907026613436,
  "p_idle_cnot_Z": 0.0005550445168440573,
  "p_idle_spam_X": 0.0,
  "p_idle_spam_Y": 0.000743117412810697,
  "p_idle_spam_Z": 0.0,
  "p_meas_X": 0.0017258910223903515,
  "p_meas_Z": 0.0017258910223903515,
  "p_prep_X": 0.0016628975497582953,
  "p_prep_Z": 0.0016628975497582953
}