{
  "p_cnot_IX": 0.0017605048568611833,
  "p_cnot_IY": 0.0,
  "p_cnot_IZ": 0.0,
  "p_cnot_XI": 7.166881160517174e-06,
  "p_cnot_XX": 0.0,
  "p_cnot_XY": 0.0023257584620319928,
  "p_cnot_XZ": 7.2755723237322675e-06,
  "p_cnot_YI": 0.00027685396830427164,
  "p_cnot_YX": 0.0,
  "p_cnot_YY": 0.00025124883516483885,
  "p_cnot_YZ": 0.000235846421740392,
  "p_cnot_ZI": 0.0023448085443525837,
  "p_cnot_ZX": 0.0,
  "p_cnot_ZY": 0.0,
  "p_cnot_ZZ": 0.0,
  "p_idle_cnot_X": 0.0,
  "p_idle_cnot_Y": 0.0004008849736511032,
  "p_idle_cnot_Z": 0.0,
  "p_idle_spam_X": 0.0,
  "p_idle_spam_Y": 0.000990677986059866,
  "p_idle_spam_Z": 0.0,
  "p_meas_X": 0.0008173194974321815,
  "p_meas_Z": 0.0008173194974321815,
  "p_prep_X": 0.002611088810113452,
  "p_prep_Z": 0.002611088810113452
}