{
  "p_cnot_IX": 9.495856442522266e-05,
  "p_cnot_IY": 0.00010678291892815528,
  "p_cnot_IZ": 0.0,
  "p_cnot_XI": 0.0,
  "p_cnot_XX": 0.0,
  "p_cnot_XY": 0.0,
  "p_cnot_XZ": 0.0,
  "p_cnot_YI": 1.4604637517525163e-06,
  "p_cnot_YX": 0.0,
  "p_cnot_YY": 0.0,
  "p_cnot_YZ": 1.6497249100245875e-06,
  "p_cnot_ZI": 0.0005684837909241034,
  "p_cnot_ZX": 0.00021022441114880127,
  "p_cnot_ZY": 2.485359730395858e-06,
  "p_cnot_ZZ": 5.4060980582753104e-06,
  "p_idle_cnot_X": 0.0,
  "p_idle_cnot_Y": 0.0008175900929758432,
  "p_idle_cnot_Z": 0.00022280452138113898,
  "p_idle_spam_X": 0.0024998721506077014,
  "p_idle_spam_Y": 0.0013356502851857733,
  "p_idle_spam_Z": 0.0,
  "p_meas_X": 0.002108361941052279,
  "p_meas_Z": 0.002108361941052279,
  "p_prep_X": 0.001619078682230117,
  "p_prep_Z": 0.001619078682230117
}