{
  "p_cnot_IX": 0.0003801602824422233,
  "p_cnot_IY": 3.640245896070666e-07,
  "p_cnot_IZ": 0.0,
  "p_cnot_XI": 0.0,
  "p_cnot_XX": 0.0,
  "p_cnot_XY": 0.00027117968829459425,
  "p_cnot_XZ": 0.0,
  "p_cnot_YI": 0.00029193990248141383,
  "p_cnot_YX": 0.0,
  "p_cnot_YY": 0.00026977713930591225,
  "p_cnot_YZ": 0.00028966777879576433,
  "p_cnot_ZI": 0.0005931958807044859,
  "p_cnot_ZX": 0.0,
  "p_cnot_ZY": 0.0,
  "p_cnot_ZZ": 1.383490515579715e-05,
  "p_idle_cnot_X": 0.0007189210466619288,
  "p_idle_cnot_Y": 0.000537821068747803,
  "p_idle_cnot_Z": 0.0,
  "p_idle_spam_X": 0.001674556277811337,
  "p_idle_spam_Y": 0.0018871413269730178,
  "p_idle_spam_Z": 0.0,
  "p_meas_X": 0.0023198064936714798,
  "p_meas_Z": 0.0023198064936714798,
  "p_prep_X": 0.0011574542733973393,
  "p_prep_Z": 0.0011574542733973393
}