{
  "p_cnot_IX": 0.0,
  "p_cnot_IY": 0.0,
  "p_cnot_IZ": 0.0,
  "p_cnot_XI": 6.540884220100706e-05,
  "p_cnot_XX": 0.00023679020284550722,
  "p_cnot_XY": 4.0468467800179154e-05,
  "p_cnot_XZ": 6.776088482649121e-05,
  "p_cnot_YI": 0.0,
  "p_cnot_YX": 0.0,
  "p_cnot_YY": 0.0,
  "p_cnot_YZ": 0.0011093237957577023,
  "p_cnot_ZI": 0.00041191387776286405,
  "p_cnot_ZX": 0.0,
  "p_cnot_ZY": 0.0,
  "p_cnot_ZZ": 0.0006490505331448746,
  "p_idle_cnot_X": 0.0015180385165167376,
  "p_idle_cnot_Y": 0.0,
  "p_idle_cnot_Z": 0.0,
  "p_idle_spam_X": 0.00017532273550038878,
  "p_idle_spam_Y": 0.0022784046631430547,
  "p_idle_spam_Z": 0.0,
  "p_meas_X": 0.0033885408216568617,
  "p_meas_Z": 0.0033885408216568617,
  "p_prep_X": 0.0,
  "p_prep_Z": 0.0
}