{
  "p_cnot_IX": 0.0007301460517821708,
  "p_cnot_IY": 0.0,
  "p_cnot_IZ": 0.0,
  "p_cnot_XI": 0.0008735526015149706,
  "p_cnot_XX": 0.0,
  "p_cnot_XY": 0.0021740185232009095,
  "p_cnot_XZ": 0.0008653638952696265,
  "p_cnot_YI": 0.0009726941435093378,
  "p_cnot_YX": 0.0,
  "p_cnot_YY": 6.602217913039124e-06,
  "p_cnot_YZ": 0.0009557989476048529,
  "p_cnot_ZI": 0.0009098742576104328,
  "p_cnot_ZX": 0.0,
  "p_cnot_ZY": 0.0,
  "p_cnot_ZZ": 0.0,
  "p_idle_cnot_X": 0.0,
  "p_idle_cnot_Y": 0.00026025752353285066,
  "p_idle_cnot_Z": 0.0,
  "p_idle_spam_X": 0.0014105795541529357,
  "p_idle_spam_Y": 0.002139427393461634,
  "p_idle_spam_Z": 0.0008179997875524375,
  "p_meas_X": 0.002826727424582575,
  "p_meas_Z": 0.002826727424582575,
  "p_prep_X": 0.0021075015862200403,
  "p_prep_Z": 0.0021075015862200403
}