{
  "p_cnot_IX": 0.0,
  "p_cnot_IY": 0.0,
  "p_cnot_IZ": 0.0,
  "p_cnot_XI": 0.0,
  "p_cnot_XX": 0.0,
  "p_cnot_XY": 0.0016002238309242923,
  "p_cnot_XZ": 0.0,
  "p_cnot_YI": 0.0,
  "p_cnot_YX": 0.0,
  "p_cnot_YY": 1.2569429186745313e-05,
  "p_cnot_YZ": 0.0,
  "p_cnot_ZI": 0.0011760923559680167,
  "p_cnot_ZX": 0.0,
  "p_cnot_ZY": 0.0,
  "p_cnot_ZZ": 0.0003983944833646666,
  "p_idle_cnot_X": 0.000490886897756793,
  "p_idle_cnot_Y": 0.00016766518415299225,
  "p_idle_cnot_Z": 0.0,
  "p_idle_spam_X": 0.001153483203631265,
  "p_idle_spam_Y": 0.002199143443808107,
  "p_idle_spam_Z": 2.3333784477171728e-05,
  "p_meas_X": 0.0036890772914854163,
  "p_meas_Z": 0.0036890772914854163,
  "p_prep_X": 0.0014396594737325205,
  "p_prep_Z": 0.0014396594737325205
}