{
  "p_cnot_IX": 0.0,
  "p_cnot_IY": 0.0,
  "p_cnot_IZ": 0.00016841406042603706,
  "p_cnot_XI": 0.00011586749940369512,
  "p_cnot_XX": 0.0006847922262209419,
  "p_cnot_XY": 0.0,
  "p_cnot_XZ": 0.00013622018989244096,
  "p_cnot_YI": 0.000134165902469131,
  "p_cnot_YX": 0.00027425388487800417,
  "p_cnot_YY": 0.0,
  "p_cnot_YZ": 0.0001704189221652768,
  "p_cnot_ZI": 0.0005103932825276098,
  "p_cnot_ZX": 0.0,
  "p_cnot_ZY": 0.0,
  "p_cnot_ZZ": 0.00033614862170085094,
  "p_idle_cnot_X": 0.0,
  "p_idle_cnot_Y": 0.0003667197728262825,
  "p_idle_cnot_Z": 0.0,
  "p_idle_spam_X": 0.0021355436673843593,
  "p_idle_spam_Y": 0.0011860373626979555,
  "p_idle_spam_Z": 0.0,
  "p_meas_X": 0.006991029523678038,
  "p_meas_Z": 0.006991029523678038,
  "p_prep_X": 0.0,
  "p_prep_Z": 0.0
}