{
  "p_cnot_IX": 0.0,
  "p_cnot_IY": 0.0,
  "p_cnot_IZ": 0.0004756208701623032,
  "p_cnot_XI": 0.0002599244826984698,
  "p_cnot_XX": 0.00025226470045900984,
  "p_cnot_XY": 0.0,
  "p_cnot_XZ": 0.00031744039178781974,
  "p_cnot_YI": 0.0,
  "p_cnot_YX": 0.0013433965498351602,
  "p_cnot_YY": 0.0,
  "p_cnot_YZ": 0.0,
  "p_cnot_ZI": 0.0,
  "p_cnot_ZX": 0.0,
  "p_cnot_ZY": 2.310796631793593e-05,
  "p_cnot_ZZ": 0.000543812367634051,
  "p_idle_cnot_X": 0.00012323380055783494,
  "p_idle_cnot_Y": 0.00019549000735698868,
  "p_idle_cnot_Z": 0.0,
  "p_idle_spam_X": 0.0018148321791910324,
  "p_idle_spam_Y": 0.002229853771115652,
  "p_idle_spam_Z": 0.0,
  "p_meas_X": 0.006504109303235444,
  "p_meas_Z": 0.006504109303235444,
  "p_prep_X": 0.00165959781979185,
  "p_prep_Z": 0.00165959781979185
}