{
  "p_cnot_IX": 0.0002634747450684738,
  "p_cnot_IY": 0.0,
  "p_cnot_IZ": 0.0,
  "p_cnot_XI": 0.00030645839755988265,
  "p_cnot_XX": 0.0,
  "p_cnot_XY": 0.0018130282587472803,
  "p_cnot_XZ": 0.00030112345441596,
  "p_cnot_YI": 0.000316614437521637,
  "p_cnot_YX": 0.0,
  "p_cnot_YY": 0.0,
  "p_cnot_YZ": 0.0003028189036371419,
  "p_cnot_ZI": 0.000855550779699279,
  "p_cnot_ZX": 0.0,
  "p_cnot_ZY": 0.0,
  "p_cnot_ZZ": 0.00011871181700070794,
  "p_idle_cnot_X": 0.0008216877498174845,
  "p_idle_cnot_Y": 0.00035524752886917664,
  "p_idle_cnot_Z": 2.922533642447358e-07,
  "p_idle_spam_X": 0.00012798230747033476,
  "p_idle_spam_Y": 0.0013762522029267669,
  "p_idle_spam_Z": 0.0,
  "p_meas_X": 0.00485856414313373,
  "p_meas_Z": 0.00485856414313373,
  "p_prep_X": 0.0008183296578944488,
  "p_prep_Z": 0.0008183296578944488
}