{
  "p_cnot_IX": 0.0008942773543330389,
  "p_cnot_IY": 0.0004022465504150561,
  "p_cnot_IZ": 0.0,
  "p_cnot_XI": 0.0001134852744633532,
  "p_cnot_XX": 0.00033865260093183337,
  "p_cnot_XY": 0.0006314725492816831,
  "p_cnot_XZ": 0.00011366033724224435,
  "p_cnot_YI": 0.0005942350590950012,
  "p_cnot_YX": 3.152432254642245e-05,
  "p_cnot_YY": 0.00031712359383033093,
  "p_cnot_YZ": 0.0005940770204913906,
  "p_cnot_ZI": 0.0009061500098498142,
  "p_cnot_ZX": 0.0005205649569441573,
  "p_cnot_ZY": 3.5775930216802094e-05,
  "p_cnot_ZZ": 0.00015675442510050555,
  "p_idle_cnot_X": 2.810849467580702e-05,
  "p_idle_cnot_Y": 0.00011247650490038081,
  "p_idle_cnot_Z": 9.87462358127097e-05,
  "p_idle_spam_X": 0.0013805481311020978,
  "p_idle_spam_Y": 0.0014535046323072987,
  "p_idle_spam_Z": 0.0003614874877885206,
  "p_meas_X": 0.0019413090950780646,
  "p_meas_Z": 0.0019413090950780646,
  "p_prep_X": 0.0014465478963483817,
  "p_prep_Z": 0.0014465478963483817
}