{
  "p_cnot_IX": 0.0009828681103916277,
  "p_cnot_IY": 0.0,
  "p_cnot_IZ": 0.0,
  "p_cnot_XI": 0.0011355179280906863,
  "p_cnot_XX": 0.0012342293372574298,
  "p_cnot_XY": 4.53428567192581e-06,
  "p_cnot_XZ": 0.0011387238822417696,
  "p_cnot_YI": 0.0006949737407385048,
  "p_cnot_YX": 0.0004417394693686049,
  "p_cnot_YY": 0.0,
  "p_cnot_YZ": 0.0007016283107974448,
  "p_cnot_ZI": 0.00034209611864007304,
  "p_cnot_ZX": 0.0,
  "p_cnot_ZY": 0.0,
  "p_cnot_ZZ": 0.0,
  "p_idle_cnot_X": 0.0,
  "p_idle_cnot_Y": 0.000341916002617627,
  "p_idle_cnot_Z": 0.0,
  "p_idle_spam_X": 0.0003270448832847486,
  "p_idle_spam_Y": 0.0011308754528973513,
  "p_idle_spam_Z": 0.0,
  "p_meas_X": 0.0034125750563464593,
  "p_meas_Z": 0.0034125750563464593,
  "p_prep_X": 0.001861944781888211,
  "p_prep_Z": 0.001861944781888211
}