{
  "p_cnot_IX": 0.001670533176817486,
  "p_cnot_IY": 0.0,
  "p_cnot_IZ": 0.0,
  "p_cnot_XI": 0.0001334318164866184,
  "p_cnot_XX": 0.0003896959658969327,
  "p_cnot_XY": 0.0,
  "p_cnot_XZ": 0.0001283625095244871,
  "p_cnot_YI": 0.0011002607403471367,
  "p_cnot_YX": 0.0009972226820305628,
  "p_cnot_YY": 0.0,
  "p_cnot_YZ": 0.0010942497572004031,
  "p_cnot_ZI": 0.0,
  "p_cnot_ZX": 0.0017384918803293888,
  "p_cnot_ZY": 0.0,
  "p_cnot_ZZ": 0.0,
  "p_idle_cnot_X": 0.0,
  "p_idle_cnot_Y": 0.0,
  "p_idle_cnot_Z": 0.0,
  "p_idle_spam_X": 0.0,
  "p_idle_spam_Y": 0.0018861814752789141,
  "p_idle_spam_Z": 0.0,
  "p_meas_X": 0.004564958249981904,
  "p_meas_Z": 0.004564958249981904,
  "p_prep_X": 0.0,
  "p_prep_Z": 0.0
}