{
  "p_cnot_IX": 0.000924107987654665,
  "p_cnot_IY": 0.0001626485979252946,
  "p_cnot_IZ": 0.0,
  "p_cnot_XI": 0.0004320886097126215,
  "p_cnot_XX": 0.0008066992418002984,
  "p_cnot_XY": 0.0006106771841257922,
  "p_cnot_XZ": 0.00043301332400208644,
  "p_cnot_YI": 0.000864493716322147,
  "p_cnot_YX": 0.0004857672148757982,
  "p_cnot_YY": 0.00028853449919300736,
  "p_cnot_YZ": 0.0008663131884726953,
  "p_cnot_ZI": 0.000909268107239037,
  "p_cnot_ZX": 0.0005223369516794257,
  "p_cnot_ZY": 0.0,
  "p_cnot_ZZ": 0.0,
  "p_idle_cnot_X": 0.0,
  "p_idle_cnot_Y": 0.0,
  "p_idle_cnot_Z": 1.820460526188519e-05,
  "p_idle_spam_X": 0.0007832653691324252,
  "p_idle_spam_Y": 0.0009957186361692803,
  "p_idle_spam_Z": 0.0,
  "p_meas_X": 0.0015087744714324769,
  "p_meas_Z": 0.0015087744714324769,
  "p_prep_X": 0.0009964379169067968,
  "p_prep_Z": 0.0009964379169067968
}