{
  "p_cnot_IX": 0.0022153857167626864,
  "p_cnot_IY": 0.0017371708803105802,
  "p_cnot_IZ": 0.0,
  "p_cnot_XI": 0.0,
  "p_cnot_XX": 0.0,
  "p_cnot_XY": 0.0005988705193713272,
  "p_cnot_XZ": 0.0,
  "p_cnot_YI": 0.0,
  "p_cnot_YX": 0.0,
  "p_cnot_YY": 0.0,
  "p_cnot_YZ": 0.0,
  "p_cnot_ZI": 0.0010174823963646634,
  "p_cnot_ZX": 0.0,
  "p_cnot_ZY": 0.0,
  "p_cnot_ZZ": 0.0,
  "p_idle_cnot_X": 6.425806895155813e-05,
  "p_idle_cnot_Y": 0.0008275837384117394,
  "p_idle_cnot_Z": 0.0,
  "p_idle_spam_X": 0.0,
  "p_idle_spam_Y": 0.0004862640999755099,
  "p_idle_spam_Z": 0.0,
  "p_meas_X": 0.0017139896386365917,
  "p_meas_Z": 0.0017139896386365917,
  "p_prep_X": 0.005899347558409317,
  "p_prep_Z": 0.005899347558409317
}