{
  "p_cnot_IX": 0.0007010524231226644,
  "p_cnot_IY": 0.0,
  "p_cnot_IZ": 0.0,
  "p_cnot_XI": 5.349411184154772e-05,
  "p_cnot_XX": 0.0,
  "p_cnot_XY": 4.303477129572528e-07,
  "p_cnot_XZ": 5.315123018203802e-05,
  "p_cnot_YI": 0.00030371029384446726,
  "p_cnot_YX": 0.0,
  "p_cnot_YY": 0.0007375515131998498,
  "p_cnot_YZ": 0.0002992288602908217,
  "p_cnot_ZI": 0.0005485798250522045,
  "p_cnot_ZX": 0.0,
  "p_cnot_ZY": 0.0,
  "p_cnot_ZZ": 0.0,
  "p_idle_cnot_X": 0.00047870562103008636,
  "p_idle_cnot_Y": 0.0004914950953370656,
  "p_idle_cnot_Z": 0.0,
  "p_idle_spam_X": 0.0017051850839681026,
  "p_idle_spam_Y": 0.001961817165809623,
  "p_idle_spam_Z": 0.0,
  "p_meas_X": 0.004135324690649143,
  "p_meas_Z": 0.004135324690649143,
  "p_prep_X": 0.0,
  "p_prep_Z": 0.0
}