{
  "p_cnot_IX": 0.0016809928987592852,
  "p_cnot_IY": 0.0,
  "p_cnot_IZ": 0.0,
  "p_cnot_XI": 7.535747157851071e-06,
  "p_cnot_XX": 0.0,
  "p_cnot_XY": 0.002361674428460131,
  "p_cnot_XZ": 3.814264739304745e-06,
  "p_cnot_YI": 0.00024396409419915664,
  "p_cnot_YX": 0.0,
  "p_cnot_YY": 0.00027281022647862607,
  "p_cnot_YZ": 0.0001990082169023073,
  "p_cnot_ZI": 0.0024179742380849682,
  "p_cnot_ZX": 0.0,
  "p_cnot_ZY": 0.0,
  "p_cnot_ZZ": 0.0,
  "p_idle_cnot_X": 0.0,
  "p_idle_cnot_Y": 0.0003962237839170589,
  "p_idle_cnot_Z": 0.0,
  "p_idle_spam_X": 0.0,
  "p_idle_spam_Y": 0.0010035997679302849,
  "p_idle_spam_Z": 0.0,
  "p_meas_X": 0.0008142904055652693,
  "p_meas_Z": 0.0008142904055652693,
  "p_prep_X": 0.0026987001867641537,
  "p_prep_Z": 0.0026987001867641537
}