{
  "p_cnot_IX": 0.0,
  "p_cnot_IY": 0.0,
  "p_cnot_IZ": 5.305104904197804e-05,
  "p_cnot_XI": 0.00020694882692097173,
  "p_cnot_XX": 0.0006868601090689702,
  "p_cnot_XY": 0.0,
  "p_cnot_XZ": 0.00021773870216774076,
  "p_cnot_YI": 8.4808465026877e-05,
  "p_cnot_YX": 0.0002476501426515931,
  "p_cnot_YY": 0.0,
  "p_cnot_YZ": 0.00010778934177806846,
  "p_cnot_ZI": 0.0005251782827020126,
  "p_cnot_ZX": 0.0,
  "p_cnot_ZY": 0.0,
  "p_cnot_ZZ": 0.00044036822187941654,
  "p_idle_cnot_X": 0.0,
  "p_idle_cnot_Y": 0.00036718573178796694,
  "p_idle_cnot_Z": 0.0,
  "p_idle_spam_X": 0.0021580551442263937,
  "p_idle_spam_Y": 0.0011811264716078504,
  "p_idle_spam_Z": 0.0,
  "p_meas_X": 0.006976193976575863,
  "p_meas_Z": 0.006976193976575863,
  "p_prep_X": 0.0,
  "p_prep_Z": 0.0
}