{
  "p_cnot_IX": 0.00014043565197073538,
  "p_cnot_IY": 1.73799539060704e-05,
  "p_cnot_IZ": 0.0,
  "p_cnot_XI": 0.0,
  "p_cnot_XX": 0.0,
  "p_cnot_XY": 0.0,
  "p_cnot_XZ": 0.0,
  "p_cnot_YI": 2.549810802686689e-07,
  "p_cnot_YX": 0.0,
  "p_cnot_YY": 0.0,
  "p_cnot_YZ": 2.748945451124074e-07,
  "p_cnot_ZI": 0.0005822233722474829,
  "p_cnot_ZX": 0.0,
  "p_cnot_ZY": 0.0,
  "p_cnot_ZZ": 6.46615253898126e-07,
  "p_idle_cnot_X": 0.0,
  "p_idle_cnot_Y": 0.0008127882675182864,
  "p_idle_cnot_Z": 0.0003082877586412773,
  "p_idle_spam_X": 0.0023782683843487557,
  "p_idle_spam_Y": 0.0013937219210352061,
  "p_idle_spam_Z": 0.0,
  "p_meas_X": 0.002107481181263868,
  "p_meas_Z": 0.002107481181263868,
  "p_prep_X": 0.0016987550604399503,
  "p_prep_Z": 0.0016987550604399503
}