{
  "p_cnot_IX": 0.0,
  "p_cnot_IY": 0.0,
  "p_cnot_IZ": 1.293381128703755e-05,
  "p_cnot_XI": 4.631287874024935e-05,
  "p_cnot_XX": 0.00019753707373443838,
  "p_cnot_XY": 1.1996101135243634e-05,
  "p_cnot_XZ": 7.433903978141692e-05,
  "p_cnot_YI": 0.0,
  "p_cnot_YX": 0.0,
  "p_cnot_YY": 0.0,
  "p_cnot_YZ": 0.0010924236117346082,
  "p_cnot_ZI": 0.00036162049654409734,
  "p_cnot_ZX": 0.0,
  "p_cnot_ZY": 0.0,
  "p_cnot_ZZ": 0.0007034510778830172,
  "p_idle_cnot_X": 0.0015498169759335268,
  "p_idle_cnot_Y": 0.0,
  "p_idle_cnot_Z": 0.0,
  "p_idle_spam_X": 0.00015363825340485376,
  "p_idle_spam_Y": 0.0022689699789566415,
  "p_idle_spam_Z": 0.0,
  "p_meas_X": 0.0033821479375254764,
  "p_meas_Z": 0.0033821479375254764,
  "p_prep_X": 0.0,
  "p_prep_Z": 0.0
}