{
  "p_cnot_IX": 0.00040141747328546973,
  "p_cnot_IY": 0.0,
  "p_cnot_IZ": 0.0,
  "p_cnot_XI": 0.0008421432783625083,
  "p_cnot_XX": 0.0,
  "p_cnot_XY": 0.002657630456552026,
  "p_cnot_XZ": 0.0008420720101508692,
  "p_cnot_YI": 0.0010778102905646821,
  "p_cnot_YX": 0.0,
  "p_cnot_YY": 0.0,
  "p_cnot_YZ": 0.0010385769080301821,
  "p_cnot_ZI": 0.00013049852758542256,
  "p_cnot_ZX": 0.0,
  "p_cnot_ZY": 0.0,
  "p_cnot_ZZ": 7.416870608683733e-08,
  "p_idle_cnot_X": 0.000412100644752656,
  "p_idle_cnot_Y": 8.876534099717443e-06,
  "p_idle_cnot_Z": 0.0,
  "p_idle_spam_X": 0.0008657893336732253,
  "p_idle_spam_Y": 0.0025012736867123264,
  "p_idle_spam_Z": 0.0,
  "p_meas_X": 0.005395804820772467,
  "p_meas_Z": 0.005395804820772467,
  "p_prep_X": 0.0022038300819878314,
  "p_prep_Z": 0.0022038300819878314
}