{
  "p_cnot_IX": 0.0,
  "p_cnot_IY": 1.0516081319320041e-05,
  "p_cnot_IZ": 0.00046986182348192975,
  "p_cnot_XI": 0.0001994632647988288,
  "p_cnot_XX": 0.0003325858677951413,
  "p_cnot_XY": 0.0,
  "p_cnot_XZ": 0.0002089921226833168,
  "p_cnot_YI": 0.0,
  "p_cnot_YX": 0.0012830964115090908,
  "p_cnot_YY": 0.0,
  "p_cnot_YZ": 0.0,
  "p_cnot_ZI": 0.0,
  "p_cnot_ZX": 0.0,
  "p_cnot_ZY": 0.0,
  "p_cnot_ZZ": 0.0005445599068493337,
  "p_idle_cnot_X": 0.00018681729942239962,
  "p_idle_cnot_Y": 0.00018122540992843194,
  "p_idle_cnot_Z": 0.0,
  "p_idle_spam_X": 0.0016889931102502863,
  "p_idle_spam_Y": 0.0022791533090067285,
  "p_idle_spam_Z": 0.0,
  "p_meas_X": 0.006331832907895224,
  "p_meas_Z": 0.006331832907895224,
  "p_prep_X": 0.0019150590854263515,
  "p_prep_Z": 0.0019150590854263515
}