{
  "p_cnot_IX": 0.0,
  "p_cnot_IY": 0.0,
  "p_cnot_IZ": 0.0,
  "p_cnot_XI": 0.0,
  "p_cnot_XX": 0.0,
  "p_cnot_XY": 0.0011657594859056947,
  "p_cnot_XZ": 0.0,
  "p_cnot_YI": 0.0,
  "p_cnot_YX": 0.0,
  "p_cnot_YY": 0.00012982441642577454,
  "p_cnot_YZ": 0.0,
  "p_cnot_ZI": 0.0009787474794163973,
  "p_cnot_ZX": 3.1937949985248594e-09,
  "p_cnot_ZY": 0.0,
  "p_cnot_ZZ": 0.0005541426136515511,
  "p_idle_cnot_X": 0.0003594529527948791,
  "p_idle_cnot_Y": 0.00015488875680719083,
  "p_idle_cnot_Z": 0.0,
  "p_idle_spam_X": 0.0015597443910865248,
  "p_idle_spam_Y": 0.002252349744563376,
  "p_idle_spam_Z": 0.0006257258579306787,
  "p_meas_X": 0.005507525252080726,
  "p_meas_Z": 0.005507525252080726,
  "p_prep_X": 8.372664980023405e-06,
  "p_prep_Z": 8.372664980023405e-06
}