{
  "p_cnot_IX": 1.3765798212098987e-05,
  "p_cnot_IY": 0.00034775185985906235,
  "p_cnot_IZ": 0.0,
  "p_cnot_XI": 0.0009416881217570478,
  "p_cnot_XX": 0.00039883368476080114,
  "p_cnot_XY": 0.0,
  "p_cnot_XZ": 0.0009684442331528753,
  "p_cnot_YI": 0.0005646410090960742,
  "p_cnot_YX": 0.0016833759915666662,
  "p_cnot_YY": 0.0,
  "p_cnot_YZ": 0.0005670790326556877,
  "p_cnot_ZI": 0.0,
  "p_cnot_ZX": 0.00037632203987340797,
  "p_cnot_ZY": 0.0001617377704079104,
  "p_cnot_ZZ": 0.0,
  "p_idle_cnot_X": 0.0,
  "p_idle_cnot_Y": 0.0,
  "p_idle_cnot_Z": 0.0,
  "p_idle_spam_X": 0.000522169283247804,
  "p_idle_spam_Y": 0.0013202752659735358,
  "p_idle_spam_Z": 0.0,
  "p_meas_X": 0.008635219952346762,
  "p_meas_Z": 0.008635219952346762,
  "p_prep_X": 0.0009542801584625869,
  "p_prep_Z": 0.0009542801584625869
}