{
  "p_cnot_IX": 0.0006899942989572856,
  "p_cnot_IY": 0.0001709410984001032,
  "p_cnot_IZ": 0.0,
  "p_cnot_XI": 0.0003077374216956517,
  "p_cnot_XX": 0.0,
  "p_cnot_XY": 0.0010313705833460015,
  "p_cnot_XZ": 0.000305146342321233,
  "p_cnot_YI": 0.0006087060788811505,
  "p_cnot_YX": 0.0,
  "p_cnot_YY": 1.6294612227376048e-05,
  "p_cnot_YZ": 0.0006033428422943462,
  "p_cnot_ZI": 0.0009081545646733072,
  "p_cnot_ZX": 0.0,
  "p_cnot_ZY": 0.0,
  "p_cnot_ZZ": 3.363495513428735e-05,
  "p_idle_cnot_X": 0.0005829842614473364,
  "p_idle_cnot_Y": 0.0004904060244108871,
  "p_idle_cnot_Z": 3.998684397958779e-05,
  "p_idle_spam_X": 0.0005612604950055784,
  "p_idle_spam_Y": 0.0011983276780613578,
  "p_idle_spam_Z": 0.00011512915372184987,
  "p_meas_X": 0.0019197768457230931,
  "p_meas_Z": 0.0019197768457230931,
  "p_prep_X": 0.0012502305984319736,
  "p_prep_Z": 0.0012502305984319736
}