{
  "p_cnot_IX": 0.0009423628172200598,
  "p_cnot_IY": 0.0005749497992372397,
  "p_cnot_IZ": 0.0,
  "p_cnot_XI": 0.0003041075349859233,
  "p_cnot_XX": 9.197211825824837e-05,
  "p_cnot_XY": 0.000789370299040185,
  "p_cnot_XZ": 0.0003049558112555522,
  "p_cnot_YI": 0.0006593761952370222,
  "p_cnot_YX": 0.0,
  "p_cnot_YY": 0.0003694883096150868,
  "p_cnot_YZ": 0.0006594521576365289,
  "p_cnot_ZI": 0.0006913082614468022,
  "p_cnot_ZX": 0.00034368919681711767,
  "p_cnot_ZY": 1.2121352783075115e-05,
  "p_cnot_ZZ": 0.0,
  "p_idle_cnot_X": 3.678879190155848e-05,
  "p_idle_cnot_Y": 0.00020158837663616875,
  "p_idle_cnot_Z": 0.0,
  "p_idle_spam_X": 0.0011462732352020984,
  "p_idle_spam_Y": 0.0013872150666521606,
  "p_idle_spam_Z": 0.0,
  "p_meas_X": 0.0026695790809315614,
  "p_meas_Z": 0.0026695790809315614,
  "p_prep_X": 0.001415809131921862,
  "p_prep_Z": 0.001415809131921862
}