{
  "p_cnot_IX": 0.0016093136714087249,
  "p_cnot_IY": 0.0,
  "p_cnot_IZ": 0.0,
  "p_cnot_XI": 7.060863023318287e-06,
  "p_cnot_XX": 0.0007924796752321966,
  "p_cnot_XY": 0.00022448607393222507,
  "p_cnot_XZ": 5.810549934034366e-06,
  "p_cnot_YI": 0.0009699372194682867,
  "p_cnot_YX": 0.0007446782087564404,
  "p_cnot_YY": 0.0001800548654712276,
  "p_cnot_YZ": 0.0009748837491583714,
  "p_cnot_ZI": 0.00043755060399043073,
  "p_cnot_ZX": 0.0011853185123270622,
  "p_cnot_ZY": 0.0,
  "p_cnot_ZZ": 0.0,
  "p_idle_cnot_X": 0.0,
  "p_idle_cnot_Y": 0.0,
  "p_idle_cnot_Z": 0.0,
  "p_idle_spam_X": 0.0,
  "p_idle_spam_Y": 0.0019414057007090264,
  "p_idle_spam_Z": 0.0,
  "p_meas_X": 0.002826147976158364,
  "p_meas_Z": 0.002826147976158364,
  "p_prep_X": 0.0011476893217992102,
  "p_prep_Z": 0.0011476893217992102
}