{
  "p_cnot_IX": 0.0013843507939580383,
  "p_cnot_IY": 0.00033360222944460677,
  "p_cnot_IZ": 0.0,
  "p_cnot_XI": 0.0006921435345014995,
  "p_cnot_XX": 0.00016868402102985727,
  "p_cnot_XY": 0.0,
  "p_cnot_XZ": 0.0006974945916322692,
  "p_cnot_YI": 0.0008871871710140147,
  "p_cnot_YX": 0.0014423573413651146,
  "p_cnot_YY": 0.0,
  "p_cnot_YZ": 0.000884499716092746,
  "p_cnot_ZI": 0.0,
  "p_cnot_ZX": 0.00048471339683171864,
  "p_cnot_ZY": 1.3393131773311698e-06,
  "p_cnot_ZZ": 0.0,
  "p_idle_cnot_X": 0.0,
  "p_idle_cnot_Y": 0.0,
  "p_idle_cnot_Z": 0.0,
  "p_idle_spam_X": 0.0003052292518542067,
  "p_idle_spam_Y": 0.0011292540490190869,
  "p_idle_spam_Z": 0.0,
  "p_meas_X": 0.005635978159094104,
  "p_meas_Z": 0.005635978159094104,
  "p_prep_X": 0.0,
  "p_prep_Z": 0.0
}