{
  "p_cnot_IX": 0.0012732275656333956,
  "p_cnot_IY": 0.0,
  "p_cnot_IZ": 1.3237428843467376e-06,
  "p_cnot_XI": 0.0001210697009083394,
  "p_cnot_XX": 0.0,
  "p_cnot_XY": 0.0015483582397195844,
  "p_cnot_XZ": 0.00011561983731172255,
  "p_cnot_YI": 0.0005530166991989155,
  "p_cnot_YX": 0.0,
  "p_cnot_YY": 0.0004256179505160377,
  "p_cnot_YZ": 0.0005404106089306142,
  "p_cnot_ZI": 0.0016344180753880867,
  "p_cnot_ZX": 3.092841257686906e-06,
  "p_cnot_ZY": 0.0,
  "p_cnot_ZZ": 0.0,
  "p_idle_cnot_X": 0.00021798714335133414,
  "p_idle_cnot_Y": 0.00038954843913939307,
  "p_idle_cnot_Z": 3.856906043741665e-06,
  "p_idle_spam_X": 0.0,
  "p_idle_spam_Y": 0.0010004061506313682,
  "p_idle_spam_Z": 0.0004007071857258677,
  "p_meas_X": 0.0019145240896932393,
  "p_meas_Z": 0.0019145240896932393,
  "p_prep_X": 0.0017690333374459646,
  "p_prep_Z": 0.0017690333374459646
}