{
  "p_cnot_IX": 0.0,
  "p_cnot_IY": 1.34660940729505e-05,
  "p_cnot_IZ": 0.0,
  "p_cnot_XI": 0.0,
  "p_cnot_XX": 0.0,
  "p_cnot_XY": 0.0,
  "p_cnot_XZ": 0.0,
  "p_cnot_YI": 0.0,
  "p_cnot_YX": 0.0,
  "p_cnot_YY": 0.0,
  "p_cnot_YZ": 0.0,
  "p_cnot_ZI": 0.0,
  "p_cnot_ZX": 0.0,
  "p_cnot_ZY": 0.0,
  "p_cnot_ZZ": 2.175902253091646e-05,
  "p_idle_cnot_X": 0.0,
  "p_idle_cnot_Y": 0.0008898318754469287,
  "p_idle_cnot_Z": 0.0,
  "p_idle_spam_X": 0.0037577478362818234,
  "p_idle_spam_Y": 0.0010709934919781055,
  "p_idle_spam_Z": 0.0,
  "p_meas_X": 0.006105343732289625,
  "p_meas_Z": 0.006105343732289625,
  "p_prep_X": 0.00016880354160713618,
  "p_prep_Z": 0.00016880354160713618
}