{
  "p_cnot_IX": 0.0006739533152680089,
  "p_cnot_IY": 0.0,
  "p_cnot_IZ": 0.0,
  "p_cnot_XI": 3.0312764495669922e-05,
  "p_cnot_XX": 0.0,
  "p_cnot_XY": 0.0,
  "p_cnot_XZ": 2.9512272618672077e-05,
  "p_cnot_YI": 0.00032478034041762415,
  "p_cnot_YX": 0.0,
  "p_cnot_YY": 0.0007196461787340792,
  "p_cnot_YZ": 0.0003179859982489077,
  "p_cnot_ZI": 0.0004763483700059171,
  "p_cnot_ZX": 0.0,
  "p_cnot_ZY": 0.0,
  "p_cnot_ZZ": 0.0,
  "p_idle_cnot_X": 0.0005332060726893801,
  "p_idle_cnot_Y": 0.0004638310252010219,
  "p_idle_cnot_Z": 0.0,
  "p_idle_spam_X": 0.0016857071435053867,
  "p_idle_spam_Y": 0.0020146116232538022,
  "p_idle_spam_Z": 0.0,
  "p_meas_X": 0.004307365361124525,
  "p_meas_Z": 0.004307365361124525,
  "p_prep_X": 0.0,
  "p_prep_Z": 0.0
}