{
  "p_cnot_IX": 0.0,
  "p_cnot_IY": 0.00020320080834305355,
  "p_cnot_IZ": 0.00017582707777989058,
  "p_cnot_XI": 0.0004911613580588036,
  "p_cnot_XX": 0.000267238250374847,
  "p_cnot_XY": 0.0,
  "p_cnot_XZ": 0.0004897744742675189,
  "p_cnot_YI": 2.2373247276740732e-06,
  "p_cnot_YX": 0.0010839395473054906,
  "p_cnot_YY": 2.9583800906145763e-05,
  "p_cnot_YZ": 2.536950333127687e-05,
  "p_cnot_ZI": 0.00015404760955598407,
  "p_cnot_ZX": 0.0,
  "p_cnot_ZY": 7.958432838321983e-06,
  "p_cnot_ZZ": 0.00046028845836259955,
  "p_idle_cnot_X": 0.0002532708410552206,
  "p_idle_cnot_Y": 0.00020319555607164233,
  "p_idle_cnot_Z": 0.0,
  "p_idle_spam_X": 0.0014281038460170245,
  "p_idle_spam_Y": 0.0022310472594012864,
  "p_idle_spam_Z": 0.0,
  "p_meas_X": 0.0051331370584185776,
  "p_meas_Z": 0.0051331370584185776,
  "p_prep_X": 0.0024047592859779967,
  "p_prep_Z": 0.0024047592859779967
}