{
  "p_cnot_IX": 0.0005412654452926663,
  "p_cnot_IY": 0.0,
  "p_cnot_IZ": 0.0,
  "p_cnot_XI": 0.0008935624897024194,
  "p_cnot_XX": 0.0,
  "p_cnot_XY": 0.0025983365182767736,
  "p_cnot_XZ": 0.0009087567579906252,
  "p_cnot_YI": 0.0011517231591026745,
  "p_cnot_YX": 0.0,
  "p_cnot_YY": 0.0,
  "p_cnot_YZ": 0.0010625811509928987,
  "p_cnot_ZI": 0.0001253583234071027,
  "p_cnot_ZX": 0.0,
  "p_cnot_ZY": 0.0,
  "p_cnot_ZZ": 0.0,
  "p_idle_cnot_X": 0.0003167763746833797,
  "p_idle_cnot_Y": 0.0,
  "p_idle_cnot_Z": 0.0,
  "p_idle_spam_X": 0.0009218265498045295,
  "p_idle_spam_Y": 0.002553576633378657,
  "p_idle_spam_Z": 0.0,
  "p_meas_X": 0.005605330570368308,
  "p_meas_Z": 0.005605330570368308,
  "p_prep_X": 0.001986457157302093,
  "p_prep_Z": 0.001986457157302093
}