{
  "p_cnot_IX": 0.0,
  "p_cnot_IY": 0.0,
  "p_cnot_IZ": 0.0,
  "p_cnot_XI": 0.0,
  "p_cnot_XX": 0.0,
  "p_cnot_XY": 0.0012427203380551857,
  "p_cnot_XZ": 0.0,
  "p_cnot_YI": 0.0,
  "p_cnot_YX": 0.0,
  "p_cnot_YY": 0.00013218861412455754,
  "p_cnot_YZ": 0.0,
  "p_cnot_ZI": 0.0010880433574523129,
  "p_cnot_ZX": 0.0,
  "p_cnot_ZY": 0.0,
  "p_cnot_ZZ": 0.0005106663521572772,
  "p_idle_cnot_X": 0.00034019617377821715,
  "p_idle_cnot_Y": 0.00017710866991010882,
  "p_idle_cnot_Z": 0.0,
  "p_idle_spam_X": 0.0015082631985923274,
  "p_idle_spam_Y": 0.002198322574468439,
  "p_idle_spam_Z": 0.0005573586027907282,
  "p_meas_X": 0.005231826708965868,
  "p_meas_Z": 0.005231826708965868,
  "p_prep_X": 0.0,
  "p_prep_Z": 0.0
}