{
  "p_cnot_IX": 0.0,
  "p_cnot_IY": 0.0,
  "p_cnot_IZ": 0.0,
  "p_cnot_XI": 1.5980558878963863e-05,
  "p_cnot_XX": 0.0002488223509003492,
  "p_cnot_XY": 0.0,
  "p_cnot_XZ": 4.441837283830083e-05,
  "p_cnot_YI": 0.0,
  "p_cnot_YX": 0.0,
  "p_cnot_YY": 0.0,
  "p_cnot_YZ": 0.0011174832870016896,
  "p_cnot_ZI": 0.0004021524025452908,
  "p_cnot_ZX": 0.0,
  "p_cnot_ZY": 0.0,
  "p_cnot_ZZ": 0.0006512616205142711,
  "p_idle_cnot_X": 0.0015569112156875765,
  "p_idle_cnot_Y": 0.0,
  "p_idle_cnot_Z": 0.0,
  "p_idle_spam_X": 0.00013001360150566784,
  "p_idle_spam_Y": 0.002289920894664472,
  "p_idle_spam_Z": 0.0,
  "p_meas_X": 0.003349932099512532,
  "p_meas_Z": 0.003349932099512532,
  "p_prep_X": 0.0,
  "p_prep_Z": 0.0
}