{
  "p_cnot_IX": 0.00012380809826155386,
  "p_cnot_IY": 2.8936005089892933e-05,
  "p_cnot_IZ": 3.099721690563588e-08,
  "p_cnot_XI": 3.03947054079294e-07,
  "p_cnot_XX": 0.000820899277941938,
  "p_cnot_XY": 0.0,
  "p_cnot_XZ": 3.3120402011958535e-07,
  "p_cnot_YI": 0.0003300248506688496,
  "p_cnot_YX": 0.0,
  "p_cnot_YY": 0.0,
  "p_cnot_YZ": 0.000336082092603588,
  "p_cnot_ZI": 0.0009928394014460595,
  "p_cnot_ZX": 0.0,
  "p_cnot_ZY": 0.0,
  "p_cnot_ZZ": 0.0,
  "p_idle_cnot_X": 1.1259980215694753e-06,
  "p_idle_cnot_Y": 0.0006186716121585636,
  "p_idle_cnot_Z": 0.0,
  "p_idle_spam_X": 0.0020795495051431126,
  "p_idle_spam_Y": 0.0008420439790132746,
  "p_idle_spam_Z": 0.0,
  "p_meas_X": 0.002774716472138569,
  "p_meas_Z": 0.002774716472138569,
  "p_prep_X": 0.0013869930209665312,
  "p_prep_Z": 0.0013869930209665312
}