{
  "p_cnot_IX": 0.0003020400914424211,
  "p_cnot_IY": 0.0002539728067233686,
  "p_cnot_IZ": 0.00016622901925555518,
  "p_cnot_XI": 0.0002335236319590617,
  "p_cnot_XX": 0.00015955782719197844,
  "p_cnot_XY": 0.0004610268207617455,
  "p_cnot_XZ": 0.00023275238440005386,
  "p_cnot_YI": 0.0005062264562842898,
  "p_cnot_YX": 0.0,
  "p_cnot_YY": 0.000186505641357336,
  "p_cnot_YZ": 0.000504831169023952,
  "p_cnot_ZI": 0.000507938862628544,
  "p_cnot_ZX": 3.855268119138967e-05,
  "p_cnot_ZY": 6.4670497186268055e-06,
  "p_cnot_ZZ": 0.0003925562238139681,
  "p_idle_cnot_X": 0.0006530364713304397,
  "p_idle_cnot_Y": 0.0004624665918952937,
  "p_idle_cnot_Z": 0.00022945067325783316,
  "p_idle_spam_X": 0.0008369177129727167,
  "p_idle_spam_Y": 0.0009381946245036314,
  "p_idle_spam_Z": 0.0007085179704543984,
  "p_meas_X": 0.0012236977000612617,
  "p_meas_Z": 0.0012236977000612617,
  "p_prep_X": 0.0010356935921953378,
  "p_prep_Z": 0.0010356935921953378
}