{
  "p_cnot_IX": 0.0009756062448180841,
  "p_cnot_IY": 3.9596450035081166e-05,
  "p_cnot_IZ": 3.745928379150731e-06,
  "p_cnot_XI": 0.0011565282651714408,
  "p_cnot_XX": 0.0012242445552630215,
  "p_cnot_XY": 4.555322621230393e-06,
  "p_cnot_XZ": 0.0011592070541595941,
  "p_cnot_YI": 0.0007581869076502009,
  "p_cnot_YX": 0.0005266171353081,
  "p_cnot_YY": 4.0454347674913045e-05,
  "p_cnot_YZ": 0.000764018943974666,
  "p_cnot_ZI": 0.000263214478679593,
  "p_cnot_ZX": 4.517286666257334e-05,
  "p_cnot_ZY": 5.874800883041927e-05,
  "p_cnot_ZZ": 0.0,
  "p_idle_cnot_X": 0.0,
  "p_idle_cnot_Y": 0.0002737764608915614,
  "p_idle_cnot_Z": 0.0,
  "p_idle_spam_X": 0.00030797424989129833,
  "p_idle_spam_Y": 0.0009130592240710296,
  "p_idle_spam_Z": 0.0,
  "p_meas_X": 0.0037096520635177426,
  "p_meas_Z": 0.0037096520635177426,
  "p_prep_X": 0.0020796118413270604,
  "p_prep_Z": 0.0020796118413270604
}