{
  "p_cnot_IX": 0.0016215227248252185,
  "p_cnot_IY": 0.0,
  "p_cnot_IZ": 0.0,
  "p_cnot_XI": 0.00011913710082764998,
  "p_cnot_XX": 0.0004012043045087363,
  "p_cnot_XY": 0.0,
  "p_cnot_XZ": 0.00011463362916323906,
  "p_cnot_YI": 0.0011044171943284814,
  "p_cnot_YX": 0.0009768420063503453,
  "p_cnot_YY": 0.0,
  "p_cnot_YZ": 0.0010977775614264837,
  "p_cnot_ZI": 0.0,
  "p_cnot_ZX": 0.0017911882572322455,
  "p_cnot_ZY": 0.0,
  "p_cnot_ZZ": 0.0,
  "p_idle_cnot_X": 0.0,
  "p_idle_cnot_Y": 0.0,
  "p_idle_cnot_Z": 0.0,
  "p_idle_spam_X": 0.0,
  "p_idle_spam_Y": 0.0018973065317106758,
  "p_idle_spam_Z": 0.0,
  "p_meas_X": 0.004572292981681892,
  "p_meas_Z": 0.004572292981681892,
  "p_prep_X": 0.0,
  "p_prep_Z": 0.0
}