{
  "p_cnot_IX": 0.0011886507478645989,
  "p_cnot_IY": 0.0002965786330889607,
  "p_cnot_IZ": 0.0,
  "p_cnot_XI": 0.0002349479801163772,
  "p_cnot_XX": 0.0,
  "p_cnot_XY": 0.00034260631897015006,
  "p_cnot_XZ": 0.00023937064719284349,
  "p_cnot_YI": 0.0007688810567941312,
  "p_cnot_YX": 0.0,
  "p_cnot_YY": 0.00024151145593890024,
  "p_cnot_YZ": 0.0007713644751707404,
  "p_cnot_ZI": 1.5874273615005437e-05,
  "p_cnot_ZX": 0.0004867253488664035,
  "p_cnot_ZY": 0.0005741315113679207,
  "p_cnot_ZZ": 1.847153125286946e-05,
  "p_idle_cnot_X": 0.00012153556883755568,
  "p_idle_cnot_Y": 0.0,
  "p_idle_cnot_Z": 0.0,
  "p_idle_spam_X": 0.0008799503087169228,
  "p_idle_spam_Y": 0.001995557540731892,
  "p_idle_spam_Z": 0.0,
  "p_meas_X": 0.0060385070949999006,
  "p_meas_Z": 0.0060385070949999006,
  "p_prep_X": 0.0011023528275625881,
  "p_prep_Z": 0.0011023528275625881
}