{
  "p_cnot_IX": 0.0008695717799933999,
  "p_cnot_IY": 0.00020685388273083,
  "p_cnot_IZ": 0.0,
  "p_cnot_XI": 0.0004413796238760904,
  "p_cnot_XX": 0.0007869926822691513,
  "p_cnot_XY": 0.00059824173836971,
  "p_cnot_XZ": 0.00044216446207498303,
  "p_cnot_YI": 0.0008830770625653703,
  "p_cnot_YX": 0.0005053615293422347,
  "p_cnot_YY": 0.00031550041914465363,
  "p_cnot_YZ": 0.0008846719451816343,
  "p_cnot_ZI": 0.0008683769359521213,
  "p_cnot_ZX": 0.0005081759148596763,
  "p_cnot_ZY": 0.0,
  "p_cnot_ZZ": 3.084737732961102e-05,
  "p_idle_cnot_X": 0.0,
  "p_idle_cnot_Y": 0.0,
  "p_idle_cnot_Z": 0.0,
  "p_idle_spam_X": 0.00078603015734432,
  "p_idle_spam_Y": 0.0009156593681554339,
  "p_idle_spam_Z": 0.0,
  "p_meas_X": 0.001552816486978619,
  "p_meas_Z": 0.001552816486978619,
  "p_prep_X": 0.0010647351315567727,
  "p_prep_Z": 0.0010647351315567727
}