{
  "p_cnot_IX": 0.00036470413596247027,
  "p_cnot_IY": 0.0005529640643119717,
  "p_cnot_IZ": 0.0,
  "p_cnot_XI": 5.324900159252072e-05,
  "p_cnot_XX": 0.0009758497117012976,
  "p_cnot_XY": 0.0,
  "p_cnot_XZ": 5.312148038078515e-05,
  "p_cnot_YI": 0.00010324537305749549,
  "p_cnot_YX": 0.00012538885875281605,
  "p_cnot_YY": 5.412478670981815e-07,
  "p_cnot_YZ": 0.00010672668019668181,
  "p_cnot_ZI": 0.0008176002521927157,
  "p_cnot_ZX": 0.0,
  "p_cnot_ZY": 0.0,
  "p_cnot_ZZ": 1.1595802011020812e-05,
  "p_idle_cnot_X": 0.00032562528800012696,
  "p_idle_cnot_Y": 0.0003903441074286735,
  "p_idle_cnot_Z": 8.834694005156671e-06,
  "p_idle_spam_X": 0.0014516478287507617,
  "p_idle_spam_Y": 0.001759805993459121,
  "p_idle_spam_Z": 0.0,
  "p_meas_X": 0.003122033680294757,
  "p_meas_Z": 0.003122033680294757,
  "p_prep_X": 0.0018725158959099855,
  "p_prep_Z": 0.0018725158959099855
}