{
  "p_cnot_IX": 0.0006609799928155575,
  "p_cnot_IY": 0.0,
  "p_cnot_IZ": 0.0,
  "p_cnot_XI": 9.129181423763072e-05,
  "p_cnot_XX": 0.0,
  "p_cnot_XY": 0.0,
  "p_cnot_XZ": 8.968304756834191e-05,
  "p_cnot_YI": 0.00031064926318937305,
  "p_cnot_YX": 0.0,
  "p_cnot_YY": 0.000731378124066946,
  "p_cnot_YZ": 0.00030734869418556064,
  "p_cnot_ZI": 0.0005229607444470534,
  "p_cnot_ZX": 0.0,
  "p_cnot_ZY": 0.0,
  "p_cnot_ZZ": 0.0,
  "p_idle_cnot_X": 0.0004704717528032486,
  "p_idle_cnot_Y": 0.00047925193656000493,
  "p_idle_cnot_Z": 0.0,
  "p_idle_spam_X": 0.0017393844086701102,
  "p_idle_spam_Y": 0.001991178190184511,
  "p_idle_spam_Z": 0.0,
  "p_meas_X": 0.004250352099411834,
  "p_meas_Z": 0.004250352099411834,
  "p_prep_X": 0.0,
  "p_prep_Z": 0.0
}