{
  "p_cnot_IX": 9.668870265605998e-06,
  "p_cnot_IY": 6.0379294440045505e-05,
  "p_cnot_IZ": 3.362589815425597e-05,
  "p_cnot_XI": 1.5093584821130095e-05,
  "p_cnot_XX": 0.0010766116825581627,
  "p_cnot_XY": 0.0,
  "p_cnot_XZ": 1.504707048887968e-05,
  "p_cnot_YI": 0.0,
  "p_cnot_YX": 2.049317868392941e-05,
  "p_cnot_YY": 0.0,
  "p_cnot_YZ": 0.0,
  "p_cnot_ZI": 0.0011033303856754172,
  "p_cnot_ZX": 0.0,
  "p_cnot_ZY": 0.0,
  "p_cnot_ZZ": 0.00032400160877969937,
  "p_idle_cnot_X": 2.5020156511210498e-08,
  "p_idle_cnot_Y": 0.00045104735277358155,
  "p_idle_cnot_Z": 0.0,
  "p_idle_spam_X": 0.0018733476929853833,
  "p_idle_spam_Y": 0.0011165447210167798,
  "p_idle_spam_Z": 0.0,
  "p_meas_X": 0.0048006442091265995,
  "p_meas_Z": 0.0048006442091265995,
  "p_prep_X": 0.0012972069213355493,
  "p_prep_Z": 0.0012972069213355493
}