{
  "p_cnot_IX": 0.002158776816870746,
  "p_cnot_IY": 0.0017239059050137265,
  "p_cnot_IZ": 0.0,
  "p_cnot_XI": 0.0,
  "p_cnot_XX": 0.0,
  "p_cnot_XY": 0.0005649341865222435,
  "p_cnot_XZ": 0.0,
  "p_cnot_YI": 0.0,
  "p_cnot_YX": 0.0,
  "p_cnot_YY": 0.0,
  "p_cnot_YZ": 0.0,
  "p_cnot_ZI": 0.0009623934440171927,
  "p_cnot_ZX": 0.0,
  "p_cnot_ZY": 0.0,
  "p_cnot_ZZ": 0.0,
  "p_idle_cnot_X": 0.00011417274405496626,
  "p_idle_cnot_Y": 0.0008248193153849448,
  "p_idle_cnot_Z": 0.0,
  "p_idle_spam_X": 0.0,
  "p_idle_spam_Y": 0.0004989724328022751,
  "p_idle_spam_Z": 0.0,
  "p_meas_X": 0.0019842850641687954,
  "p_meas_Z": 0.0019842850641687954,
  "p_prep_X": 0.005728540873879642,
  "p_prep_Z": 0.005728540873879642
}