{
  "p_cnot_IX": 0.0,
  "p_cnot_IY": 0.0,
  "p_cnot_IZ": 0.0,
  "p_cnot_XI": 0.0,
  "p_cnot_XX": 0.0,
  "p_cnot_XY": 0.001281005962688088,
  "p_cnot_XZ": 0.0,
  "p_cnot_YI": 0.0,
  "p_cnot_YX": 0.0,
  "p_cnot_YY": 0.00012253098206556172,
  "p_cnot_YZ": 0.0,
  "p_cnot_ZI": 0.001180750080780665,
  "p_cnot_ZX": 0.0,
  "p_cnot_ZY": 0.0,
  "p_cnot_ZZ": 0.000448480290529814,
  "p_idle_cnot_X": 0.00031465534138199565,
  "p_idle_cnot_Y": 0.00019505381997349738,
  "p_idle_cnot_Z": 0.0,
  "p_idle_spam_X": 0.0015336247690772862,
  "p_idle_spam_Y": 0.002177199927184902,
  "p_idle_spam_Z": 0.0005532149863723289,
  "p_meas_X": 0.005069089337798526,
  "p_meas_Z": 0.005069089337798526,
  "p_prep_X": 0.0,
  "p_prep_Z": 0.0
}