{
  "p_cnot_IX": 0.0,
  "p_cnot_IY": 0.00010630712367589327,
  "p_cnot_IZ": 0.0,
  "p_cnot_XI": 0.0,
  "p_cnot_XX": 0.0,
  "p_cnot_XY": 0.0,
  "p_cnot_XZ": 0.0,
  "p_cnot_YI": 0.0,
  "p_cnot_YX": 0.0,
  "p_cnot_YY": 0.0,
  "p_cnot_YZ": 0.0,
  "p_cnot_ZI": 0.00012343217204189772,
  "p_cnot_ZX": 0.0,
  "p_cnot_ZY": 2.9249889225140506e-05,
  "p_cnot_ZZ": 0.0,
  "p_idle_cnot_X": 0.0,
  "p_idle_cnot_Y": 0.0009535164784195773,
  "p_idle_cnot_Z": 0.0,
  "p_idle_spam_X": 0.0036437545784462214,
  "p_idle_spam_Y": 0.0008219188065477347,
  "p_idle_spam_Z": 0.0,
  "p_meas_X": 0.0033024083141369445,
  "p_meas_Z": 0.0033024083141369445,
  "p_prep_X": 0.0021694750484439543,
  "p_prep_Z": 0.0021694750484439543
}