{
  "p_cnot_IX": 0.0,
  "p_cnot_IY": 0.0,
  "p_cnot_IZ": 1.0709012212423405e-05,
  "p_cnot_XI": 4.1618741373945294e-05,
  "p_cnot_XX": 0.0002272501363569265,
  "p_cnot_XY": 1.4733333339494785e-05,
  "p_cnot_XZ": 8.138285196243306e-05,
  "p_cnot_YI": 0.0,
  "p_cnot_YX": 0.0,
  "p_cnot_YY": 0.0,
  "p_cnot_YZ": 0.001071428191449006,
  "p_cnot_ZI": 0.0003593501685107344,
  "p_cnot_ZX": 0.0,
  "p_cnot_ZY": 0.0,
  "p_cnot_ZZ": 0.0007065306408570203,
  "p_idle_cnot_X": 0.001515060628184116,
  "p_idle_cnot_Y": 0.0,
  "p_idle_cnot_Z": 0.0,
  "p_idle_spam_X": 0.00023947272634231254,
  "p_idle_spam_Y": 0.002274852766878862,
  "p_idle_spam_Z": 0.0,
  "p_meas_X": 0.0034669693503689637,
  "p_meas_Z": 0.0034669693503689637,
  "p_prep_X": 0.0,
  "p_prep_Z": 0.0
}