{
  "p_cnot_IX": 0.001719955670256417,
  "p_cnot_IY": 0.0,
  "p_cnot_IZ": 0.0,
  "p_cnot_XI": 8.751965025227487e-06,
  "p_cnot_XX": 0.0,
  "p_cnot_XY": 0.0023226470901725887,
  "p_cnot_XZ": 4.885098787976801e-05,
  "p_cnot_YI": 0.0002530872897644849,
  "p_cnot_YX": 0.0,
  "p_cnot_YY": 0.0002689745676825952,
  "p_cnot_YZ": 0.00020575817218524973,
  "p_cnot_ZI": 0.0023976200332466984,
  "p_cnot_ZX": 0.0,
  "p_cnot_ZY": 0.0,
  "p_cnot_ZZ": 0.0,
  "p_idle_cnot_X": 0.0,
  "p_idle_cnot_Y": 0.0004013454222635162,
  "p_idle_cnot_Z": 0.0,
  "p_idle_spam_X": 0.0,
  "p_idle_spam_Y": 0.0010080990870925334,
  "p_idle_spam_Z": 0.0,
  "p_meas_X": 0.0008038062956102972,
  "p_meas_Z": 0.0008038062956102972,
  "p_prep_X": 0.002569812365842332,
  "p_prep_Z": 0.002569812365842332
}