{
  "p_cnot_IX": 0.0006069530510450884,
  "p_cnot_IY": 0.0,
  "p_cnot_IZ": 0.0,
  "p_cnot_XI": 0.0007855996432087889,
  "p_cnot_XX": 0.0,
  "p_cnot_XY": 0.0017743873334943943,
  "p_cnot_XZ": 0.0007780719352365726,
  "p_cnot_YI": 0.00101769776626816,
  "p_cnot_YX": 0.0,
  "p_cnot_YY": 0.00013455828902542193,
  "p_cnot_YZ": 0.0010041479300403403,
  "p_cnot_ZI": 0.0008779374947643909,
  "p_cnot_ZX": 0.0,
  "p_cnot_ZY": 0.0,
  "p_cnot_ZZ": 1.1848048804873794e-05,
  "p_idle_cnot_X": 0.0,
  "p_idle_cnot_Y": 0.0002782218872144205,
  "p_idle_cnot_Z": 0.0,
  "p_idle_spam_X": 0.0015420102469125014,
  "p_idle_spam_Y": 0.0023676638917847223,
  "p_idle_spam_Z": 0.0010963174284480085,
  "p_meas_X": 0.002442756471360924,
  "p_meas_Z": 0.002442756471360924,
  "p_prep_X": 0.0019865120503994066,
  "p_prep_Z": 0.0019865120503994066
}