{
  "p_cnot_IX": 0.0,
  "p_cnot_IY": 0.0004965226592319329,
  "p_cnot_IZ": 0.0,
  "p_cnot_XI": 0.00098332703298442,
  "p_cnot_XX": 0.00032610515908856983,
  "p_cnot_XY": 0.0,
  "p_cnot_XZ": 0.0009981418972259232,
  "p_cnot_YI": 0.0005551174160126689,
  "p_cnot_YX": 0.001678096165908009,
  "p_cnot_YY": 0.0,
  "p_cnot_YZ": 0.000571063217599591,
  "p_cnot_ZI": 0.0,
  "p_cnot_ZX": 0.00036658318924750414,
  "p_cnot_ZY": 5.0958056030025253e-05,
  "p_cnot_ZZ": 0.0,
  "p_idle_cnot_X": 0.0,
  "p_idle_cnot_Y": 0.0,
  "p_idle_cnot_Z": 0.0,
  "p_idle_spam_X": 0.0005375348005129854,
  "p_idle_spam_Y": 0.0013391367890754472,
  "p_idle_spam_Z": 0.0,
  "p_meas_X": 0.008552774777082408,
  "p_meas_Z": 0.008552774777082408,
  "p_prep_X": 0.0010620367267644257,
  "p_prep_Z": 0.0010620367267644257
}