{
  "p_cnot_IX": 0.0010567473645791648,
  "p_cnot_IY": 8.283972067359751e-05,
  "p_cnot_IZ": 3.6448911927602124e-05,
  "p_cnot_XI": 0.00034574642166303345,
  "p_cnot_XX": 0.0,
  "p_cnot_XY": 0.000151052429680925,
  "p_cnot_XZ": 0.00035125056107462155,
  "p_cnot_YI": 0.000824214780951467,
  "p_cnot_YX": 0.0,
  "p_cnot_YY": 0.0007083532030968877,
  "p_cnot_YZ": 0.0008268193118874931,
  "p_cnot_ZI": 0.0,
  "p_cnot_ZX": 0.0006299246552880238,
  "p_cnot_ZY": 0.0005702662184884449,
  "p_cnot_ZZ": 4.668116392320631e-06,
  "p_idle_cnot_X": 2.1563466027219287e-05,
  "p_idle_cnot_Y": 0.0,
  "p_idle_cnot_Z": 0.0,
  "p_idle_spam_X": 0.0010222918653479344,
  "p_idle_spam_Y": 0.0018268544724803347,
  "p_idle_spam_Z": 0.0,
  "p_meas_X": 0.006447557739683781,
  "p_meas_Z": 0.006447557739683781,
  "p_prep_X": 0.00047759459293792247,
  "p_prep_Z": 0.00047759459293792247
}