{
  "p_cnot_IX": 0.001834263655688382,
  "p_cnot_IY": 0.0,
  "p_cnot_IZ": 0.0,
  "p_cnot_XI": 6.962838970332854e-05,
  "p_cnot_XX": 0.0007684106291584698,
  "p_cnot_XY": 0.0,
  "p_cnot_XZ": 0.000106672109225689,
  "p_cnot_YI": 0.0010417545947796409,
  "p_cnot_YX": 0.0008666147484528031,
  "p_cnot_YY": 2.861521345853306e-05,
  "p_cnot_YZ": 0.0010500930361545928,
  "p_cnot_ZI": 9.094265105189681e-05,
  "p_cnot_ZX": 0.0014275316811317002,
  "p_cnot_ZY": 0.0,
  "p_cnot_ZZ": 0.0,
  "p_idle_cnot_X": 0.0,
  "p_idle_cnot_Y": 0.0,
  "p_idle_cnot_Z": 0.0,
  "p_idle_spam_X": 0.0,
  "p_idle_spam_Y": 0.0017925594861101883,
  "p_idle_spam_Z": 0.0,
  "p_meas_X": 0.0033940573000786627,
  "p_meas_Z": 0.0033940573000786627,
  "p_prep_X": 0.0010065613507758307,
  "p_prep_Z": 0.0010065613507758307
}