{
  "p_cnot_IX": 0.0004439644828138619,
  "p_cnot_IY": 0.0,
  "p_cnot_IZ": 1.0632861829717976e-06,
  "p_cnot_XI": 0.00046150367409345596,
  "p_cnot_XX": 0.0,
  "p_cnot_XY": 0.0016475192911337402,
  "p_cnot_XZ": 0.00044919723542820214,
  "p_cnot_YI": 0.0003751835088890092,
  "p_cnot_YX": 0.0,
  "p_cnot_YY": 0.0,
  "p_cnot_YZ": 0.0003692373741395538,
  "p_cnot_ZI": 0.0009707893290659614,
  "p_cnot_ZX": 0.0,
  "p_cnot_ZY": 0.0,
  "p_cnot_ZZ": 0.0,
  "p_idle_cnot_X": 0.0006695271726361838,
  "p_idle_cnot_Y": 0.0004325913692984517,
  "p_idle_cnot_Z": 0.0,
  "p_idle_spam_X": 0.00022685126264099486,
  "p_idle_spam_Y": 0.0013086324053999663,
  "p_idle_spam_Z": 0.0,
  "p_meas_X": 0.00492241919166663,
  "p_meas_Z": 0.00492241919166663,
  "p_prep_X": 0.0,
  "p_prep_Z": 0.0
}