{
  "p_cnot_IX": 0.001557948111737724,
  "p_cnot_IY": 0.0001868271659292401,
  "p_cnot_IZ": 0.0,
  "p_cnot_XI": 0.0006994702870086711,
  "p_cnot_XX": 0.00017255702805163707,
  "p_cnot_XY": 0.0,
  "p_cnot_XZ": 0.0006992572838558692,
  "p_cnot_YI": 0.0008861959061163213,
  "p_cnot_YX": 0.0014188863134967475,
  "p_cnot_YY": 0.0,
  "p_cnot_YZ": 0.0008848741538788271,
  "p_cnot_ZI": 0.0,
  "p_cnot_ZX": 0.0003205214692131625,
  "p_cnot_ZY": 0.00015531306334809765,
  "p_cnot_ZZ": 0.0,
  "p_idle_cnot_X": 0.0,
  "p_idle_cnot_Y": 0.0,
  "p_idle_cnot_Z": 0.0,
  "p_idle_spam_X": 0.00029929033408876806,
  "p_idle_spam_Y": 0.001134891404415793,
  "p_idle_spam_Z": 0.0,
  "p_meas_X": 0.005623623268868509,
  "p_meas_Z": 0.005623623268868509,
  "p_prep_X": 0.0,
  "p_prep_Z": 0.0
}