distance,basis,orientation,rounds,decoder,model,shots,n_errors,ler,ler_per_cycle,decode_seconds,note
3,Z,q10_7,1,bplsd,-,20000,61,0.00305,0.003049999999999997,0.10282438900321722,
3,Z,q10_7,10,bplsd,-,20000,1354,0.0677,0.007221753915630069,4.329972045030445,
3,Z,q10_7,13,bplsd,-,20000,1686,0.0843,0.0070515057684111815,6.7683969519566745,
3,Z,q10_7,30,bplsd,-,20000,3896,0.1948,0.008160027163553019,25.894411759916693,
