distance,basis,orientation,rounds,decoder,model,shots,n_errors,ler,ler_per_cycle,decode_seconds,note
5,X,q6_9,1,bplsd,-,20000,20,0.001,0.0010000000000000009,0.17760072508826852,
5,X,q6_9,10,bplsd,-,20000,1022,0.0511,0.005361445381253549,41.00996103207581,
5,X,q6_9,13,bplsd,-,20000,1345,0.06725,0.005524936956507631,63.11691310699098,
5,X,q6_9,30,bplsd,-,20000,3250,0.1625,0.006507984792544219,200.09788589715026,
