distance,basis,orientation,rounds,decoder,model,shots,n_errors,ler,ler_per_cycle,decode_seconds,note
3,X,q8_5,1,bplsd,-,20000,71,0.00355,0.0035499999999999976,0.1037948988378048,
3,X,q8_5,10,bplsd,-,20000,1455,0.07275,0.007800451434515576,4.28154280106537,
3,X,q8_5,13,bplsd,-,20000,1821,0.09105,0.007671886886258361,6.717859993921593,
3,X,q8_5,30,bplsd,-,20000,4342,0.2171,0.009402381402280113,29.196240850025788,
