distance,basis,orientation,rounds,decoder,model,shots,n_errors,ler,ler_per_cycle,decode_seconds,note
3,X,q4_5,1,bplsd,-,20000,42,0.0021,0.0020999999999999908,0.10281129204668105,
3,X,q4_5,10,bplsd,-,20000,1817,0.09085,0.009926454706662813,4.692245854064822,
3,X,q4_5,13,bplsd,-,20000,2329,0.11645,0.010094331481549756,7.465526158921421,
3,X,q4_5,30,bplsd,-,20000,4233,0.21165,0.009090236844692179,28.087124060839415,
