distance,basis,orientation,rounds,decoder,model,shots,n_errors,ler,ler_per_cycle,decode_seconds,note
5,X,q6_5,1,bplsd,-,20000,24,0.0012,0.0011999999999999789,0.17779722716659307,
5,X,q6_5,10,bplsd,-,20000,966,0.0483,0.005053778691144817,40.27843222091906,
5,X,q6_5,13,bplsd,-,20000,1253,0.06265,0.00512259031869744,58.56553235184401,
5,X,q6_5,30,bplsd,-,20000,2893,0.14465,0.0056594745682088665,184.47913326206617,
