distance,basis,orientation,rounds,decoder,model,shots,n_errors,ler,ler_per_cycle,decode_seconds,note
3,Z,q6_11,1,ising,fast,20000,0,nan,nan,0.0,skipped: rounds<2
3,Z,q6_11,10,ising,fast,20000,2337,0.11685,0.013133506753400803,10.800929877907038,"R=9,rot=XV"
3,Z,q6_11,13,ising,fast,20000,2821,0.14105,0.012585998348905503,13.979701787931845,"R=9,rot=XV"
3,Z,q6_11,30,ising,fast,20000,4593,0.22965,0.010143866772602927,33.144329176982865,"R=9,rot=XV"
