{
  "p_cnot_IX": 0.00028688874422690185,
  "p_cnot_IY": 0.00023722580487420085,
  "p_cnot_IZ": 0.0002452054557707541,
  "p_cnot_XI": 0.00035512693764407777,
  "p_cnot_XX": 0.00017308378555501124,
  "p_cnot_XY": 0.000586774864715336,
  "p_cnot_XZ": 0.00035353886942220705,
  "p_cnot_YI": 0.0007478181108129671,
  "p_cnot_YX": 2.1579008839972107e-06,
  "p_cnot_YY": 0.00022831506364076333,
  "p_cnot_YZ": 0.0007457209678739431,
  "p_cnot_ZI": 0.0006067150305972246,
  "p_cnot_ZX": 3.69699531563117e-05,
  "p_cnot_ZY": 4.238470256049886e-05,
  "p_cnot_ZZ": 0.000656820583692907,
  "p_idle_cnot_X": 0.0004755667961505789,
  "p_idle_cnot_Y": 0.00043799214521931547,
  "p_idle_cnot_Z": 4.531320780826116e-05,
  "p_idle_spam_X": 0.0014785635120204527,
  "p_idle_spam_Y": 0.0017307028298817135,
  "p_idle_spam_Z": 0.0013813442011035395,
  "p_meas_X": 0.0016358215254636324,
  "p_meas_Z": 0.0016358215254636324,
  "p_prep_X": 0.0015604124014858736,
  "p_prep_Z": 0.0015604124014858736
}