{
  "p_cnot_IX": 0.0006644989171780199,
  "p_cnot_IY": 0.0,
  "p_cnot_IZ": 0.0,
  "p_cnot_XI": 5.59658589484145e-05,
  "p_cnot_XX": 0.0,
  "p_cnot_XY": 0.0,
  "p_cnot_XZ": 5.416915760015244e-05,
  "p_cnot_YI": 0.00032962077118953994,
  "p_cnot_YX": 0.0,
  "p_cnot_YY": 0.0006841587666542983,
  "p_cnot_YZ": 0.0003215302463667255,
  "p_cnot_ZI": 0.00045983733094728915,
  "p_cnot_ZX": 0.0,
  "p_cnot_ZY": 0.0,
  "p_cnot_ZZ": 0.0,
  "p_idle_cnot_X": 0.0005386071687043641,
  "p_idle_cnot_Y": 0.0004648020871004514,
  "p_idle_cnot_Z": 0.0,
  "p_idle_spam_X": 0.0016829950290604958,
  "p_idle_spam_Y": 0.0020115638090449648,
  "p_idle_spam_Z": 0.0,
  "p_meas_X": 0.004337128181508503,
  "p_meas_Z": 0.004337128181508503,
  "p_prep_X": 0.0,
  "p_prep_Z": 0.0
}