{
  "p_cnot_IX": 6.540850887654978e-06,
  "p_cnot_IY": 0.00032593864227558055,
  "p_cnot_IZ": 5.574430548481465e-06,
  "p_cnot_XI": 0.0005035659801224082,
  "p_cnot_XX": 0.0008487281594086627,
  "p_cnot_XY": 0.0,
  "p_cnot_XZ": 0.0004937473020551049,
  "p_cnot_YI": 0.0,
  "p_cnot_YX": 0.000438493146482299,
  "p_cnot_YY": 0.00016247365032603803,
  "p_cnot_YZ": 0.0,
  "p_cnot_ZI": 0.0006337344159383095,
  "p_cnot_ZX": 0.0,
  "p_cnot_ZY": 7.52892398028998e-05,
  "p_cnot_ZZ": 0.0001414720740286632,
  "p_idle_cnot_X": 8.501710516940114e-05,
  "p_idle_cnot_Y": 0.00032233964241609134,
  "p_idle_cnot_Z": 0.0,
  "p_idle_spam_X": 0.001507154412950286,
  "p_idle_spam_Y": 0.002068025028614733,
  "p_idle_spam_Z": 0.0,
  "p_meas_X": 0.0044899865799496366,
  "p_meas_Z": 0.0044899865799496366,
  "p_prep_X": 0.002200492672938191,
  "p_prep_Z": 0.002200492672938191
}