{
  "p_cnot_IX": 0.0,
  "p_cnot_IY": 0.0,
  "p_cnot_IZ": 0.0,
  "p_cnot_XI": 0.0,
  "p_cnot_XX": 0.0,
  "p_cnot_XY": 0.0012612145175406786,
  "p_cnot_XZ": 0.0,
  "p_cnot_YI": 0.0,
  "p_cnot_YX": 0.0,
  "p_cnot_YY": 0.00015207951056556547,
  "p_cnot_YZ": 0.0,
  "p_cnot_ZI": 0.001162503039844228,
  "p_cnot_ZX": 4.0037054710035536e-07,
  "p_cnot_ZY": 0.0,
  "p_cnot_ZZ": 0.00047159077920013625,
  "p_idle_cnot_X": 0.00032619491030968535,
  "p_idle_cnot_Y": 0.00018877834966368292,
  "p_idle_cnot_Z": 0.0,
  "p_idle_spam_X": 0.001520450756961251,
  "p_idle_spam_Y": 0.002163953136441866,
  "p_idle_spam_Z": 0.0005409505413131824,
  "p_meas_X": 0.005050423621657077,
  "p_meas_Z": 0.005050423621657077,
  "p_prep_X": 0.0,
  "p_prep_Z": 0.0
}