{
  "p_cnot_IX": 0.0,
  "p_cnot_IY": 0.0,
  "p_cnot_IZ": 3.680339519968377e-05,
  "p_cnot_XI": 1.9331416599320415e-05,
  "p_cnot_XX": 0.0008976736586011186,
  "p_cnot_XY": 0.0,
  "p_cnot_XZ": 1.945057186378211e-05,
  "p_cnot_YI": 0.00017629835258520317,
  "p_cnot_YX": 2.1353501895584294e-05,
  "p_cnot_YY": 0.0,
  "p_cnot_YZ": 0.00018254097875149773,
  "p_cnot_ZI": 0.00035002286533581783,
  "p_cnot_ZX": 0.0,
  "p_cnot_ZY": 0.0,
  "p_cnot_ZZ": 0.0003852771366526342,
  "p_idle_cnot_X": 0.00016792977109009053,
  "p_idle_cnot_Y": 0.000328990841131502,
  "p_idle_cnot_Z": 1.1754974167854036e-05,
  "p_idle_spam_X": 0.0020306400316993517,
  "p_idle_spam_Y": 0.0012468330889088635,
  "p_idle_spam_Z": 0.0,
  "p_meas_X": 0.007038492546053745,
  "p_meas_Z": 0.007038492546053745,
  "p_prep_X": 0.0,
  "p_prep_Z": 0.0
}