{
  "p_cnot_IX": 0.0,
  "p_cnot_IY": 0.0,
  "p_cnot_IZ": 0.00012374737323580541,
  "p_cnot_XI": 0.0,
  "p_cnot_XX": 0.00020985585904478502,
  "p_cnot_XY": 2.0345054105839417e-06,
  "p_cnot_XZ": 0.0,
  "p_cnot_YI": 0.0005714702510710185,
  "p_cnot_YX": 0.0,
  "p_cnot_YY": 0.0,
  "p_cnot_YZ": 0.000679169747203318,
  "p_cnot_ZI": 0.00034804285212798386,
  "p_cnot_ZX": 0.0,
  "p_cnot_ZY": 0.0,
  "p_cnot_ZZ": 0.000564084459213174,
  "p_idle_cnot_X": 0.0015578009670447817,
  "p_idle_cnot_Y": 0.0,
  "p_idle_cnot_Z": 0.0,
  "p_idle_spam_X": 0.00013794712621236903,
  "p_idle_spam_Y": 0.0022737082524850495,
  "p_idle_spam_Z": 0.0,
  "p_meas_X": 0.003362766177127193,
  "p_meas_Z": 0.003362766177127193,
  "p_prep_X": 0.0,
  "p_prep_Z": 0.0
}