{
  "p_cnot_IX": 0.0021973212851810653,
  "p_cnot_IY": 0.0017038130970812835,
  "p_cnot_IZ": 0.0,
  "p_cnot_XI": 0.0,
  "p_cnot_XX": 0.0,
  "p_cnot_XY": 0.0005761322778838282,
  "p_cnot_XZ": 0.0,
  "p_cnot_YI": 0.0,
  "p_cnot_YX": 0.0,
  "p_cnot_YY": 0.0,
  "p_cnot_YZ": 0.0,
  "p_cnot_ZI": 0.0009975325570119465,
  "p_cnot_ZX": 0.0,
  "p_cnot_ZY": 0.0,
  "p_cnot_ZZ": 0.0,
  "p_idle_cnot_X": 8.851663420162607e-05,
  "p_idle_cnot_Y": 0.0008413283255689905,
  "p_idle_cnot_Z": 0.0,
  "p_idle_spam_X": 0.0,
  "p_idle_spam_Y": 0.0004932960140204401,
  "p_idle_spam_Z": 0.0,
  "p_meas_X": 0.0019415226840437832,
  "p_meas_Z": 0.0019415226840437832,
  "p_prep_X": 0.005580214811882033,
  "p_prep_Z": 0.005580214811882033
}