{
  "p_cnot_IX": 0.0017017344395963132,
  "p_cnot_IY": 0.0,
  "p_cnot_IZ": 0.0,
  "p_cnot_XI": 5.447283435882949e-05,
  "p_cnot_XX": 0.0,
  "p_cnot_XY": 0.002348252797220861,
  "p_cnot_XZ": 1.6441240783590168e-06,
  "p_cnot_YI": 0.00026291734422244427,
  "p_cnot_YX": 0.0,
  "p_cnot_YY": 0.00026852692095996963,
  "p_cnot_YZ": 0.0002166081139059168,
  "p_cnot_ZI": 0.0023601153555534425,
  "p_cnot_ZX": 0.0,
  "p_cnot_ZY": 0.0,
  "p_cnot_ZZ": 0.0,
  "p_idle_cnot_X": 0.0,
  "p_idle_cnot_Y": 0.0003928195346986078,
  "p_idle_cnot_Z": 0.0,
  "p_idle_spam_X": 0.0,
  "p_idle_spam_Y": 0.0009958564123610303,
  "p_idle_spam_Z": 0.0,
  "p_meas_X": 0.0007631988928941498,
  "p_meas_Z": 0.0007631988928941498,
  "p_prep_X": 0.002782852925225279,
  "p_prep_Z": 0.002782852925225279
}