{
  "p_cnot_IX": 0.0013161496757182671,
  "p_cnot_IY": 5.938645293431459e-06,
  "p_cnot_IZ": 0.0,
  "p_cnot_XI": 1.2271065106520334e-06,
  "p_cnot_XX": 0.0008372950221303023,
  "p_cnot_XY": 0.0005940981594475357,
  "p_cnot_XZ": 7.605544453026434e-07,
  "p_cnot_YI": 0.000832202335274661,
  "p_cnot_YX": 0.0005776273371694111,
  "p_cnot_YY": 0.00033348419281222484,
  "p_cnot_YZ": 0.000836180165857323,
  "p_cnot_ZI": 0.0012387613523681489,
  "p_cnot_ZX": 0.0010653505217994015,
  "p_cnot_ZY": 6.204345892956626e-06,
  "p_cnot_ZZ": 1.856042675325784e-05,
  "p_idle_cnot_X": 0.0,
  "p_idle_cnot_Y": 0.00015073731282991268,
  "p_idle_cnot_Z": 0.0,
  "p_idle_spam_X": 0.00033105384063237224,
  "p_idle_spam_Y": 0.0008772411493267218,
  "p_idle_spam_Z": 0.0,
  "p_meas_X": 0.0013394922529159337,
  "p_meas_Z": 0.0013394922529159337,
  "p_prep_X": 0.0008908487582849248,
  "p_prep_Z": 0.0008908487582849248
}