{
  "p_cnot_IX": 0.0008309376140454806,
  "p_cnot_IY": 0.00037302940543002883,
  "p_cnot_IZ": 0.0,
  "p_cnot_XI": 0.00010356938913288712,
  "p_cnot_XX": 0.00031643072909777806,
  "p_cnot_XY": 0.0005851670221720175,
  "p_cnot_XZ": 0.00010369989296245468,
  "p_cnot_YI": 0.0006213722967305777,
  "p_cnot_YX": 3.456816131655015e-05,
  "p_cnot_YY": 0.0002992291887332402,
  "p_cnot_YZ": 0.0006211842194355067,
  "p_cnot_ZI": 0.0009034155050254252,
  "p_cnot_ZX": 0.0004919941013677844,
  "p_cnot_ZY": 3.6923396571649826e-05,
  "p_cnot_ZZ": 0.00021982359539050075,
  "p_idle_cnot_X": 5.208794625524378e-06,
  "p_idle_cnot_Y": 0.0001069284473383984,
  "p_idle_cnot_Z": 0.00016976375040981642,
  "p_idle_spam_X": 0.0013616277339017363,
  "p_idle_spam_Y": 0.0014045439008549844,
  "p_idle_spam_Z": 0.00041977083866148973,
  "p_meas_X": 0.001885341475601448,
  "p_meas_Z": 0.001885341475601448,
  "p_prep_X": 0.0014525650007363388,
  "p_prep_Z": 0.0014525650007363388
}