{
  "p_cnot_IX": 0.00039023864916095443,
  "p_cnot_IY": 0.0,
  "p_cnot_IZ": 8.774418539316487e-06,
  "p_cnot_XI": 0.00032193449530530394,
  "p_cnot_XX": 0.0,
  "p_cnot_XY": 0.0017502513209683278,
  "p_cnot_XZ": 0.00031592617426853104,
  "p_cnot_YI": 0.0004150355719483479,
  "p_cnot_YX": 0.0,
  "p_cnot_YY": 0.0,
  "p_cnot_YZ": 0.0003792038630245243,
  "p_cnot_ZI": 0.0008856995570185548,
  "p_cnot_ZX": 0.0,
  "p_cnot_ZY": 0.0,
  "p_cnot_ZZ": 8.826461832419682e-06,
  "p_idle_cnot_X": 0.0007716172597121764,
  "p_idle_cnot_Y": 0.000370640175297501,
  "p_idle_cnot_Z": 0.0,
  "p_idle_spam_X": 0.00011959364214707325,
  "p_idle_spam_Y": 0.0013611102716022756,
  "p_idle_spam_Z": 0.0,
  "p_meas_X": 0.004837531758256439,
  "p_meas_Z": 0.004837531758256439,
  "p_prep_X": 0.0005384125879290051,
  "p_prep_Z": 0.0005384125879290051
}