{
  "p_cnot_IX": 4.681565424596372e-06,
  "p_cnot_IY": 0.00034253459175629546,
  "p_cnot_IZ": 0.0,
  "p_cnot_XI": 0.0009635663674543821,
  "p_cnot_XX": 0.00038328542096120277,
  "p_cnot_XY": 0.0,
  "p_cnot_XZ": 0.0009782165161117845,
  "p_cnot_YI": 0.00056133010589052,
  "p_cnot_YX": 0.0016734320119954486,
  "p_cnot_YY": 0.0,
  "p_cnot_YZ": 0.000560239987107749,
  "p_cnot_ZI": 0.0,
  "p_cnot_ZX": 0.00026885991015268606,
  "p_cnot_ZY": 0.00021528001567956223,
  "p_cnot_ZZ": 0.0,
  "p_idle_cnot_X": 0.0,
  "p_idle_cnot_Y": 0.0,
  "p_idle_cnot_Z": 0.0,
  "p_idle_spam_X": 0.0005630301071705727,
  "p_idle_spam_Y": 0.0013209047316804325,
  "p_idle_spam_Z": 0.0,
  "p_meas_X": 0.00866008805843602,
  "p_meas_Z": 0.00866008805843602,
  "p_prep_X": 0.0010369115392517487,
  "p_prep_Z": 0.0010369115392517487
}