{
  "p_cnot_IX": 0.0014552966798569568,
  "p_cnot_IY": 1.0027236565708355e-05,
  "p_cnot_IZ": 0.0,
  "p_cnot_XI": 0.0007437023352875339,
  "p_cnot_XX": 0.0005346321562254388,
  "p_cnot_XY": 2.7147877934075647e-05,
  "p_cnot_XZ": 0.0007447598252622049,
  "p_cnot_YI": 0.0009144641729868112,
  "p_cnot_YX": 0.0007707908718573666,
  "p_cnot_YY": 0.0002712869247804666,
  "p_cnot_YZ": 0.0009161481843453969,
  "p_cnot_ZI": 0.0,
  "p_cnot_ZX": 0.00036240008643947713,
  "p_cnot_ZY": 0.00030616918185065207,
  "p_cnot_ZZ": 0.0,
  "p_idle_cnot_X": 0.0,
  "p_idle_cnot_Y": 0.0,
  "p_idle_cnot_Z": 0.0,
  "p_idle_spam_X": 0.00019704870843418953,
  "p_idle_spam_Y": 0.0010842416501789646,
  "p_idle_spam_Z": 0.0,
  "p_meas_X": 0.004442433534975248,
  "p_meas_Z": 0.004442433534975248,
  "p_prep_X": 0.0015459052439942167,
  "p_prep_Z": 0.0015459052439942167
}