{
  "p_cnot_IX": 0.0016082132232588492,
  "p_cnot_IY": 0.0,
  "p_cnot_IZ": 0.0,
  "p_cnot_XI": 9.472848567411965e-05,
  "p_cnot_XX": 0.0,
  "p_cnot_XY": 0.002018818961644066,
  "p_cnot_XZ": 8.632129568592203e-05,
  "p_cnot_YI": 0.00044624026693240655,
  "p_cnot_YX": 0.0,
  "p_cnot_YY": 0.00045132537504527704,
  "p_cnot_YZ": 0.00042717336031480554,
  "p_cnot_ZI": 0.0019870809297192946,
  "p_cnot_ZX": 8.332016111979137e-05,
  "p_cnot_ZY": 0.0,
  "p_cnot_ZZ": 0.0,
  "p_idle_cnot_X": 3.3020253005891085e-05,
  "p_idle_cnot_Y": 0.00030163038634455487,
  "p_idle_cnot_Z": 0.0,
  "p_idle_spam_X": 0.0,
  "p_idle_spam_Y": 0.0010198488070717368,
  "p_idle_spam_Z": 0.00010508935266267738,
  "p_meas_X": 0.0022774612796942002,
  "p_meas_Z": 0.0022774612796942002,
  "p_prep_X": 0.002005855846878628,
  "p_prep_Z": 0.002005855846878628
}