{
  "p_cnot_IX": 0.0004817437770855134,
  "p_cnot_IY": 1.2115173749771239e-05,
  "p_cnot_IZ": 0.00014500359101895916,
  "p_cnot_XI": 0.0005678820866214452,
  "p_cnot_XX": 2.1034354075463314e-05,
  "p_cnot_XY": 0.001088115606509928,
  "p_cnot_XZ": 0.0005639072391022231,
  "p_cnot_YI": 0.0008743317504092289,
  "p_cnot_YX": 0.0,
  "p_cnot_YY": 0.00018276314938365032,
  "p_cnot_YZ": 0.0008674169044641404,
  "p_cnot_ZI": 0.0008283017111631652,
  "p_cnot_ZX": 0.0,
  "p_cnot_ZY": 0.0,
  "p_cnot_ZZ": 0.0003669471032189681,
  "p_idle_cnot_X": 0.00041676180088857294,
  "p_idle_cnot_Y": 0.0002498576794709571,
  "p_idle_cnot_Z": 0.00014459933842977019,
  "p_idle_spam_X": 0.001554916175568224,
  "p_idle_spam_Y": 0.0019725424187550956,
  "p_idle_spam_Z": 0.0013147848417527721,
  "p_meas_X": 0.0019631719324948124,
  "p_meas_Z": 0.0019631719324948124,
  "p_prep_X": 0.001756377792282871,
  "p_prep_Z": 0.001756377792282871
}