{
  "p_cnot_IX": 0.0021936917154435987,
  "p_cnot_IY": 0.0017341931435584386,
  "p_cnot_IZ": 0.0,
  "p_cnot_XI": 0.0,
  "p_cnot_XX": 0.0,
  "p_cnot_XY": 0.0005645342558020762,
  "p_cnot_XZ": 0.0,
  "p_cnot_YI": 0.0,
  "p_cnot_YX": 0.0,
  "p_cnot_YY": 0.0,
  "p_cnot_YZ": 0.0,
  "p_cnot_ZI": 0.0009741442949764858,
  "p_cnot_ZX": 0.0,
  "p_cnot_ZY": 0.0,
  "p_cnot_ZZ": 0.0,
  "p_idle_cnot_X": 0.00010354932005850766,
  "p_idle_cnot_Y": 0.0008273640931456284,
  "p_idle_cnot_Z": 0.0,
  "p_idle_spam_X": 0.0,
  "p_idle_spam_Y": 0.0004993434720353986,
  "p_idle_spam_Z": 0.0,
  "p_meas_X": 0.0018158341199401473,
  "p_meas_Z": 0.0018158341199401473,
  "p_prep_X": 0.005796940234842757,
  "p_prep_Z": 0.005796940234842757
}