{
  "p_cnot_IX": 0.0,
  "p_cnot_IY": 2.3292983278531127e-05,
  "p_cnot_IZ": 2.400050535684981e-06,
  "p_cnot_XI": 0.0,
  "p_cnot_XX": 0.00017979210310677837,
  "p_cnot_XY": 1.4818568145366163e-05,
  "p_cnot_XZ": 0.0,
  "p_cnot_YI": 0.0007471003937429988,
  "p_cnot_YX": 0.0,
  "p_cnot_YY": 0.0,
  "p_cnot_YZ": 0.0008011428375689296,
  "p_cnot_ZI": 0.00044537431776727274,
  "p_cnot_ZX": 0.0,
  "p_cnot_ZY": 0.0,
  "p_cnot_ZZ": 0.00028186521604522475,
  "p_idle_cnot_X": 0.001598276503939677,
  "p_idle_cnot_Y": 0.0,
  "p_idle_cnot_Z": 0.0,
  "p_idle_spam_X": 4.98626178290463e-05,
  "p_idle_spam_Y": 0.0023221919790120597,
  "p_idle_spam_Z": 0.0,
  "p_meas_X": 0.0030258630884551145,
  "p_meas_Z": 0.0030258630884551145,
  "p_prep_X": 0.0,
  "p_prep_Z": 0.0
}