{
  "p_cnot_IX": 0.0,
  "p_cnot_IY": 0.0,
  "p_cnot_IZ": 0.0,
  "p_cnot_XI": 0.0,
  "p_cnot_XX": 0.0,
  "p_cnot_XY": 0.0012754173621658312,
  "p_cnot_XZ": 0.0,
  "p_cnot_YI": 0.0,
  "p_cnot_YX": 0.0,
  "p_cnot_YY": 0.0001235095076879362,
  "p_cnot_YZ": 0.0,
  "p_cnot_ZI": 0.0012166941134599811,
  "p_cnot_ZX": 0.0,
  "p_cnot_ZY": 0.0,
  "p_cnot_ZZ": 0.00044176376880584615,
  "p_idle_cnot_X": 0.0003131009072931912,
  "p_idle_cnot_Y": 0.00020607028213043757,
  "p_idle_cnot_Z": 0.0,
  "p_idle_spam_X": 0.0014902310626192202,
  "p_idle_spam_Y": 0.00216011703533539,
  "p_idle_spam_Z": 0.0005485088203230337,
  "p_meas_X": 0.004937057196220416,
  "p_meas_Z": 0.004937057196220416,
  "p_prep_X": 0.0,
  "p_prep_Z": 0.0
}