{
  "p_cnot_IX": 0.0007206490054657415,
  "p_cnot_IY": 0.0,
  "p_cnot_IZ": 0.0,
  "p_cnot_XI": 5.9653491301543386e-05,
  "p_cnot_XX": 0.0,
  "p_cnot_XY": 0.0,
  "p_cnot_XZ": 3.3991262660193136e-05,
  "p_cnot_YI": 0.0003173013317012549,
  "p_cnot_YX": 0.0,
  "p_cnot_YY": 0.0007102192173827791,
  "p_cnot_YZ": 0.0003126996397928295,
  "p_cnot_ZI": 0.0004683508138014135,
  "p_cnot_ZX": 0.0,
  "p_cnot_ZY": 0.0,
  "p_cnot_ZZ": 0.0,
  "p_idle_cnot_X": 0.0005088539486037101,
  "p_idle_cnot_Y": 0.0004676540750089792,
  "p_idle_cnot_Z": 0.0,
  "p_idle_spam_X": 0.0017119026791359813,
  "p_idle_spam_Y": 0.002008919422344775,
  "p_idle_spam_Z": 0.0,
  "p_meas_X": 0.0043309535192968636,
  "p_meas_Z": 0.0043309535192968636,
  "p_prep_X": 0.0,
  "p_prep_Z": 0.0
}