{
  "p_cnot_IX": 6.887900644319361e-06,
  "p_cnot_IY": 0.0003266648569386452,
  "p_cnot_IZ": 2.6281726341307522e-05,
  "p_cnot_XI": 0.0003194708458674739,
  "p_cnot_XX": 0.0007557279354432221,
  "p_cnot_XY": 0.0,
  "p_cnot_XZ": 0.00031901632690771133,
  "p_cnot_YI": 5.8901591901295905e-05,
  "p_cnot_YX": 0.0005740990921954926,
  "p_cnot_YY": 0.0002670958644472996,
  "p_cnot_YZ": 6.33994549914121e-05,
  "p_cnot_ZI": 0.0006141403114135002,
  "p_cnot_ZX": 0.0,
  "p_cnot_ZY": 4.136372142644343e-05,
  "p_cnot_ZZ": 0.00011149831995103643,
  "p_idle_cnot_X": 0.0001437319316318422,
  "p_idle_cnot_Y": 0.0002713747877082907,
  "p_idle_cnot_Z": 0.0,
  "p_idle_spam_X": 0.0014287932537010535,
  "p_idle_spam_Y": 0.0020833238999150424,
  "p_idle_spam_Z": 0.0,
  "p_meas_X": 0.004676308748448127,
  "p_meas_Z": 0.004676308748448127,
  "p_prep_X": 0.002315286227104011,
  "p_prep_Z": 0.002315286227104011
}