{
  "p_cnot_IX": 0.00021649409103008502,
  "p_cnot_IY": 0.0,
  "p_cnot_IZ": 0.0,
  "p_cnot_XI": 0.0,
  "p_cnot_XX": 0.0006248930772922171,
  "p_cnot_XY": 0.0,
  "p_cnot_XZ": 0.0,
  "p_cnot_YI": 0.00032174357810484496,
  "p_cnot_YX": 0.0,
  "p_cnot_YY": 0.0,
  "p_cnot_YZ": 0.0003267022570909356,
  "p_cnot_ZI": 0.0009440999462890136,
  "p_cnot_ZX": 0.0,
  "p_cnot_ZY": 0.0,
  "p_cnot_ZZ": 0.0,
  "p_idle_cnot_X": 4.8405529727003705e-05,
  "p_idle_cnot_Y": 0.00046846435643419984,
  "p_idle_cnot_Z": 0.00025704632463153073,
  "p_idle_spam_X": 0.0020074337269191237,
  "p_idle_spam_Y": 0.0010835078738381538,
  "p_idle_spam_Z": 0.0,
  "p_meas_X": 0.002301987860794839,
  "p_meas_Z": 0.002301987860794839,
  "p_prep_X": 0.0013347557638273332,
  "p_prep_Z": 0.0013347557638273332
}