{
  "p_cnot_IX": 1.0534323676550729e-05,
  "p_cnot_IY": 0.0002849683991237423,
  "p_cnot_IZ": 0.0,
  "p_cnot_XI": 0.0009800084827846314,
  "p_cnot_XX": 0.00035224375780512174,
  "p_cnot_XY": 0.0,
  "p_cnot_XZ": 0.0009927718470635167,
  "p_cnot_YI": 0.000551805481740873,
  "p_cnot_YX": 0.0016732561474374636,
  "p_cnot_YY": 0.0,
  "p_cnot_YZ": 0.0005584669110997194,
  "p_cnot_ZI": 0.0,
  "p_cnot_ZX": 0.00029414198699676545,
  "p_cnot_ZY": 0.00027802858118450264,
  "p_cnot_ZZ": 0.0,
  "p_idle_cnot_X": 0.0,
  "p_idle_cnot_Y": 0.0,
  "p_idle_cnot_Z": 0.0,
  "p_idle_spam_X": 0.0005514596007355849,
  "p_idle_spam_Y": 0.0013293938040058956,
  "p_idle_spam_Z": 0.0,
  "p_meas_X": 0.008681836684091507,
  "p_meas_Z": 0.008681836684091507,
  "p_prep_X": 0.0010165787583512203,
  "p_prep_Z": 0.0010165787583512203
}