{
  "p_cnot_IX": 0.0009863338931961193,
  "p_cnot_IY": 0.0,
  "p_cnot_IZ": 0.0,
  "p_cnot_XI": 0.0004075965805445803,
  "p_cnot_XX": 0.0,
  "p_cnot_XY": 0.0015182603391237592,
  "p_cnot_XZ": 0.00040322858251435283,
  "p_cnot_YI": 0.0003565189918967147,
  "p_cnot_YX": 0.0,
  "p_cnot_YY": 0.0,
  "p_cnot_YZ": 0.00034749046490362167,
  "p_cnot_ZI": 0.0011265822280384444,
  "p_cnot_ZX": 0.0,
  "p_cnot_ZY": 0.0,
  "p_cnot_ZZ": 0.0,
  "p_idle_cnot_X": 0.0006371290582962312,
  "p_idle_cnot_Y": 0.0005287065782884403,
  "p_idle_cnot_Z": 0.0,
  "p_idle_spam_X": 8.439251992417084e-06,
  "p_idle_spam_Y": 0.001206228087071771,
  "p_idle_spam_Z": 0.0,
  "p_meas_X": 0.0024910902925046165,
  "p_meas_Z": 0.0024910902925046165,
  "p_prep_X": 0.0011460343434540532,
  "p_prep_Z": 0.0011460343434540532
}