{
  "p_cnot_IX": 0.0009514746935894278,
  "p_cnot_IY": 0.0005421534756740858,
  "p_cnot_IZ": 0.0,
  "p_cnot_XI": 0.00038135340302583354,
  "p_cnot_XX": 7.5314579775227076e-06,
  "p_cnot_XY": 0.0007745419142042063,
  "p_cnot_XZ": 0.0003823361054146389,
  "p_cnot_YI": 0.0006948567527816567,
  "p_cnot_YX": 3.399679377061001e-05,
  "p_cnot_YY": 0.0003234991326361918,
  "p_cnot_YZ": 0.0006948751490264516,
  "p_cnot_ZI": 0.0006840459119183742,
  "p_cnot_ZX": 0.00028818042281138017,
  "p_cnot_ZY": 1.4152245231559615e-05,
  "p_cnot_ZZ": 0.0,
  "p_idle_cnot_X": 0.00010549275914977086,
  "p_idle_cnot_Y": 0.00020181154017872733,
  "p_idle_cnot_Z": 0.0,
  "p_idle_spam_X": 0.0009834974323771088,
  "p_idle_spam_Y": 0.0013472623051084213,
  "p_idle_spam_Z": 0.0,
  "p_meas_X": 0.0028108541022050194,
  "p_meas_Z": 0.0028108541022050194,
  "p_prep_X": 0.0013398510244271346,
  "p_prep_Z": 0.0013398510244271346
}