{
  "p_cnot_IX": 0.001729838381438445,
  "p_cnot_IY": 0.0,
  "p_cnot_IZ": 0.0,
  "p_cnot_XI": 0.00012497897591974132,
  "p_cnot_XX": 0.000406916239599586,
  "p_cnot_XY": 0.0,
  "p_cnot_XZ": 0.00011939033987515297,
  "p_cnot_YI": 0.0010940935761579959,
  "p_cnot_YX": 0.0009807179174412242,
  "p_cnot_YY": 0.0,
  "p_cnot_YZ": 0.001094354332364098,
  "p_cnot_ZI": 0.0,
  "p_cnot_ZX": 0.0016724328840703997,
  "p_cnot_ZY": 0.0,
  "p_cnot_ZZ": 0.0,
  "p_idle_cnot_X": 0.0,
  "p_idle_cnot_Y": 0.0,
  "p_idle_cnot_Z": 0.0,
  "p_idle_spam_X": 0.0,
  "p_idle_spam_Y": 0.001896926625852155,
  "p_idle_spam_Z": 0.0,
  "p_meas_X": 0.004575373398055717,
  "p_meas_Z": 0.004575373398055717,
  "p_prep_X": 0.0,
  "p_prep_Z": 0.0
}