{
  "p_cnot_IX": 0.0008855495353565137,
  "p_cnot_IY": 0.00020049092398048883,
  "p_cnot_IZ": 0.0,
  "p_cnot_XI": 0.000435446767728081,
  "p_cnot_XX": 0.0008174935753240823,
  "p_cnot_XY": 0.0006325579552153976,
  "p_cnot_XZ": 0.00043630523789686335,
  "p_cnot_YI": 0.0007962462318929458,
  "p_cnot_YX": 0.0005220235143983435,
  "p_cnot_YY": 0.00033595797826778786,
  "p_cnot_YZ": 0.0007979692266695207,
  "p_cnot_ZI": 0.0008344125553270407,
  "p_cnot_ZX": 0.0005324019513071667,
  "p_cnot_ZY": 0.0,
  "p_cnot_ZZ": 0.0,
  "p_idle_cnot_X": 0.0,
  "p_idle_cnot_Y": 0.0,
  "p_idle_cnot_Z": 1.142657845781995e-05,
  "p_idle_spam_X": 0.0008493209747302439,
  "p_idle_spam_Y": 0.0010541321485574042,
  "p_idle_spam_Z": 0.0,
  "p_meas_X": 0.0014004319443078582,
  "p_meas_Z": 0.0014004319443078582,
  "p_prep_X": 0.0009658976630101937,
  "p_prep_Z": 0.0009658976630101937
}