distance,basis,orientation,rounds,decoder,model,shots,n_errors,ler,ler_per_cycle,decode_seconds,note
3,Z,q2_7,1,bplsd,-,20000,26,0.0013,0.0013000000000000234,0.10260273981839418,
3,Z,q2_7,10,bplsd,-,20000,342,0.0171,0.0017369014456755094,2.1523206650745124,
3,Z,q2_7,13,bplsd,-,20000,492,0.0246,0.0019366835239870706,3.2410869589075446,
3,Z,q2_7,30,bplsd,-,20000,1011,0.05055,0.001773239590588005,11.74979184800759,
