distance,basis,orientation,rounds,decoder,model,shots,n_errors,ler,ler_per_cycle,decode_seconds,note
7,Z,q6_7,1,bplsd,-,20000,1,5e-05,4.999999999999449e-05,0.28133660997264087,
7,Z,q6_7,10,bplsd,-,20000,23,0.00115,0.0001151191986693556,51.30019580712542,
7,Z,q6_7,13,bplsd,-,20000,27,0.00135,0.00010397578654891548,77.96521710813977,
7,Z,q6_7,30,bplsd,-,20000,82,0.0041,0.0001372112517457058,267.44872824591585,
