distance,basis,orientation,rounds,decoder,model,shots,n_errors,ler,ler_per_cycle,decode_seconds,note
5,X,q8_7,1,bplsd,-,20000,2,0.0001,9.999999999998899e-05,0.16789238806813955,
5,X,q8_7,10,bplsd,-,20000,113,0.00565,0.0005678937562290653,14.995194371789694,
5,X,q8_7,13,bplsd,-,20000,154,0.0077,0.0005965596662382278,23.178338669007644,
5,X,q8_7,30,bplsd,-,20000,397,0.01985,0.0006747034209934055,89.45177438785322,
