distance,basis,orientation,rounds,decoder,model,shots,n_errors,ler,ler_per_cycle,decode_seconds,note
5,Z,q6_9,1,bplsd,-,20000,5,0.00025,0.00024999999999997247,0.17117889411747456,
5,Z,q6_9,10,bplsd,-,20000,137,0.00685,0.000689260034657857,15.386013149050996,
5,Z,q6_9,13,bplsd,-,20000,146,0.0073,0.0005653581625520987,23.46978026488796,
5,Z,q6_9,30,bplsd,-,20000,396,0.0198,0.0006729702814657901,89.62928300211206,
