distance,basis,orientation,rounds,decoder,model,shots,n_errors,ler,ler_per_cycle,decode_seconds,note
3,X,q2_7,1,ising,fast,20000,0,nan,nan,0.0,skipped: rounds<2
3,X,q2_7,10,ising,fast,20000,1120,0.056,0.005904042229651629,11.248337768018246,"R=9,rot=XV"
3,X,q2_7,13,ising,fast,20000,1275,0.06375,0.00521844702400609,15.126991715049371,"R=9,rot=XV"
3,X,q2_7,30,ising,fast,20000,2130,0.1065,0.0039762225069168156,37.40850410005078,"R=9,rot=XV"
