distance,basis,orientation,rounds,decoder,model,shots,n_errors,ler,ler_per_cycle,decode_seconds,note
3,X,q6_11,1,ising,fast,20000,0,nan,nan,0.0,skipped: rounds<2
3,X,q6_11,10,ising,fast,20000,1097,0.05485,0.005776215841456822,10.724134663119912,"R=9,rot=XV"
3,X,q6_11,13,ising,fast,20000,1361,0.06805,0.005595312989495782,14.04812986496836,"R=9,rot=XV"
3,X,q6_11,30,ising,fast,20000,2330,0.1165,0.004401652287977065,33.11032506078482,"R=9,rot=XV"
