{
  "p_cnot_IX": 0.0,
  "p_cnot_IY": 1.7687731493632133e-06,
  "p_cnot_IZ": 2.4908875707931215e-07,
  "p_cnot_XI": 0.0,
  "p_cnot_XX": 0.00010496156149928172,
  "p_cnot_XY": 0.00021828019211391658,
  "p_cnot_XZ": 0.0,
  "p_cnot_YI": 0.0007275349058232162,
  "p_cnot_YX": 0.0,
  "p_cnot_YY": 0.0,
  "p_cnot_YZ": 0.0007855202078062378,
  "p_cnot_ZI": 0.0004895608050752466,
  "p_cnot_ZX": 0.0,
  "p_cnot_ZY": 0.0,
  "p_cnot_ZZ": 0.00028030275680870963,
  "p_idle_cnot_X": 0.0015384344976463846,
  "p_idle_cnot_Y": 0.0,
  "p_idle_cnot_Z": 0.0,
  "p_idle_spam_X": 0.0,
  "p_idle_spam_Y": 0.002345713500545495,
  "p_idle_spam_Z": 0.0,
  "p_meas_X": 0.0031154128825359876,
  "p_meas_Z": 0.0031154128825359876,
  "p_prep_X": 0.0,
  "p_prep_Z": 0.0
}