{
  "p_cnot_IX": 7.568620359675819e-06,
  "p_cnot_IY": 0.0001865620413582012,
  "p_cnot_IZ": 0.000144465856658424,
  "p_cnot_XI": 0.00042613836016896665,
  "p_cnot_XX": 0.00011637441016338667,
  "p_cnot_XY": 0.0,
  "p_cnot_XZ": 0.0004173135411359749,
  "p_cnot_YI": 5.644194665337464e-05,
  "p_cnot_YX": 0.0012250303102676527,
  "p_cnot_YY": 0.0,
  "p_cnot_YZ": 4.633258619893995e-05,
  "p_cnot_ZI": 5.632767916347002e-05,
  "p_cnot_ZX": 0.0,
  "p_cnot_ZY": 0.00011833401019822822,
  "p_cnot_ZZ": 0.0004597205568240417,
  "p_idle_cnot_X": 0.0002507074226248799,
  "p_idle_cnot_Y": 0.0001679165017446877,
  "p_idle_cnot_Z": 1.208444429366174e-06,
  "p_idle_spam_X": 0.0014153786382354939,
  "p_idle_spam_Y": 0.0022729581153640445,
  "p_idle_spam_Z": 0.0,
  "p_meas_X": 0.0056081863829080805,
  "p_meas_Z": 0.0056081863829080805,
  "p_prep_X": 0.0023979848043818868,
  "p_prep_Z": 0.0023979848043818868
}