{
  "p_cnot_IX": 0.00035021697585362125,
  "p_cnot_IY": 0.0,
  "p_cnot_IZ": 5.392450197819175e-05,
  "p_cnot_XI": 0.0008715965105460048,
  "p_cnot_XX": 0.0,
  "p_cnot_XY": 0.0026195888671555075,
  "p_cnot_XZ": 0.0008681679040321679,
  "p_cnot_YI": 0.0010652737304726854,
  "p_cnot_YX": 0.0,
  "p_cnot_YY": 9.983101178201847e-08,
  "p_cnot_YZ": 0.001009160520104215,
  "p_cnot_ZI": 9.426833999761398e-05,
  "p_cnot_ZX": 0.0,
  "p_cnot_ZY": 0.0,
  "p_cnot_ZZ": 8.642284063273589e-05,
  "p_idle_cnot_X": 0.00035884150602459163,
  "p_idle_cnot_Y": 7.322686214183059e-07,
  "p_idle_cnot_Z": 0.0,
  "p_idle_spam_X": 0.0010821824543922325,
  "p_idle_spam_Y": 0.002523153904479615,
  "p_idle_spam_Z": 0.0,
  "p_meas_X": 0.005492657363864697,
  "p_meas_Z": 0.005492657363864697,
  "p_prep_X": 0.0021911196340186046,
  "p_prep_Z": 0.0021911196340186046
}