{
  "p_cnot_IX": 0.0,
  "p_cnot_IY": 2.2138041195523132e-05,
  "p_cnot_IZ": 0.0,
  "p_cnot_XI": 0.0,
  "p_cnot_XX": 0.0,
  "p_cnot_XY": 0.0,
  "p_cnot_XZ": 0.0,
  "p_cnot_YI": 0.0,
  "p_cnot_YX": 0.0,
  "p_cnot_YY": 0.0,
  "p_cnot_YZ": 0.0,
  "p_cnot_ZI": 0.0,
  "p_cnot_ZX": 0.0,
  "p_cnot_ZY": 0.0,
  "p_cnot_ZZ": 2.6457095208001233e-05,
  "p_idle_cnot_X": 0.0,
  "p_idle_cnot_Y": 0.0008866170714228037,
  "p_idle_cnot_Z": 0.0,
  "p_idle_spam_X": 0.0037881621447410085,
  "p_idle_spam_Y": 0.0010533053717304282,
  "p_idle_spam_Z": 0.0,
  "p_meas_X": 0.006259268898597201,
  "p_meas_Z": 0.006259268898597201,
  "p_prep_X": 0.0,
  "p_prep_Z": 0.0
}