{
  "p_cnot_IX": 0.001700043550015407,
  "p_cnot_IY": 0.0,
  "p_cnot_IZ": 0.0,
  "p_cnot_XI": 5.4174568253985615e-05,
  "p_cnot_XX": 0.0,
  "p_cnot_XY": 0.002182386125807647,
  "p_cnot_XZ": 4.428444734863183e-05,
  "p_cnot_YI": 0.000368490372654999,
  "p_cnot_YX": 0.0,
  "p_cnot_YY": 0.00035828121111012727,
  "p_cnot_YZ": 0.00034650721066937574,
  "p_cnot_ZI": 0.002052630367658041,
  "p_cnot_ZX": 0.0001256668685411449,
  "p_cnot_ZY": 0.0,
  "p_cnot_ZZ": 0.0,
  "p_idle_cnot_X": 0.0,
  "p_idle_cnot_Y": 0.00030314734431961175,
  "p_idle_cnot_Z": 0.0,
  "p_idle_spam_X": 0.0,
  "p_idle_spam_Y": 0.001127909175877352,
  "p_idle_spam_Z": 0.0,
  "p_meas_X": 0.0022244120797471076,
  "p_meas_Z": 0.0022244120797471076,
  "p_prep_X": 0.002041396007691629,
  "p_prep_Z": 0.002041396007691629
}