{
  "p_cnot_IX": 0.002168313410140137,
  "p_cnot_IY": 0.0017580837232855351,
  "p_cnot_IZ": 0.0,
  "p_cnot_XI": 0.0,
  "p_cnot_XX": 0.0,
  "p_cnot_XY": 0.0005891375900008885,
  "p_cnot_XZ": 0.0,
  "p_cnot_YI": 0.0,
  "p_cnot_YX": 0.0,
  "p_cnot_YY": 0.0,
  "p_cnot_YZ": 0.0,
  "p_cnot_ZI": 0.000983376172848063,
  "p_cnot_ZX": 0.0,
  "p_cnot_ZY": 0.0,
  "p_cnot_ZZ": 0.0,
  "p_idle_cnot_X": 8.04948634606211e-05,
  "p_idle_cnot_Y": 0.0008215638328325463,
  "p_idle_cnot_Z": 0.0,
  "p_idle_spam_X": 0.0,
  "p_idle_spam_Y": 0.0004966793258408239,
  "p_idle_spam_Z": 0.0,
  "p_meas_X": 0.0018682198818699787,
  "p_meas_Z": 0.0018682198818699787,
  "p_prep_X": 0.005874461345599102,
  "p_prep_Z": 0.005874461345599102
}