{
  "p_cnot_IX": 0.0006159249925255922,
  "p_cnot_IY": 0.0,
  "p_cnot_IZ": 0.0,
  "p_cnot_XI": 5.55755105977719e-05,
  "p_cnot_XX": 0.0,
  "p_cnot_XY": 0.0,
  "p_cnot_XZ": 5.486457883825117e-05,
  "p_cnot_YI": 0.00031722093950610963,
  "p_cnot_YX": 0.0,
  "p_cnot_YY": 0.0007252227729435976,
  "p_cnot_YZ": 0.00030939367280704677,
  "p_cnot_ZI": 0.0004840639361718899,
  "p_cnot_ZX": 0.0,
  "p_cnot_ZY": 0.0,
  "p_cnot_ZZ": 0.0,
  "p_idle_cnot_X": 0.0005344681870308893,
  "p_idle_cnot_Y": 0.00046562733817438263,
  "p_idle_cnot_Z": 0.0,
  "p_idle_spam_X": 0.0017105126321307143,
  "p_idle_spam_Y": 0.0020181972762207683,
  "p_idle_spam_Z": 0.0,
  "p_meas_X": 0.004307291792629109,
  "p_meas_Z": 0.004307291792629109,
  "p_prep_X": 0.0,
  "p_prep_Z": 0.0
}