{
  "p_cnot_IX": 0.0,
  "p_cnot_IY": 0.0,
  "p_cnot_IZ": 0.0002805835580159128,
  "p_cnot_XI": 4.7232129586157164e-05,
  "p_cnot_XX": 0.0006962085010115673,
  "p_cnot_XY": 0.0,
  "p_cnot_XZ": 8.714522087704894e-05,
  "p_cnot_YI": 0.00016210633749155382,
  "p_cnot_YX": 0.0002523296108275052,
  "p_cnot_YY": 0.0,
  "p_cnot_YZ": 0.0002892310521571037,
  "p_cnot_ZI": 0.00044464251145293646,
  "p_cnot_ZX": 0.0,
  "p_cnot_ZY": 0.0,
  "p_cnot_ZZ": 0.00023509747010014742,
  "p_idle_cnot_X": 0.0,
  "p_idle_cnot_Y": 0.0003596854540500222,
  "p_idle_cnot_Z": 0.0,
  "p_idle_spam_X": 0.002138873642041404,
  "p_idle_spam_Y": 0.0012012240865850374,
  "p_idle_spam_Z": 0.0,
  "p_meas_X": 0.007085679050477184,
  "p_meas_Z": 0.007085679050477184,
  "p_prep_X": 0.0,
  "p_prep_Z": 0.0
}