{
  "p_cnot_IX": 0.00014583714029876878,
  "p_cnot_IY": 1.1250958527205163e-05,
  "p_cnot_IZ": 5.129055658648317e-07,
  "p_cnot_XI": 0.0,
  "p_cnot_XX": 0.0,
  "p_cnot_XY": 0.0006250407446091867,
  "p_cnot_XZ": 0.0,
  "p_cnot_YI": 0.00016964583641112496,
  "p_cnot_YX": 0.0,
  "p_cnot_YY": 1.2566160437931215e-05,
  "p_cnot_YZ": 0.00016119472717801784,
  "p_cnot_ZI": 0.0009353129593853763,
  "p_cnot_ZX": 0.0,
  "p_cnot_ZY": 6.144855638430414e-06,
  "p_cnot_ZZ": 0.00022050007297620236,
  "p_idle_cnot_X": 0.0005699818474789118,
  "p_idle_cnot_Y": 0.0002975764257071329,
  "p_idle_cnot_Z": 0.0,
  "p_idle_spam_X": 0.0015952538456180526,
  "p_idle_spam_Y": 0.0020177653705808494,
  "p_idle_spam_Z": 0.000939459250972147,
  "p_meas_X": 0.0024115307046022045,
  "p_meas_Z": 0.0024115307046022045,
  "p_prep_X": 0.0017424517458441754,
  "p_prep_Z": 0.0017424517458441754
}