{
  "p_cnot_IX": 0.0,
  "p_cnot_IY": 0.0005369223728614874,
  "p_cnot_IZ": 0.0,
  "p_cnot_XI": 0.000980014128100929,
  "p_cnot_XX": 0.0003304939678939232,
  "p_cnot_XY": 0.0,
  "p_cnot_XZ": 0.0010041249236156537,
  "p_cnot_YI": 0.0005736970469262533,
  "p_cnot_YX": 0.0016517300779640223,
  "p_cnot_YY": 0.0,
  "p_cnot_YZ": 0.00058235352306067,
  "p_cnot_ZI": 0.0,
  "p_cnot_ZX": 0.0004017812812314491,
  "p_cnot_ZY": 0.0,
  "p_cnot_ZZ": 0.0,
  "p_idle_cnot_X": 0.0,
  "p_idle_cnot_Y": 0.0,
  "p_idle_cnot_Z": 0.0,
  "p_idle_spam_X": 0.0005252260027122594,
  "p_idle_spam_Y": 0.0013428264379367356,
  "p_idle_spam_Z": 0.0,
  "p_meas_X": 0.008566146368227112,
  "p_meas_Z": 0.008566146368227112,
  "p_prep_X": 0.000974629168065756,
  "p_prep_Z": 0.000974629168065756
}