{
  "p_cnot_IX": 0.0003782875215056533,
  "p_cnot_IY": 0.0,
  "p_cnot_IZ": 0.0,
  "p_cnot_XI": 0.00037853649441311815,
  "p_cnot_XX": 0.0,
  "p_cnot_XY": 0.001738149984161941,
  "p_cnot_XZ": 0.00037165335026707945,
  "p_cnot_YI": 0.00041805987880193083,
  "p_cnot_YX": 0.0,
  "p_cnot_YY": 0.0,
  "p_cnot_YZ": 0.00039105690185544143,
  "p_cnot_ZI": 0.0008512263919775657,
  "p_cnot_ZX": 0.0,
  "p_cnot_ZY": 0.0,
  "p_cnot_ZZ": 0.0,
  "p_idle_cnot_X": 0.0007330028846029259,
  "p_idle_cnot_Y": 0.0003849893644930081,
  "p_idle_cnot_Z": 2.8252883255455086e-07,
  "p_idle_spam_X": 0.00020601322547761852,
  "p_idle_spam_Y": 0.001331741154537032,
  "p_idle_spam_Z": 0.0,
  "p_meas_X": 0.005046492513006973,
  "p_meas_Z": 0.005046492513006973,
  "p_prep_X": 0.0002908139831629444,
  "p_prep_Z": 0.0002908139831629444
}