{
  "p_cnot_IX": 6.909002971022417e-05,
  "p_cnot_IY": 2.5699377937848674e-06,
  "p_cnot_IZ": 0.0,
  "p_cnot_XI": 0.00048472045545967974,
  "p_cnot_XX": 0.0,
  "p_cnot_XY": 0.0003788785383819679,
  "p_cnot_XZ": 0.0004918002214073695,
  "p_cnot_YI": 0.0007330219683515929,
  "p_cnot_YX": 0.0,
  "p_cnot_YY": 0.00016242815123393206,
  "p_cnot_YZ": 0.0007394736660903964,
  "p_cnot_ZI": 0.0,
  "p_cnot_ZX": 0.0013708089778328044,
  "p_cnot_ZY": 0.0009485047717349116,
  "p_cnot_ZZ": 0.0,
  "p_idle_cnot_X": 0.0,
  "p_idle_cnot_Y": 0.0,
  "p_idle_cnot_Z": 0.0,
  "p_idle_spam_X": 0.0013076521004904834,
  "p_idle_spam_Y": 0.001906329005823168,
  "p_idle_spam_Z": 0.0,
  "p_meas_X": 0.0074254345993596624,
  "p_meas_Z": 0.0074254345993596624,
  "p_prep_X": 0.0,
  "p_prep_Z": 0.0
}