{
  "p_cnot_IX": 0.0016677101575816155,
  "p_cnot_IY": 0.0,
  "p_cnot_IZ": 0.0,
  "p_cnot_XI": 3.266187714350253e-05,
  "p_cnot_XX": 0.0007693868362618538,
  "p_cnot_XY": 0.0002006404955472046,
  "p_cnot_XZ": 3.253621250663333e-05,
  "p_cnot_YI": 0.0009974808042372359,
  "p_cnot_YX": 0.000701920286303295,
  "p_cnot_YY": 0.00013611069049704954,
  "p_cnot_YZ": 0.0010025740669060241,
  "p_cnot_ZI": 0.0005117627183305799,
  "p_cnot_ZX": 0.0011984406045474623,
  "p_cnot_ZY": 0.0,
  "p_cnot_ZZ": 0.0,
  "p_idle_cnot_X": 0.0,
  "p_idle_cnot_Y": 0.0,
  "p_idle_cnot_Z": 0.0,
  "p_idle_spam_X": 0.0,
  "p_idle_spam_Y": 0.001970415944877817,
  "p_idle_spam_Z": 0.0,
  "p_meas_X": 0.0026914872051399495,
  "p_meas_Z": 0.0026914872051399495,
  "p_prep_X": 0.0009465567917177388,
  "p_prep_Z": 0.0009465567917177388
}