{
  "p_cnot_IX": 0.0014591827376235146,
  "p_cnot_IY": 3.399896283677489e-05,
  "p_cnot_IZ": 0.0,
  "p_cnot_XI": 0.0007734302798474855,
  "p_cnot_XX": 0.00037031309992300947,
  "p_cnot_XY": 0.0,
  "p_cnot_XZ": 0.0007743830041904985,
  "p_cnot_YI": 0.0007916995166527877,
  "p_cnot_YX": 0.0012145921672421188,
  "p_cnot_YY": 0.0,
  "p_cnot_YZ": 0.0007935622929470117,
  "p_cnot_ZI": 0.0,
  "p_cnot_ZX": 0.00022734875178698877,
  "p_cnot_ZY": 0.0004960562838893282,
  "p_cnot_ZZ": 0.0,
  "p_idle_cnot_X": 0.0,
  "p_idle_cnot_Y": 0.0,
  "p_idle_cnot_Z": 0.0,
  "p_idle_spam_X": 0.0003344474720770419,
  "p_idle_spam_Y": 0.0010538154340212274,
  "p_idle_spam_Z": 0.0,
  "p_meas_X": 0.005427387354560729,
  "p_meas_Z": 0.005427387354560729,
  "p_prep_X": 0.0007904990037291177,
  "p_prep_Z": 0.0007904990037291177
}