{
  "p_cnot_IX": 0.0,
  "p_cnot_IY": 0.0,
  "p_cnot_IZ": 0.0004787433220521448,
  "p_cnot_XI": 0.00023235120472695834,
  "p_cnot_XX": 0.000303314434966122,
  "p_cnot_XY": 0.0,
  "p_cnot_XZ": 0.00027589515062469887,
  "p_cnot_YI": 1.0997458384560473e-06,
  "p_cnot_YX": 0.0013600944724707572,
  "p_cnot_YY": 0.0,
  "p_cnot_YZ": 5.198797381912142e-06,
  "p_cnot_ZI": 0.0,
  "p_cnot_ZX": 0.0,
  "p_cnot_ZY": 2.72845312469398e-08,
  "p_cnot_ZZ": 0.0005540137658705222,
  "p_idle_cnot_X": 0.00011726882020667908,
  "p_idle_cnot_Y": 0.00018796203010467322,
  "p_idle_cnot_Z": 0.0,
  "p_idle_spam_X": 0.0018378584344112584,
  "p_idle_spam_Y": 0.002235743703545579,
  "p_idle_spam_Z": 0.0,
  "p_meas_X": 0.00647675259819297,
  "p_meas_Z": 0.00647675259819297,
  "p_prep_X": 0.0017193605100413686,
  "p_prep_Z": 0.0017193605100413686
}