{
  "p_cnot_IX": 0.0,
  "p_cnot_IY": 0.0,
  "p_cnot_IZ": 0.0,
  "p_cnot_XI": 0.0,
  "p_cnot_XX": 0.0,
  "p_cnot_XY": 0.0012580712784843009,
  "p_cnot_XZ": 0.0,
  "p_cnot_YI": 0.0,
  "p_cnot_YX": 0.0,
  "p_cnot_YY": 0.00011863218995608062,
  "p_cnot_YZ": 0.0,
  "p_cnot_ZI": 0.0011600042838315731,
  "p_cnot_ZX": 0.0,
  "p_cnot_ZY": 0.0,
  "p_cnot_ZZ": 0.00045095037840986067,
  "p_idle_cnot_X": 0.00034478721137763105,
  "p_idle_cnot_Y": 0.00019606965127421627,
  "p_idle_cnot_Z": 0.0,
  "p_idle_spam_X": 0.0015042662800330106,
  "p_idle_spam_Y": 0.002187711371059565,
  "p_idle_spam_Z": 0.0005389099693204504,
  "p_meas_X": 0.005014772346091629,
  "p_meas_Z": 0.005014772346091629,
  "p_prep_X": 0.0,
  "p_prep_Z": 0.0
}