{
  "p_cnot_IX": 0.002149541443700537,
  "p_cnot_IY": 0.001763056406710524,
  "p_cnot_IZ": 0.0,
  "p_cnot_XI": 0.0,
  "p_cnot_XX": 0.0,
  "p_cnot_XY": 0.0005698636776874205,
  "p_cnot_XZ": 0.0,
  "p_cnot_YI": 0.0,
  "p_cnot_YX": 0.0,
  "p_cnot_YY": 0.0,
  "p_cnot_YZ": 0.0,
  "p_cnot_ZI": 0.0010044738735053454,
  "p_cnot_ZX": 0.0,
  "p_cnot_ZY": 0.0,
  "p_cnot_ZZ": 0.0,
  "p_idle_cnot_X": 9.116738616018825e-05,
  "p_idle_cnot_Y": 0.0008266102912173748,
  "p_idle_cnot_Z": 0.0,
  "p_idle_spam_X": 0.0,
  "p_idle_spam_Y": 0.00048230573928956895,
  "p_idle_spam_Z": 0.0,
  "p_meas_X": 0.0017708454268043096,
  "p_meas_Z": 0.0017708454268043096,
  "p_prep_X": 0.005856180326486344,
  "p_prep_Z": 0.005856180326486344
}