{
  "p_cnot_IX": 0.0,
  "p_cnot_IY": 0.0,
  "p_cnot_IZ": 0.00010319516272539427,
  "p_cnot_XI": 0.00018618895113428995,
  "p_cnot_XX": 0.000683470217755941,
  "p_cnot_XY": 0.0,
  "p_cnot_XZ": 0.00020717453380093978,
  "p_cnot_YI": 9.944124689661336e-05,
  "p_cnot_YX": 0.00024955681732631894,
  "p_cnot_YY": 0.0,
  "p_cnot_YZ": 0.00011111499899252077,
  "p_cnot_ZI": 0.000515828699862572,
  "p_cnot_ZX": 0.0,
  "p_cnot_ZY": 0.0,
  "p_cnot_ZZ": 0.0004055062856167852,
  "p_idle_cnot_X": 0.0,
  "p_idle_cnot_Y": 0.0003698217780979204,
  "p_idle_cnot_Z": 0.0,
  "p_idle_spam_X": 0.002156996371465022,
  "p_idle_spam_Y": 0.0011859964328130382,
  "p_idle_spam_Z": 0.0,
  "p_meas_X": 0.0069757431840001115,
  "p_meas_Z": 0.0069757431840001115,
  "p_prep_X": 0.0,
  "p_prep_Z": 0.0
}