{
  "p_cnot_IX": 0.000269722300434349,
  "p_cnot_IY": 0.00022004804299810394,
  "p_cnot_IZ": 0.00023477580602740875,
  "p_cnot_XI": 0.00033762062865626134,
  "p_cnot_XX": 0.0001505223729398209,
  "p_cnot_XY": 0.0005588657161113899,
  "p_cnot_XZ": 0.0003360540825923899,
  "p_cnot_YI": 0.000738886695059957,
  "p_cnot_YX": 3.232667831357038e-06,
  "p_cnot_YY": 0.00021322772009685372,
  "p_cnot_YZ": 0.0007368378634136114,
  "p_cnot_ZI": 0.000609148829177907,
  "p_cnot_ZX": 3.642613848415934e-05,
  "p_cnot_ZY": 4.595552721814494e-05,
  "p_cnot_ZZ": 0.0006549133191858983,
  "p_idle_cnot_X": 0.00048623646728252336,
  "p_idle_cnot_Y": 0.00047038777296643647,
  "p_idle_cnot_Z": 4.7924239584078736e-05,
  "p_idle_spam_X": 0.0014705379274746106,
  "p_idle_spam_Y": 0.0017248636329854719,
  "p_idle_spam_Z": 0.0013710310101865593,
  "p_meas_X": 0.0016222926487485824,
  "p_meas_Z": 0.0016222926487485824,
  "p_prep_X": 0.0015525927093588874,
  "p_prep_Z": 0.0015525927093588874
}