{
  "p_cnot_IX": 0.001759561663927261,
  "p_cnot_IY": 0.0,
  "p_cnot_IZ": 0.0,
  "p_cnot_XI": 0.0,
  "p_cnot_XX": 0.0,
  "p_cnot_XY": 0.0023183373469405494,
  "p_cnot_XZ": 0.0,
  "p_cnot_YI": 0.00025857036790366404,
  "p_cnot_YX": 0.0,
  "p_cnot_YY": 0.0002881026151530981,
  "p_cnot_YZ": 0.00021476125954210685,
  "p_cnot_ZI": 0.002350426615208195,
  "p_cnot_ZX": 0.0,
  "p_cnot_ZY": 0.0,
  "p_cnot_ZZ": 0.0,
  "p_idle_cnot_X": 0.0,
  "p_idle_cnot_Y": 0.0003970044385276975,
  "p_idle_cnot_Z": 0.0,
  "p_idle_spam_X": 0.0,
  "p_idle_spam_Y": 0.0010003396886884971,
  "p_idle_spam_Z": 0.0,
  "p_meas_X": 0.000714114957147772,
  "p_meas_Z": 0.000714114957147772,
  "p_prep_X": 0.0028076026755567284,
  "p_prep_Z": 0.0028076026755567284
}