{
  "p_cnot_IX": 0.0006676826455710763,
  "p_cnot_IY": 0.0,
  "p_cnot_IZ": 0.0,
  "p_cnot_XI": 3.679274201626713e-05,
  "p_cnot_XX": 0.0,
  "p_cnot_XY": 0.0,
  "p_cnot_XZ": 3.5567559353708615e-05,
  "p_cnot_YI": 0.00032506879605526866,
  "p_cnot_YX": 0.0,
  "p_cnot_YY": 0.000707375171751504,
  "p_cnot_YZ": 0.00031690217924733847,
  "p_cnot_ZI": 0.0004882413646619824,
  "p_cnot_ZX": 0.0,
  "p_cnot_ZY": 0.0,
  "p_cnot_ZZ": 0.0,
  "p_idle_cnot_X": 0.0005282971057183329,
  "p_idle_cnot_Y": 0.0004704836765292633,
  "p_idle_cnot_Z": 0.0,
  "p_idle_spam_X": 0.0016941466675400192,
  "p_idle_spam_Y": 0.0020096917522430873,
  "p_idle_spam_Z": 0.0,
  "p_meas_X": 0.004237503214666409,
  "p_meas_Z": 0.004237503214666409,
  "p_prep_X": 0.0,
  "p_prep_Z": 0.0
}