{
  "p_cnot_IX": 0.0,
  "p_cnot_IY": 0.0,
  "p_cnot_IZ": 0.0,
  "p_cnot_XI": 8.987220174334311e-05,
  "p_cnot_XX": 0.00018234161192376178,
  "p_cnot_XY": 8.598593835929668e-05,
  "p_cnot_XZ": 0.00010796733286182054,
  "p_cnot_YI": 3.050261502999182e-07,
  "p_cnot_YX": 0.0,
  "p_cnot_YY": 0.0,
  "p_cnot_YZ": 0.0010764023084019895,
  "p_cnot_ZI": 0.00043235900977494176,
  "p_cnot_ZX": 0.0,
  "p_cnot_ZY": 0.0,
  "p_cnot_ZZ": 0.0007010173484235237,
  "p_idle_cnot_X": 0.0014996730691526298,
  "p_idle_cnot_Y": 0.0,
  "p_idle_cnot_Z": 0.0,
  "p_idle_spam_X": 0.0001487245157808677,
  "p_idle_spam_Y": 0.0022722651866434987,
  "p_idle_spam_Z": 0.0,
  "p_meas_X": 0.0033486552836973675,
  "p_meas_Z": 0.0033486552836973675,
  "p_prep_X": 0.0,
  "p_prep_Z": 0.0
}