{
  "p_cnot_IX": 0.0,
  "p_cnot_IY": 6.440321077976833e-05,
  "p_cnot_IZ": 0.0,
  "p_cnot_XI": 0.0,
  "p_cnot_XX": 0.0,
  "p_cnot_XY": 0.0,
  "p_cnot_XZ": 0.0,
  "p_cnot_YI": 0.0,
  "p_cnot_YX": 0.0,
  "p_cnot_YY": 0.0,
  "p_cnot_YZ": 0.0,
  "p_cnot_ZI": 0.0,
  "p_cnot_ZX": 0.0,
  "p_cnot_ZY": 0.0,
  "p_cnot_ZZ": 1.7345030898849947e-05,
  "p_idle_cnot_X": 0.0,
  "p_idle_cnot_Y": 0.0008768436553646656,
  "p_idle_cnot_Z": 0.0,
  "p_idle_spam_X": 0.0037577054921198306,
  "p_idle_spam_Y": 0.00106735638402845,
  "p_idle_spam_Z": 0.0,
  "p_meas_X": 0.006197449570510906,
  "p_meas_Z": 0.006197449570510906,
  "p_prep_X": 7.810668549989003e-05,
  "p_prep_Z": 7.810668549989003e-05
}