{
  "p_cnot_IX": 0.0004159703842957372,
  "p_cnot_IY": 0.0,
  "p_cnot_IZ": 5.228723050997184e-06,
  "p_cnot_XI": 0.00044088494482616387,
  "p_cnot_XX": 0.0,
  "p_cnot_XY": 0.001717561378858058,
  "p_cnot_XZ": 0.0004294505980304628,
  "p_cnot_YI": 0.0003490873001488226,
  "p_cnot_YX": 0.0,
  "p_cnot_YY": 0.0,
  "p_cnot_YZ": 0.00033685914303885784,
  "p_cnot_ZI": 0.0010187327166850748,
  "p_cnot_ZX": 0.0,
  "p_cnot_ZY": 0.0,
  "p_cnot_ZZ": 2.539159800766994e-06,
  "p_idle_cnot_X": 0.0006752492084685911,
  "p_idle_cnot_Y": 0.00042966015241631286,
  "p_idle_cnot_Z": 0.0,
  "p_idle_spam_X": 0.00020606235718023344,
  "p_idle_spam_Y": 0.0013129226173944364,
  "p_idle_spam_Z": 0.0,
  "p_meas_X": 0.004924115562274866,
  "p_meas_Z": 0.004924115562274866,
  "p_prep_X": 0.0,
  "p_prep_Z": 0.0
}