{
  "p_cnot_IX": 0.0012222940649115105,
  "p_cnot_IY": 5.972129465454774e-05,
  "p_cnot_IZ": 0.0,
  "p_cnot_XI": 0.0003765249281760681,
  "p_cnot_XX": 0.0,
  "p_cnot_XY": 0.0,
  "p_cnot_XZ": 0.0003823971138723027,
  "p_cnot_YI": 0.0007233073968233913,
  "p_cnot_YX": 0.0,
  "p_cnot_YY": 0.0005114173478472108,
  "p_cnot_YZ": 0.0007266951066598989,
  "p_cnot_ZI": 2.2240955852090066e-05,
  "p_cnot_ZX": 0.0005787683472712058,
  "p_cnot_ZY": 0.0009023840334050325,
  "p_cnot_ZZ": 0.0,
  "p_idle_cnot_X": 7.055498837207342e-06,
  "p_idle_cnot_Y": 0.0,
  "p_idle_cnot_Z": 0.0,
  "p_idle_spam_X": 0.0009771628218177852,
  "p_idle_spam_Y": 0.0019837123218823046,
  "p_idle_spam_Z": 0.0,
  "p_meas_X": 0.006753575306666242,
  "p_meas_Z": 0.006753575306666242,
  "p_prep_X": 0.00044470473621142454,
  "p_prep_Z": 0.00044470473621142454
}