{
  "p_cnot_IX": 0.0008471401936714395,
  "p_cnot_IY": 4.582170504961692e-05,
  "p_cnot_IZ": 0.0,
  "p_cnot_XI": 0.0009047588903824033,
  "p_cnot_XX": 0.0011817378723884284,
  "p_cnot_XY": 0.0002624785394285361,
  "p_cnot_XZ": 0.0009075208014145435,
  "p_cnot_YI": 0.0008009111670999169,
  "p_cnot_YX": 0.00048187379590373367,
  "p_cnot_YY": 0.0,
  "p_cnot_YZ": 0.0008068368129205561,
  "p_cnot_ZI": 0.000520850185580576,
  "p_cnot_ZX": 0.0,
  "p_cnot_ZY": 0.0,
  "p_cnot_ZZ": 0.0,
  "p_idle_cnot_X": 0.0,
  "p_idle_cnot_Y": 0.00020935569643702165,
  "p_idle_cnot_Z": 6.965460813032323e-05,
  "p_idle_spam_X": 0.0005828338101698628,
  "p_idle_spam_Y": 0.0011272167903411752,
  "p_idle_spam_Z": 0.0,
  "p_meas_X": 0.002699227725960953,
  "p_meas_Z": 0.002699227725960953,
  "p_prep_X": 0.0016264052159387645,
  "p_prep_Z": 0.0016264052159387645
}