{
  "p_cnot_IX": 0.0015693065167346435,
  "p_cnot_IY": 0.0,
  "p_cnot_IZ": 0.0,
  "p_cnot_XI": 1.1529315091029716e-08,
  "p_cnot_XX": 0.0008862278518079031,
  "p_cnot_XY": 0.0004257599280279645,
  "p_cnot_XZ": 1.1492073898748787e-08,
  "p_cnot_YI": 0.0007780970070493267,
  "p_cnot_YX": 0.0005962821539983721,
  "p_cnot_YY": 0.0001372931435324731,
  "p_cnot_YZ": 0.0007839288751626685,
  "p_cnot_ZI": 0.0009303606641542495,
  "p_cnot_ZX": 0.0011936524647808058,
  "p_cnot_ZY": 4.003238911686439e-06,
  "p_cnot_ZZ": 0.0,
  "p_idle_cnot_X": 0.0,
  "p_idle_cnot_Y": 0.0,
  "p_idle_cnot_Z": 0.0,
  "p_idle_spam_X": 3.255602704137637e-05,
  "p_idle_spam_Y": 0.002000046714104757,
  "p_idle_spam_Z": 0.0,
  "p_meas_X": 0.0022760755495568577,
  "p_meas_Z": 0.0022760755495568577,
  "p_prep_X": 0.0013155299667037149,
  "p_prep_Z": 0.0013155299667037149
}