{
  "p_cnot_IX": 0.001611939155829328,
  "p_cnot_IY": 7.950859578952622e-05,
  "p_cnot_IZ": 0.0,
  "p_cnot_XI": 0.0006994664267335198,
  "p_cnot_XX": 0.00018784563551994823,
  "p_cnot_XY": 0.0,
  "p_cnot_XZ": 0.0006999567338244176,
  "p_cnot_YI": 0.0008845600506123729,
  "p_cnot_YX": 0.0013989933465255225,
  "p_cnot_YY": 0.0,
  "p_cnot_YZ": 0.0008855183104422618,
  "p_cnot_ZI": 0.0,
  "p_cnot_ZX": 0.00026203791662095455,
  "p_cnot_ZY": 0.00026912609386688655,
  "p_cnot_ZZ": 0.0,
  "p_idle_cnot_X": 0.0,
  "p_idle_cnot_Y": 0.0,
  "p_idle_cnot_Z": 0.0,
  "p_idle_spam_X": 0.0003075708442936306,
  "p_idle_spam_Y": 0.0011294664583744102,
  "p_idle_spam_Z": 0.0,
  "p_meas_X": 0.005625123759256098,
  "p_meas_Z": 0.005625123759256098,
  "p_prep_X": 0.0,
  "p_prep_Z": 0.0
}