{
  "p_cnot_IX": 0.0,
  "p_cnot_IY": 0.0,
  "p_cnot_IZ": 2.940003449897617e-06,
  "p_cnot_XI": 1.4468226525367643e-05,
  "p_cnot_XX": 0.00025584266199485883,
  "p_cnot_XY": 6.669338528084312e-07,
  "p_cnot_XZ": 1.3980426423686736e-05,
  "p_cnot_YI": 0.0003670792873618911,
  "p_cnot_YX": 0.0,
  "p_cnot_YY": 0.0,
  "p_cnot_YZ": 0.0007808868123971802,
  "p_cnot_ZI": 0.00040324705130092393,
  "p_cnot_ZX": 0.0,
  "p_cnot_ZY": 0.0,
  "p_cnot_ZZ": 0.0006284832786929531,
  "p_idle_cnot_X": 0.0015489223924720636,
  "p_idle_cnot_Y": 0.0,
  "p_idle_cnot_Z": 0.0,
  "p_idle_spam_X": 0.0001481803591912908,
  "p_idle_spam_Y": 0.0022867368578517516,
  "p_idle_spam_Z": 0.0,
  "p_meas_X": 0.00334059158456273,
  "p_meas_Z": 0.00334059158456273,
  "p_prep_X": 0.0,
  "p_prep_Z": 0.0
}