{
  "p_cnot_IX": 0.0007107302359590606,
  "p_cnot_IY": 0.0,
  "p_cnot_IZ": 0.0,
  "p_cnot_XI": 4.269703113872574e-05,
  "p_cnot_XX": 0.0,
  "p_cnot_XY": 0.0,
  "p_cnot_XZ": 4.178525518647783e-05,
  "p_cnot_YI": 0.0003255564668964549,
  "p_cnot_YX": 0.0,
  "p_cnot_YY": 0.0007029381434446742,
  "p_cnot_YZ": 0.00031949949054124694,
  "p_cnot_ZI": 0.0004836969939650932,
  "p_cnot_ZX": 0.0,
  "p_cnot_ZY": 0.0,
  "p_cnot_ZZ": 0.0,
  "p_idle_cnot_X": 0.0005112524758265073,
  "p_idle_cnot_Y": 0.0004678236244613818,
  "p_idle_cnot_Z": 0.0,
  "p_idle_spam_X": 0.0016807653250573104,
  "p_idle_spam_Y": 0.0020233930221083864,
  "p_idle_spam_Z": 0.0,
  "p_meas_X": 0.004279533147391742,
  "p_meas_Z": 0.004279533147391742,
  "p_prep_X": 0.0,
  "p_prep_Z": 0.0
}