{
  "p_cnot_IX": 0.0,
  "p_cnot_IY": 0.0,
  "p_cnot_IZ": 0.00012509893405987413,
  "p_cnot_XI": 0.00015620519716537046,
  "p_cnot_XX": 0.0006873346097578482,
  "p_cnot_XY": 0.0,
  "p_cnot_XZ": 0.00016616923024919357,
  "p_cnot_YI": 0.0001207996037455829,
  "p_cnot_YX": 0.0002548638190062102,
  "p_cnot_YY": 0.0,
  "p_cnot_YZ": 0.00016030563646838845,
  "p_cnot_ZI": 0.000519647142932224,
  "p_cnot_ZX": 0.0,
  "p_cnot_ZY": 0.0,
  "p_cnot_ZZ": 0.000353355938775303,
  "p_idle_cnot_X": 0.0,
  "p_idle_cnot_Y": 0.00036919480176185194,
  "p_idle_cnot_Z": 0.0,
  "p_idle_spam_X": 0.002138213572124892,
  "p_idle_spam_Y": 0.0011852500052279699,
  "p_idle_spam_Z": 0.0,
  "p_meas_X": 0.006960314676538421,
  "p_meas_Z": 0.006960314676538421,
  "p_prep_X": 0.0,
  "p_prep_Z": 0.0
}