{
  "p_cnot_IX": 0.0,
  "p_cnot_IY": 0.000434978028311689,
  "p_cnot_IZ": 6.59685607342385e-05,
  "p_cnot_XI": 0.0002609315204200779,
  "p_cnot_XX": 0.0008335910964282722,
  "p_cnot_XY": 0.0,
  "p_cnot_XZ": 0.0002578329650199328,
  "p_cnot_YI": 0.00015815606662835077,
  "p_cnot_YX": 0.00038816846227397966,
  "p_cnot_YY": 0.00013149614931096145,
  "p_cnot_YZ": 0.00016082495657887997,
  "p_cnot_ZI": 0.0005186930546536964,
  "p_cnot_ZX": 0.0,
  "p_cnot_ZY": 8.778735830263164e-06,
  "p_cnot_ZZ": 2.8860078350477356e-05,
  "p_idle_cnot_X": 0.00023612631426534164,
  "p_idle_cnot_Y": 0.0002817494130654305,
  "p_idle_cnot_Z": 0.0,
  "p_idle_spam_X": 0.0015979741673923986,
  "p_idle_spam_Y": 0.0020392564161856776,
  "p_idle_spam_Z": 0.0,
  "p_meas_X": 0.004133225337967272,
  "p_meas_Z": 0.004133225337967272,
  "p_prep_X": 0.0023490524445642803,
  "p_prep_Z": 0.0023490524445642803
}