{
  "p_cnot_IX": 0.0,
  "p_cnot_IY": 0.0,
  "p_cnot_IZ": 0.0,
  "p_cnot_XI": 0.0,
  "p_cnot_XX": 0.0,
  "p_cnot_XY": 0.0012549224861057836,
  "p_cnot_XZ": 0.0,
  "p_cnot_YI": 0.0,
  "p_cnot_YX": 0.0,
  "p_cnot_YY": 0.00015058586981061116,
  "p_cnot_YZ": 0.0,
  "p_cnot_ZI": 0.001134525846598532,
  "p_cnot_ZX": 0.0,
  "p_cnot_ZY": 0.0,
  "p_cnot_ZZ": 0.0004634610351598954,
  "p_idle_cnot_X": 0.0003350039175344177,
  "p_idle_cnot_Y": 0.00019122978406454103,
  "p_idle_cnot_Z": 0.0,
  "p_idle_spam_X": 0.0014787268196635125,
  "p_idle_spam_Y": 0.0021838131802472682,
  "p_idle_spam_Z": 0.0005443606170501949,
  "p_meas_X": 0.0051415785373037,
  "p_meas_Z": 0.0051415785373037,
  "p_prep_X": 0.0,
  "p_prep_Z": 0.0
}