{
  "p_cnot_IX": 0.000580635886570461,
  "p_cnot_IY": 0.0,
  "p_cnot_IZ": 0.0,
  "p_cnot_XI": 0.0009136410410671359,
  "p_cnot_XX": 0.0,
  "p_cnot_XY": 0.002501193352325786,
  "p_cnot_XZ": 0.000928365623641309,
  "p_cnot_YI": 0.0011656819047083172,
  "p_cnot_YX": 0.0,
  "p_cnot_YY": 0.0,
  "p_cnot_YZ": 0.0010756926198697372,
  "p_cnot_ZI": 7.617852569389422e-05,
  "p_cnot_ZX": 0.0,
  "p_cnot_ZY": 0.0,
  "p_cnot_ZZ": 0.0,
  "p_idle_cnot_X": 0.0003393136864455668,
  "p_idle_cnot_Y": 0.0,
  "p_idle_cnot_Z": 0.0,
  "p_idle_spam_X": 0.0009133801623646426,
  "p_idle_spam_Y": 0.0025682605189073365,
  "p_idle_spam_Z": 0.0,
  "p_meas_X": 0.005451314388471235,
  "p_meas_Z": 0.005451314388471235,
  "p_prep_X": 0.0020830644012665403,
  "p_prep_Z": 0.0020830644012665403
}