{
  "p_cnot_IX": 0.0017816935029740294,
  "p_cnot_IY": 0.0,
  "p_cnot_IZ": 0.0,
  "p_cnot_XI": 1.366456366083204e-05,
  "p_cnot_XX": 0.0,
  "p_cnot_XY": 0.0023316946125144012,
  "p_cnot_XZ": 1.823199085344519e-05,
  "p_cnot_YI": 0.00025970270517475366,
  "p_cnot_YX": 0.0,
  "p_cnot_YY": 0.0002588988305294215,
  "p_cnot_YZ": 0.00021493849303925533,
  "p_cnot_ZI": 0.0023211137093352074,
  "p_cnot_ZX": 0.0,
  "p_cnot_ZY": 0.0,
  "p_cnot_ZZ": 0.0,
  "p_idle_cnot_X": 0.0,
  "p_idle_cnot_Y": 0.00039797701855181117,
  "p_idle_cnot_Z": 0.0,
  "p_idle_spam_X": 0.0,
  "p_idle_spam_Y": 0.0009947413986374702,
  "p_idle_spam_Z": 0.0,
  "p_meas_X": 0.0007948839202890663,
  "p_meas_Z": 0.0007948839202890663,
  "p_prep_X": 0.0027448873617452927,
  "p_prep_Z": 0.0027448873617452927
}