{
  "p_cnot_IX": 0.002220788758049643,
  "p_cnot_IY": 0.0017366074620138025,
  "p_cnot_IZ": 0.0,
  "p_cnot_XI": 0.0,
  "p_cnot_XX": 0.0,
  "p_cnot_XY": 0.0005982729525270258,
  "p_cnot_XZ": 0.0,
  "p_cnot_YI": 0.0,
  "p_cnot_YX": 0.0,
  "p_cnot_YY": 0.0,
  "p_cnot_YZ": 0.0,
  "p_cnot_ZI": 0.0010039175514889513,
  "p_cnot_ZX": 0.0,
  "p_cnot_ZY": 0.0,
  "p_cnot_ZZ": 0.0,
  "p_idle_cnot_X": 7.666370873468339e-05,
  "p_idle_cnot_Y": 0.0008253824231572198,
  "p_idle_cnot_Z": 0.0,
  "p_idle_spam_X": 0.0,
  "p_idle_spam_Y": 0.0004882878305889678,
  "p_idle_spam_Z": 0.0,
  "p_meas_X": 0.0018702069995838759,
  "p_meas_Z": 0.0018702069995838759,
  "p_prep_X": 0.005748960052276174,
  "p_prep_Z": 0.005748960052276174
}