{
  "p_cnot_IX": 0.0008109991955016853,
  "p_cnot_IY": 9.692265486688536e-05,
  "p_cnot_IZ": 0.0,
  "p_cnot_XI": 0.0003455121973117038,
  "p_cnot_XX": 0.0,
  "p_cnot_XY": 0.0011416695865245367,
  "p_cnot_XZ": 0.000342384469404972,
  "p_cnot_YI": 0.0005919384841774326,
  "p_cnot_YX": 0.0,
  "p_cnot_YY": 2.6754675939482586e-06,
  "p_cnot_YZ": 0.0005855055807413367,
  "p_cnot_ZI": 0.001070542678197594,
  "p_cnot_ZX": 0.0,
  "p_cnot_ZY": 0.0,
  "p_cnot_ZZ": 0.0,
  "p_idle_cnot_X": 0.0006929630309577205,
  "p_idle_cnot_Y": 0.00043575735910510714,
  "p_idle_cnot_Z": 7.605660130537301e-05,
  "p_idle_spam_X": 0.00040862533567284984,
  "p_idle_spam_Y": 0.0011901496637377797,
  "p_idle_spam_Z": 0.0,
  "p_meas_X": 0.0018392193112953862,
  "p_meas_Z": 0.0018392193112953862,
  "p_prep_X": 0.001062054554188398,
  "p_prep_Z": 0.001062054554188398
}