{
  "p_cnot_IX": 0.0005875959046682384,
  "p_cnot_IY": 0.00015825271020651884,
  "p_cnot_IZ": 0.0,
  "p_cnot_XI": 0.0010835474141714706,
  "p_cnot_XX": 0.00019704394128446518,
  "p_cnot_XY": 0.0,
  "p_cnot_XZ": 0.0010863794837618168,
  "p_cnot_YI": 0.0004923446366153331,
  "p_cnot_YX": 0.0015801020706651273,
  "p_cnot_YY": 1.8545995460269235e-05,
  "p_cnot_YZ": 0.0004955644041947063,
  "p_cnot_ZI": 0.0,
  "p_cnot_ZX": 0.0,
  "p_cnot_ZY": 0.0005725355975453361,
  "p_cnot_ZZ": 1.3595476216931367e-05,
  "p_idle_cnot_X": 0.0,
  "p_idle_cnot_Y": 1.4617540257350532e-05,
  "p_idle_cnot_Z": 0.0,
  "p_idle_spam_X": 0.0002897345747441458,
  "p_idle_spam_Y": 0.0012761313869330828,
  "p_idle_spam_Z": 0.0,
  "p_meas_X": 0.0074995793631241064,
  "p_meas_Z": 0.0074995793631241064,
  "p_prep_X": 0.002436513878451823,
  "p_prep_Z": 0.002436513878451823
}