{
  "p_cnot_IX": 0.0014845775088499777,
  "p_cnot_IY": 0.00032642133289212947,
  "p_cnot_IZ": 0.0,
  "p_cnot_XI": 0.0003149108192078855,
  "p_cnot_XX": 0.0,
  "p_cnot_XY": 0.00023061885803875217,
  "p_cnot_XZ": 0.00032057985477306345,
  "p_cnot_YI": 0.0007223490976881864,
  "p_cnot_YX": 0.0,
  "p_cnot_YY": 0.00033732539281384924,
  "p_cnot_YZ": 0.0007251211579560387,
  "p_cnot_ZI": 0.00022422907086388778,
  "p_cnot_ZX": 0.0003943092897086791,
  "p_cnot_ZY": 0.00041996323382021767,
  "p_cnot_ZZ": 4.943755184926666e-05,
  "p_idle_cnot_X": 2.776387463871812e-05,
  "p_idle_cnot_Y": 3.509726301836959e-06,
  "p_idle_cnot_Z": 0.0,
  "p_idle_spam_X": 0.0008376763764250325,
  "p_idle_spam_Y": 0.0021362589416010803,
  "p_idle_spam_Z": 0.0,
  "p_meas_X": 0.0060712819219496715,
  "p_meas_Z": 0.0060712819219496715,
  "p_prep_X": 0.0006614777701587593,
  "p_prep_Z": 0.0006614777701587593
}