{
  "p_cnot_IX": 0.0018649071521117796,
  "p_cnot_IY": 0.0,
  "p_cnot_IZ": 0.0,
  "p_cnot_XI": 2.7720407883988672e-05,
  "p_cnot_XX": 0.0006071790083277812,
  "p_cnot_XY": 0.0,
  "p_cnot_XZ": 2.7532054345414433e-05,
  "p_cnot_YI": 0.0011164216505164877,
  "p_cnot_YX": 0.0008550124995037207,
  "p_cnot_YY": 7.980042347307768e-05,
  "p_cnot_YZ": 0.0011213172593038606,
  "p_cnot_ZI": 0.0,
  "p_cnot_ZX": 0.0014383823743019098,
  "p_cnot_ZY": 2.008788621746406e-05,
  "p_cnot_ZZ": 0.0,
  "p_idle_cnot_X": 0.0,
  "p_idle_cnot_Y": 0.0,
  "p_idle_cnot_Z": 0.0,
  "p_idle_spam_X": 0.0,
  "p_idle_spam_Y": 0.001765472225292592,
  "p_idle_spam_Z": 0.0,
  "p_meas_X": 0.0035918773346946217,
  "p_meas_Z": 0.0035918773346946217,
  "p_prep_X": 0.0010722908255286602,
  "p_prep_Z": 0.0010722908255286602
}