{
  "p_cnot_IX": 0.0015989887244315358,
  "p_cnot_IY": 7.428477870611804e-05,
  "p_cnot_IZ": 0.0,
  "p_cnot_XI": 0.0006978292466000752,
  "p_cnot_XX": 0.00018616950689149893,
  "p_cnot_XY": 0.0,
  "p_cnot_XZ": 0.0006981732037762526,
  "p_cnot_YI": 0.0008880718845822094,
  "p_cnot_YX": 0.0013990774451204332,
  "p_cnot_YY": 0.0,
  "p_cnot_YZ": 0.0008892687814858927,
  "p_cnot_ZI": 0.0,
  "p_cnot_ZX": 0.0002990432752555608,
  "p_cnot_ZY": 0.00026853575657286374,
  "p_cnot_ZZ": 0.0,
  "p_idle_cnot_X": 0.0,
  "p_idle_cnot_Y": 0.0,
  "p_idle_cnot_Z": 0.0,
  "p_idle_spam_X": 0.00029311539311603727,
  "p_idle_spam_Y": 0.0011300466292596923,
  "p_idle_spam_Z": 0.0,
  "p_meas_X": 0.005604298226598319,
  "p_meas_Z": 0.005604298226598319,
  "p_prep_X": 0.0,
  "p_prep_Z": 0.0
}