distance,basis,orientation,rounds,decoder,model,shots,ler,ler_per_cycle,decode_seconds,note
7,X,q6_7,1,ising,accurate,50000,nan,nan,0.0,skipped: rounds<2
7,X,q6_7,10,ising,accurate,50000,0.24848,0.03320063527158279,44.06932054297067,"R=13,rot=XV"
7,X,q6_7,13,ising,accurate,50000,0.27282,0.029438745290060464,62.83605657808948,"R=13,rot=XV"
7,X,q6_7,30,ising,accurate,50000,0.3336,0.018004724201638234,120.22836122696754,"R=13,rot=XV"
7,X,q6_7,50,ising,accurate,50000,0.37566,0.013724015808642576,198.59630080196075,"R=13,rot=XV"
7,X,q6_7,70,ising,accurate,50000,0.43464,0.01432436219074601,244.09070835297462,"R=13,rot=XV"
