distance,basis,orientation,rounds,decoder,model,shots,ler,ler_per_cycle,decode_seconds,note
7,X,q6_7,1,ising,fast,50000,nan,nan,0.0,skipped: rounds<2
7,X,q6_7,10,ising,fast,50000,0.25392,0.03422021539243242,22.82097411598079,"R=9,rot=XV"
7,X,q6_7,13,ising,fast,50000,0.27848,0.030351102368332494,29.561532602994703,"R=9,rot=XV"
7,X,q6_7,30,ising,fast,50000,0.34188,0.018824066300877296,68.46357482194435,"R=9,rot=XV"
7,X,q6_7,50,ising,fast,50000,0.38822,0.014758556104188802,110.3859698169399,"R=9,rot=XV"
7,X,q6_7,70,ising,fast,50000,0.4411,0.015045882181865755,155.12240482703783,"R=9,rot=XV"
