distance,basis,orientation,rounds,decoder,model,shots,ler,ler_per_cycle,decode_seconds,note
7,Z,q6_7,1,ising,accurate,50000,nan,nan,0.0,skipped: rounds<2
7,Z,q6_7,10,ising,accurate,50000,0.24018,0.031682634764113815,36.475853618001565,"R=13,rot=XV"
7,Z,q6_7,13,ising,accurate,50000,0.25352,0.026478030138766318,46.6662576100789,"R=13,rot=XV"
7,Z,q6_7,30,ising,accurate,50000,0.32408,0.017110037549965373,112.67172925407067,"R=13,rot=XV"
7,Z,q6_7,50,ising,accurate,50000,0.35356,0.012130353560577956,206.96575448510703,"R=13,rot=XV"
7,Z,q6_7,70,ising,accurate,50000,0.4013,0.011456167484346191,243.41426315694116,"R=13,rot=XV"
