distance,basis,orientation,rounds,decoder,model,shots,ler,ler_per_cycle,decode_seconds,note
7,Z,q6_7,1,ising,fast,50000,nan,nan,0.0,skipped: rounds<2
7,Z,q6_7,10,ising,fast,50000,0.24584,0.03271297306339993,23.402482494944707,"R=9,rot=XV"
7,Z,q6_7,13,ising,fast,50000,0.25934,0.027347626173105155,30.91529337107204,"R=9,rot=XV"
7,Z,q6_7,30,ising,fast,50000,0.33358,0.01800279324299453,68.57238479703665,"R=9,rot=XV"
7,Z,q6_7,50,ising,fast,50000,0.36274,0.012761627197824754,107.13190701394342,"R=9,rot=XV"
7,Z,q6_7,70,ising,fast,50000,0.41036,0.012127685709568792,159.81924439501017,"R=9,rot=XV"
