{
  "p_cnot_IX": 0.0,
  "p_cnot_IY": 0.00012268575271653893,
  "p_cnot_IZ": 0.0,
  "p_cnot_XI": 0.0,
  "p_cnot_XX": 0.0,
  "p_cnot_XY": 0.0,
  "p_cnot_XZ": 0.0,
  "p_cnot_YI": 0.0,
  "p_cnot_YX": 0.0,
  "p_cnot_YY": 0.0,
  "p_cnot_YZ": 0.0,
  "p_cnot_ZI": 0.0,
  "p_cnot_ZX": 0.0,
  "p_cnot_ZY": 7.175322327600051e-05,
  "p_cnot_ZZ": 1.3402015190000692e-06,
  "p_idle_cnot_X": 0.0,
  "p_idle_cnot_Y": 0.0008373056225092085,
  "p_idle_cnot_Z": 0.0,
  "p_idle_spam_X": 0.0034543025056580664,
  "p_idle_spam_Y": 0.0011109049911394008,
  "p_idle_spam_Z": 0.0,
  "p_meas_X": 0.0054299611943229254,
  "p_meas_Z": 0.0054299611943229254,
  "p_prep_X": 0.0014305840742606173,
  "p_prep_Z": 0.0014305840742606173
}