{
  "p_cnot_IX": 0.0017842539762305768,
  "p_cnot_IY": 0.0,
  "p_cnot_IZ": 0.0,
  "p_cnot_XI": 0.0,
  "p_cnot_XX": 0.0,
  "p_cnot_XY": 0.0023402805057967544,
  "p_cnot_XZ": 0.0,
  "p_cnot_YI": 0.00026853814306264433,
  "p_cnot_YX": 0.0,
  "p_cnot_YY": 0.00024632898473970555,
  "p_cnot_YZ": 0.00022494067801308046,
  "p_cnot_ZI": 0.0023400104866903807,
  "p_cnot_ZX": 0.0,
  "p_cnot_ZY": 0.0,
  "p_cnot_ZZ": 0.0,
  "p_idle_cnot_X": 0.0,
  "p_idle_cnot_Y": 0.00038415094856093817,
  "p_idle_cnot_Z": 0.0,
  "p_idle_spam_X": 0.0,
  "p_idle_spam_Y": 0.001017150489272876,
  "p_idle_spam_Z": 0.0,
  "p_meas_X": 0.0008268142280667499,
  "p_meas_Z": 0.0008268142280667499,
  "p_prep_X": 0.002790881642015561,
  "p_prep_Z": 0.002790881642015561
}