{
  "p_cnot_IX": 0.0025345223910658602,
  "p_cnot_IY": 0.0015275951090015774,
  "p_cnot_IZ": 0.0,
  "p_cnot_XI": 0.0,
  "p_cnot_XX": 0.0,
  "p_cnot_XY": 0.000721821030631307,
  "p_cnot_XZ": 0.0,
  "p_cnot_YI": 0.0,
  "p_cnot_YX": 0.0,
  "p_cnot_YY": 0.0,
  "p_cnot_YZ": 0.0,
  "p_cnot_ZI": 0.0011374549374464627,
  "p_cnot_ZX": 0.0,
  "p_cnot_ZY": 6.232399158135869e-06,
  "p_cnot_ZZ": 0.0,
  "p_idle_cnot_X": 0.0,
  "p_idle_cnot_Y": 0.0008388319850065862,
  "p_idle_cnot_Z": 0.0,
  "p_idle_spam_X": 0.0,
  "p_idle_spam_Y": 0.0005235911683354333,
  "p_idle_spam_Z": 0.0,
  "p_meas_X": 0.0030279661342642386,
  "p_meas_Z": 0.0030279661342642386,
  "p_prep_X": 0.003980655556105216,
  "p_prep_Z": 0.003980655556105216
}