{
  "p_cnot_IX": 0.0,
  "p_cnot_IY": 3.6012296617794175e-06,
  "p_cnot_IZ": 4.5719659585818594e-05,
  "p_cnot_XI": 1.683715617441369e-05,
  "p_cnot_XX": 0.0012532077809262608,
  "p_cnot_XY": 0.0,
  "p_cnot_XZ": 2.04758822696638e-05,
  "p_cnot_YI": 0.0,
  "p_cnot_YX": 0.00010533904527296375,
  "p_cnot_YY": 0.0,
  "p_cnot_YZ": 0.0,
  "p_cnot_ZI": 0.000960985153388111,
  "p_cnot_ZX": 0.0,
  "p_cnot_ZY": 0.0,
  "p_cnot_ZZ": 0.0002846562639204478,
  "p_idle_cnot_X": 7.47043257077961e-05,
  "p_idle_cnot_Y": 0.0004020017658300504,
  "p_idle_cnot_Z": 0.0,
  "p_idle_spam_X": 0.0015608735903350204,
  "p_idle_spam_Y": 0.0011893891824178231,
  "p_idle_spam_Z": 0.0,
  "p_meas_X": 0.005747537949941875,
  "p_meas_Z": 0.005747537949941875,
  "p_prep_X": 0.0009153589490934942,
  "p_prep_Z": 0.0009153589490934942
}