{
  "p_cnot_IX": 0.0005797208692350709,
  "p_cnot_IY": 0.0,
  "p_cnot_IZ": 0.0,
  "p_cnot_XI": 0.0008862982548704004,
  "p_cnot_XX": 0.0,
  "p_cnot_XY": 0.002548175851788177,
  "p_cnot_XZ": 0.0008966401510042298,
  "p_cnot_YI": 0.0011494482708987353,
  "p_cnot_YX": 0.0,
  "p_cnot_YY": 0.0,
  "p_cnot_YZ": 0.0010667760053496725,
  "p_cnot_ZI": 0.00011229196518116807,
  "p_cnot_ZX": 0.0,
  "p_cnot_ZY": 0.0,
  "p_cnot_ZZ": 0.0,
  "p_idle_cnot_X": 0.00033468697783569604,
  "p_idle_cnot_Y": 0.0,
  "p_idle_cnot_Z": 0.0,
  "p_idle_spam_X": 0.0008947978480342653,
  "p_idle_spam_Y": 0.002575250314684081,
  "p_idle_spam_Z": 0.0,
  "p_meas_X": 0.00549915332381463,
  "p_meas_Z": 0.00549915332381463,
  "p_prep_X": 0.0020108542029031594,
  "p_prep_Z": 0.0020108542029031594
}