{
  "p_cnot_IX": 0.0,
  "p_cnot_IY": 0.0,
  "p_cnot_IZ": 0.0,
  "p_cnot_XI": 0.0,
  "p_cnot_XX": 0.0,
  "p_cnot_XY": 0.001279833616720254,
  "p_cnot_XZ": 0.0,
  "p_cnot_YI": 0.0,
  "p_cnot_YX": 0.0,
  "p_cnot_YY": 0.00011995392609336911,
  "p_cnot_YZ": 0.0,
  "p_cnot_ZI": 0.0012006725245718075,
  "p_cnot_ZX": 0.0,
  "p_cnot_ZY": 0.0,
  "p_cnot_ZZ": 0.00044805614233013976,
  "p_idle_cnot_X": 0.0003212472263009724,
  "p_idle_cnot_Y": 0.00019894277622595848,
  "p_idle_cnot_Z": 0.0,
  "p_idle_spam_X": 0.0015166580372055931,
  "p_idle_spam_Y": 0.0021662712972109264,
  "p_idle_spam_Z": 0.0005194914482076219,
  "p_meas_X": 0.005007975338760746,
  "p_meas_Z": 0.005007975338760746,
  "p_prep_X": 0.0,
  "p_prep_Z": 0.0
}