{
  "p_cnot_IX": 0.0,
  "p_cnot_IY": 4.281510537208802e-05,
  "p_cnot_IZ": 0.0,
  "p_cnot_XI": 1.38689250875762e-07,
  "p_cnot_XX": 1.8451911086275624e-05,
  "p_cnot_XY": 3.924936583926557e-06,
  "p_cnot_XZ": 0.0,
  "p_cnot_YI": 0.0006557876741405382,
  "p_cnot_YX": 0.0,
  "p_cnot_YY": 0.0,
  "p_cnot_YZ": 0.0006724071157567774,
  "p_cnot_ZI": 0.0006895856073925339,
  "p_cnot_ZX": 0.0,
  "p_cnot_ZY": 4.142463103649359e-05,
  "p_cnot_ZZ": 0.0005283051808992074,
  "p_idle_cnot_X": 0.0013321484090672085,
  "p_idle_cnot_Y": 3.158032209790989e-06,
  "p_idle_cnot_Z": 0.0,
  "p_idle_spam_X": 0.0010395685279237273,
  "p_idle_spam_Y": 0.0023926962808076585,
  "p_idle_spam_Z": 4.5476914809679233e-07,
  "p_meas_X": 0.0018239148926498824,
  "p_meas_Z": 0.0018239148926498824,
  "p_prep_X": 0.0008010870111306921,
  "p_prep_Z": 0.0008010870111306921
}