{
  "p_cnot_IX": 0.0,
  "p_cnot_IY": 0.00024322613913909657,
  "p_cnot_IZ": 0.00034375064374676605,
  "p_cnot_XI": 0.0002804036627227293,
  "p_cnot_XX": 0.00021529514842141926,
  "p_cnot_XY": 0.0,
  "p_cnot_XZ": 0.0002847147678204286,
  "p_cnot_YI": 7.493956376151102e-05,
  "p_cnot_YX": 0.0011108807314260556,
  "p_cnot_YY": 0.0,
  "p_cnot_YZ": 3.745287753320086e-06,
  "p_cnot_ZI": 0.0,
  "p_cnot_ZX": 0.0,
  "p_cnot_ZY": 1.3107316257025793e-05,
  "p_cnot_ZZ": 0.00045289996496863954,
  "p_idle_cnot_X": 0.00028287491054840346,
  "p_idle_cnot_Y": 0.00017255631027179034,
  "p_idle_cnot_Z": 0.0,
  "p_idle_spam_X": 0.001439615725326212,
  "p_idle_spam_Y": 0.0022857893180838803,
  "p_idle_spam_Z": 0.0,
  "p_meas_X": 0.00593590901491652,
  "p_meas_Z": 0.00593590901491652,
  "p_prep_X": 0.0022521368710181075,
  "p_prep_Z": 0.0022521368710181075
}