{
  "p_cnot_IX": 0.0007107394550020252,
  "p_cnot_IY": 0.0,
  "p_cnot_IZ": 0.0,
  "p_cnot_XI": 8.441737784170638e-05,
  "p_cnot_XX": 0.0,
  "p_cnot_XY": 0.0,
  "p_cnot_XZ": 8.309533340693715e-05,
  "p_cnot_YI": 0.00032366285030357923,
  "p_cnot_YX": 0.0,
  "p_cnot_YY": 0.0007031122378189792,
  "p_cnot_YZ": 0.0003175017596691854,
  "p_cnot_ZI": 0.00048656229123960167,
  "p_cnot_ZX": 0.0,
  "p_cnot_ZY": 0.0,
  "p_cnot_ZZ": 0.0,
  "p_idle_cnot_X": 0.00047870746755274254,
  "p_idle_cnot_Y": 0.00047617048328213836,
  "p_idle_cnot_Z": 0.0,
  "p_idle_spam_X": 0.0017193124876944018,
  "p_idle_spam_Y": 0.001997586859941105,
  "p_idle_spam_Z": 0.0,
  "p_meas_X": 0.004302517014498675,
  "p_meas_Z": 0.004302517014498675,
  "p_prep_X": 0.0,
  "p_prep_Z": 0.0
}