{
  "p_cnot_IX": 0.0019303655387856676,
  "p_cnot_IY": 0.0,
  "p_cnot_IZ": 0.0,
  "p_cnot_XI": 0.00019398184460742485,
  "p_cnot_XX": 0.00023053869518183234,
  "p_cnot_XY": 5.2825377746242445e-06,
  "p_cnot_XZ": 0.00020000212820414626,
  "p_cnot_YI": 0.0011300081448137192,
  "p_cnot_YX": 0.0009997743245438407,
  "p_cnot_YY": 0.0,
  "p_cnot_YZ": 0.0011310274288468371,
  "p_cnot_ZI": 0.0,
  "p_cnot_ZX": 0.001580713472536691,
  "p_cnot_ZY": 0.0,
  "p_cnot_ZZ": 0.0,
  "p_idle_cnot_X": 0.0,
  "p_idle_cnot_Y": 0.0,
  "p_idle_cnot_Z": 0.0,
  "p_idle_spam_X": 0.0,
  "p_idle_spam_Y": 0.0019254241226142658,
  "p_idle_spam_Z": 0.0,
  "p_meas_X": 0.004250950195482816,
  "p_meas_Z": 0.004250950195482816,
  "p_prep_X": 0.0,
  "p_prep_Z": 0.0
}