{
  "p_cnot_IX": 0.00020958817540550894,
  "p_cnot_IY": 1.5421045545192878e-06,
  "p_cnot_IZ": 0.0,
  "p_cnot_XI": 0.0005111872411115736,
  "p_cnot_XX": 0.0,
  "p_cnot_XY": 0.0019443382015692772,
  "p_cnot_XZ": 0.0005071268617072544,
  "p_cnot_YI": 0.00017345499457981008,
  "p_cnot_YX": 0.0,
  "p_cnot_YY": 0.0,
  "p_cnot_YZ": 0.0001644239456962653,
  "p_cnot_ZI": 0.0010780233839524321,
  "p_cnot_ZX": 0.0,
  "p_cnot_ZY": 0.0,
  "p_cnot_ZZ": 0.00016285763772886738,
  "p_idle_cnot_X": 0.000643298781279654,
  "p_idle_cnot_Y": 0.00040379661068013005,
  "p_idle_cnot_Z": 0.0,
  "p_idle_spam_X": 0.00013191116493857993,
  "p_idle_spam_Y": 0.0013279357228612528,
  "p_idle_spam_Z": 0.0,
  "p_meas_X": 0.004621573580781656,
  "p_meas_Z": 0.004621573580781656,
  "p_prep_X": 0.0010207289516599364,
  "p_prep_Z": 0.0010207289516599364
}