{
  "p_cnot_IX": 0.0007638063433991901,
  "p_cnot_IY": 1.05897004236787e-05,
  "p_cnot_IZ": 0.0,
  "p_cnot_XI": 0.0005289993031625252,
  "p_cnot_XX": 0.0,
  "p_cnot_XY": 3.124708975759309e-06,
  "p_cnot_XZ": 0.0005353893396821701,
  "p_cnot_YI": 0.0007779034193054135,
  "p_cnot_YX": 0.0,
  "p_cnot_YY": 0.0004342428004539483,
  "p_cnot_YZ": 0.0007814381959151107,
  "p_cnot_ZI": 0.0,
  "p_cnot_ZX": 0.0008397773192726774,
  "p_cnot_ZY": 0.0008798721338984325,
  "p_cnot_ZZ": 0.0,
  "p_idle_cnot_X": 0.0,
  "p_idle_cnot_Y": 0.0,
  "p_idle_cnot_Z": 0.0,
  "p_idle_spam_X": 0.0011496102101217183,
  "p_idle_spam_Y": 0.001951244812286325,
  "p_idle_spam_Z": 0.0,
  "p_meas_X": 0.007240377789934558,
  "p_meas_Z": 0.007240377789934558,
  "p_prep_X": 0.0,
  "p_prep_Z": 0.0
}