{
  "p_cnot_IX": 0.0,
  "p_cnot_IY": 0.0004819802321065177,
  "p_cnot_IZ": 0.0,
  "p_cnot_XI": 0.0009465442170742289,
  "p_cnot_XX": 0.00033762951359678597,
  "p_cnot_XY": 0.0,
  "p_cnot_XZ": 0.000984455138485836,
  "p_cnot_YI": 0.0005779099036034103,
  "p_cnot_YX": 0.001681384362658385,
  "p_cnot_YY": 0.0,
  "p_cnot_YZ": 0.0005706916032535809,
  "p_cnot_ZI": 0.0,
  "p_cnot_ZX": 0.00036444500116494273,
  "p_cnot_ZY": 5.0864558523908214e-05,
  "p_cnot_ZZ": 0.0,
  "p_idle_cnot_X": 0.0,
  "p_idle_cnot_Y": 0.0,
  "p_idle_cnot_Z": 0.0,
  "p_idle_spam_X": 0.0005529803205693785,
  "p_idle_spam_Y": 0.0013280196912446463,
  "p_idle_spam_Z": 0.0,
  "p_meas_X": 0.00863863756253828,
  "p_meas_Z": 0.00863863756253828,
  "p_prep_X": 0.0009369663782652134,
  "p_prep_Z": 0.0009369663782652134
}