{
  "p_cnot_IX": 0.0009785476514268506,
  "p_cnot_IY": 0.00011849579587633745,
  "p_cnot_IZ": 0.0,
  "p_cnot_XI": 0.0003905199883891106,
  "p_cnot_XX": 0.00085587033914945,
  "p_cnot_XY": 0.0006373157503706768,
  "p_cnot_XZ": 0.00039155507061349956,
  "p_cnot_YI": 0.0008456952014732948,
  "p_cnot_YX": 0.0005007143640988185,
  "p_cnot_YY": 0.00028081129801902765,
  "p_cnot_YZ": 0.0008477690159435209,
  "p_cnot_ZI": 0.000944549179610762,
  "p_cnot_ZX": 0.0005573889065054313,
  "p_cnot_ZY": 0.0,
  "p_cnot_ZZ": 0.0,
  "p_idle_cnot_X": 0.0,
  "p_idle_cnot_Y": 0.0,
  "p_idle_cnot_Z": 5.6939526534086525e-05,
  "p_idle_spam_X": 0.0006561524007413957,
  "p_idle_spam_Y": 0.0010320082594917096,
  "p_idle_spam_Z": 0.0,
  "p_meas_X": 0.001282889224400654,
  "p_meas_Z": 0.001282889224400654,
  "p_prep_X": 0.0007681332194134572,
  "p_prep_Z": 0.0007681332194134572
}