{
  "p_cnot_IX": 0.0,
  "p_cnot_IY": 1.1712143283746344e-05,
  "p_cnot_IZ": 0.0,
  "p_cnot_XI": 0.0,
  "p_cnot_XX": 0.0,
  "p_cnot_XY": 0.0,
  "p_cnot_XZ": 0.0,
  "p_cnot_YI": 0.0,
  "p_cnot_YX": 0.0,
  "p_cnot_YY": 0.0,
  "p_cnot_YZ": 0.0,
  "p_cnot_ZI": 0.0,
  "p_cnot_ZX": 0.0,
  "p_cnot_ZY": 0.0,
  "p_cnot_ZZ": 4.7175240911437095e-05,
  "p_idle_cnot_X": 0.0,
  "p_idle_cnot_Y": 0.0008856329511865062,
  "p_idle_cnot_Z": 0.0,
  "p_idle_spam_X": 0.0038017008423328674,
  "p_idle_spam_Y": 0.001054434474521626,
  "p_idle_spam_Z": 0.0,
  "p_meas_X": 0.0061633481235493165,
  "p_meas_Z": 0.0061633481235493165,
  "p_prep_X": 0.0,
  "p_prep_Z": 0.0
}