{
  "p_cnot_IX": 0.002177328823757236,
  "p_cnot_IY": 0.001762561517142658,
  "p_cnot_IZ": 0.0,
  "p_cnot_XI": 0.0,
  "p_cnot_XX": 0.0,
  "p_cnot_XY": 0.0005614938321124722,
  "p_cnot_XZ": 0.0,
  "p_cnot_YI": 0.0,
  "p_cnot_YX": 0.0,
  "p_cnot_YY": 0.0,
  "p_cnot_YZ": 0.0,
  "p_cnot_ZI": 0.0009735252374076727,
  "p_cnot_ZX": 0.0,
  "p_cnot_ZY": 0.0,
  "p_cnot_ZZ": 0.0,
  "p_idle_cnot_X": 8.662814761320695e-05,
  "p_idle_cnot_Y": 0.000821194222728452,
  "p_idle_cnot_Z": 0.0,
  "p_idle_spam_X": 0.0,
  "p_idle_spam_Y": 0.0004937121640106165,
  "p_idle_spam_Z": 0.0,
  "p_meas_X": 0.0018731136677426828,
  "p_meas_Z": 0.0018731136677426828,
  "p_prep_X": 0.005889860825663489,
  "p_prep_Z": 0.005889860825663489
}