{
  "p_cnot_IX": 0.0,
  "p_cnot_IY": 0.0,
  "p_cnot_IZ": 0.0,
  "p_cnot_XI": 0.0,
  "p_cnot_XX": 0.0,
  "p_cnot_XY": 0.001310636771891463,
  "p_cnot_XZ": 0.0,
  "p_cnot_YI": 0.0,
  "p_cnot_YX": 0.0,
  "p_cnot_YY": 0.00013150266885091747,
  "p_cnot_YZ": 0.0,
  "p_cnot_ZI": 0.0012182003851587005,
  "p_cnot_ZX": 0.0,
  "p_cnot_ZY": 0.0,
  "p_cnot_ZZ": 0.0004391843877383155,
  "p_idle_cnot_X": 0.0002972174521555459,
  "p_idle_cnot_Y": 0.00019515085226657014,
  "p_idle_cnot_Z": 0.0,
  "p_idle_spam_X": 0.0015294554583277192,
  "p_idle_spam_Y": 0.002179958439059433,
  "p_idle_spam_Z": 0.0005310424785371964,
  "p_meas_X": 0.005011015578706794,
  "p_meas_Z": 0.005011015578706794,
  "p_prep_X": 0.0,
  "p_prep_Z": 0.0
}