{
  "p_cnot_IX": 0.0017584944742758356,
  "p_cnot_IY": 0.0,
  "p_cnot_IZ": 0.0,
  "p_cnot_XI": 4.9513371119010636e-05,
  "p_cnot_XX": 0.0,
  "p_cnot_XY": 0.0023015259554149234,
  "p_cnot_XZ": 5.5636632438384634e-08,
  "p_cnot_YI": 0.0002638445036231792,
  "p_cnot_YX": 0.0,
  "p_cnot_YY": 0.00027602714860056423,
  "p_cnot_YZ": 0.00021638420984014753,
  "p_cnot_ZI": 0.0023515787823385624,
  "p_cnot_ZX": 0.0,
  "p_cnot_ZY": 0.0,
  "p_cnot_ZZ": 0.0,
  "p_idle_cnot_X": 0.0,
  "p_idle_cnot_Y": 0.0003972122845033393,
  "p_idle_cnot_Z": 0.0,
  "p_idle_spam_X": 0.0,
  "p_idle_spam_Y": 0.0010048978002924187,
  "p_idle_spam_Z": 0.0,
  "p_meas_X": 0.0009094113724794545,
  "p_meas_Z": 0.0009094113724794545,
  "p_prep_X": 0.002587995178031469,
  "p_prep_Z": 0.002587995178031469
}