{
  "p_cnot_IX": 0.0,
  "p_cnot_IY": 0.0,
  "p_cnot_IZ": 0.00013827964385577506,
  "p_cnot_XI": 6.624809440991003e-05,
  "p_cnot_XX": 0.000672736464883223,
  "p_cnot_XY": 0.0,
  "p_cnot_XZ": 0.0002656944410938118,
  "p_cnot_YI": 0.0,
  "p_cnot_YX": 0.000244961095592738,
  "p_cnot_YY": 0.0,
  "p_cnot_YZ": 0.00029780275953712905,
  "p_cnot_ZI": 0.0004493093521546455,
  "p_cnot_ZX": 0.0,
  "p_cnot_ZY": 0.0,
  "p_cnot_ZZ": 0.00038412302975970403,
  "p_idle_cnot_X": 0.0,
  "p_idle_cnot_Y": 0.00035519798335430225,
  "p_idle_cnot_Z": 0.0,
  "p_idle_spam_X": 0.002173615095989455,
  "p_idle_spam_Y": 0.0012006335404556232,
  "p_idle_spam_Z": 0.0,
  "p_meas_X": 0.007124415260909343,
  "p_meas_Z": 0.007124415260909343,
  "p_prep_X": 0.0,
  "p_prep_Z": 0.0
}