{
  "p_cnot_IX": 0.0,
  "p_cnot_IY": 0.0,
  "p_cnot_IZ": 0.00048372158577350804,
  "p_cnot_XI": 0.0002264704491127673,
  "p_cnot_XX": 0.00028663432003035873,
  "p_cnot_XY": 0.0,
  "p_cnot_XZ": 0.00039373188727857356,
  "p_cnot_YI": 0.0,
  "p_cnot_YX": 0.0013132888145953685,
  "p_cnot_YY": 0.0,
  "p_cnot_YZ": 0.0,
  "p_cnot_ZI": 0.0,
  "p_cnot_ZX": 0.0,
  "p_cnot_ZY": 1.6026701648035038e-05,
  "p_cnot_ZZ": 0.0005489440512298372,
  "p_idle_cnot_X": 9.812110068226769e-05,
  "p_idle_cnot_Y": 0.00020365932598984023,
  "p_idle_cnot_Z": 0.0,
  "p_idle_spam_X": 0.0018514319582128035,
  "p_idle_spam_Y": 0.0022116894948754043,
  "p_idle_spam_Z": 0.0,
  "p_meas_X": 0.006488697672749181,
  "p_meas_Z": 0.006488697672749181,
  "p_prep_X": 0.0016472250014785588,
  "p_prep_Z": 0.0016472250014785588
}