{
  "p_cnot_IX": 0.0,
  "p_cnot_IY": 0.0,
  "p_cnot_IZ": 1.8991645650977708e-05,
  "p_cnot_XI": 7.597448326119715e-06,
  "p_cnot_XX": 0.00022569225417011962,
  "p_cnot_XY": 3.3879558987604873e-05,
  "p_cnot_XZ": 2.0226863801308408e-05,
  "p_cnot_YI": 0.00034098035447145415,
  "p_cnot_YX": 0.0,
  "p_cnot_YY": 0.0,
  "p_cnot_YZ": 0.0008123070487931976,
  "p_cnot_ZI": 0.0004086734542931081,
  "p_cnot_ZX": 0.0,
  "p_cnot_ZY": 0.0,
  "p_cnot_ZZ": 0.0006170057523630214,
  "p_idle_cnot_X": 0.0015546133876831363,
  "p_idle_cnot_Y": 0.0,
  "p_idle_cnot_Z": 0.0,
  "p_idle_spam_X": 0.0001629516434060231,
  "p_idle_spam_Y": 0.002279374764423988,
  "p_idle_spam_Z": 0.0,
  "p_meas_X": 0.0032854775074066737,
  "p_meas_Z": 0.0032854775074066737,
  "p_prep_X": 0.0,
  "p_prep_Z": 0.0
}