{
  "p_cnot_IX": 0.0005912468357875931,
  "p_cnot_IY": 4.875259787620992e-06,
  "p_cnot_IZ": 0.0,
  "p_cnot_XI": 3.851260259671483e-05,
  "p_cnot_XX": 0.0,
  "p_cnot_XY": 0.0,
  "p_cnot_XZ": 9.192819330066435e-05,
  "p_cnot_YI": 0.00029061430491682575,
  "p_cnot_YX": 0.0,
  "p_cnot_YY": 0.000782802734420281,
  "p_cnot_YZ": 0.00027291046612000426,
  "p_cnot_ZI": 0.00048545528671653824,
  "p_cnot_ZX": 0.0,
  "p_cnot_ZY": 0.0,
  "p_cnot_ZZ": 7.059489410664158e-06,
  "p_idle_cnot_X": 0.0005211091623314588,
  "p_idle_cnot_Y": 0.0004707726598025237,
  "p_idle_cnot_Z": 0.0,
  "p_idle_spam_X": 0.0017298995751348712,
  "p_idle_spam_Y": 0.001980433567931984,
  "p_idle_spam_Z": 0.0,
  "p_meas_X": 0.0044458343472133085,
  "p_meas_Z": 0.0044458343472133085,
  "p_prep_X": 0.0,
  "p_prep_Z": 0.0
}