{
  "p_cnot_IX": 0.0006421899648705457,
  "p_cnot_IY": 0.0,
  "p_cnot_IZ": 0.0,
  "p_cnot_XI": 0.0008787397899731045,
  "p_cnot_XX": 0.0,
  "p_cnot_XY": 0.0025411379403560684,
  "p_cnot_XZ": 0.0008989573220971052,
  "p_cnot_YI": 0.0011492290624562538,
  "p_cnot_YX": 0.0,
  "p_cnot_YY": 0.0,
  "p_cnot_YZ": 0.0010818729899479667,
  "p_cnot_ZI": 0.00012943450279253872,
  "p_cnot_ZX": 0.0,
  "p_cnot_ZY": 0.0,
  "p_cnot_ZZ": 0.0,
  "p_idle_cnot_X": 0.0003110331001456417,
  "p_idle_cnot_Y": 0.0,
  "p_idle_cnot_Z": 0.0,
  "p_idle_spam_X": 0.0009230920622218849,
  "p_idle_spam_Y": 0.002551912573151601,
  "p_idle_spam_Z": 0.0,
  "p_meas_X": 0.005625891839867694,
  "p_meas_Z": 0.005625891839867694,
  "p_prep_X": 0.0018509560818858572,
  "p_prep_Z": 0.0018509560818858572
}