{
  "p_cnot_IX": 0.0,
  "p_cnot_IY": 0.0004878868621137204,
  "p_cnot_IZ": 0.0,
  "p_cnot_XI": 0.000949467942588572,
  "p_cnot_XX": 0.0003126482442675067,
  "p_cnot_XY": 0.0,
  "p_cnot_XZ": 0.0009892749545130344,
  "p_cnot_YI": 0.0005769153436046345,
  "p_cnot_YX": 0.001716298069892417,
  "p_cnot_YY": 0.0,
  "p_cnot_YZ": 0.0005741134595779251,
  "p_cnot_ZI": 0.0,
  "p_cnot_ZX": 0.0004007943629761089,
  "p_cnot_ZY": 2.7589847425309395e-05,
  "p_cnot_ZZ": 0.0,
  "p_idle_cnot_X": 0.0,
  "p_idle_cnot_Y": 0.0,
  "p_idle_cnot_Z": 0.0,
  "p_idle_spam_X": 0.000525011072389485,
  "p_idle_spam_Y": 0.0013396291165955288,
  "p_idle_spam_Z": 0.0,
  "p_meas_X": 0.008609571995962026,
  "p_meas_Z": 0.008609571995962026,
  "p_prep_X": 0.0009569457247115705,
  "p_prep_Z": 0.0009569457247115705
}