{
  "p_cnot_IX": 0.00037019464104162236,
  "p_cnot_IY": 0.0,
  "p_cnot_IZ": 1.82345115002222e-05,
  "p_cnot_XI": 0.0004872446673734139,
  "p_cnot_XX": 0.0,
  "p_cnot_XY": 0.0017517199660561707,
  "p_cnot_XZ": 0.0004521433687773312,
  "p_cnot_YI": 0.0003317823630981369,
  "p_cnot_YX": 0.0,
  "p_cnot_YY": 0.0,
  "p_cnot_YZ": 0.000330721318597756,
  "p_cnot_ZI": 0.0010819665401419233,
  "p_cnot_ZX": 0.0,
  "p_cnot_ZY": 0.0,
  "p_cnot_ZZ": 0.0,
  "p_idle_cnot_X": 0.0006053527494781402,
  "p_idle_cnot_Y": 0.0004444993116690551,
  "p_idle_cnot_Z": 0.0,
  "p_idle_spam_X": 0.00025524804098755045,
  "p_idle_spam_Y": 0.0012944122544627952,
  "p_idle_spam_Z": 0.0,
  "p_meas_X": 0.00480467994206257,
  "p_meas_Z": 0.00480467994206257,
  "p_prep_X": 8.019700699362435e-05,
  "p_prep_Z": 8.019700699362435e-05
}