{
  "p_cnot_IX": 5.2679069171897405e-05,
  "p_cnot_IY": 0.0,
  "p_cnot_IZ": 0.0,
  "p_cnot_XI": 0.0004804004721940531,
  "p_cnot_XX": 0.0,
  "p_cnot_XY": 0.00037089600684115374,
  "p_cnot_XZ": 0.0004879323794455326,
  "p_cnot_YI": 0.0007337623216228056,
  "p_cnot_YX": 0.0,
  "p_cnot_YY": 0.00016533999308074933,
  "p_cnot_YZ": 0.0007411610654288747,
  "p_cnot_ZI": 0.0,
  "p_cnot_ZX": 0.0014081950954210893,
  "p_cnot_ZY": 0.0009453504804710994,
  "p_cnot_ZZ": 0.0,
  "p_idle_cnot_X": 0.0,
  "p_idle_cnot_Y": 0.0,
  "p_idle_cnot_Z": 0.0,
  "p_idle_spam_X": 0.0012863678305805662,
  "p_idle_spam_Y": 0.0019038244547994838,
  "p_idle_spam_Z": 0.0,
  "p_meas_X": 0.007446465027667534,
  "p_meas_Z": 0.007446465027667534,
  "p_prep_X": 0.0,
  "p_prep_Z": 0.0
}