{
  "p_cnot_IX": 0.001639626021980041,
  "p_cnot_IY": 0.0,
  "p_cnot_IZ": 0.0,
  "p_cnot_XI": 0.00016143369409314263,
  "p_cnot_XX": 0.000392010089107244,
  "p_cnot_XY": 0.0,
  "p_cnot_XZ": 9.494929825009827e-05,
  "p_cnot_YI": 0.0010960454207606168,
  "p_cnot_YX": 0.0009993577088475715,
  "p_cnot_YY": 0.0,
  "p_cnot_YZ": 0.0010884364646562446,
  "p_cnot_ZI": 0.0,
  "p_cnot_ZX": 0.0017474036622858783,
  "p_cnot_ZY": 0.0,
  "p_cnot_ZZ": 0.0,
  "p_idle_cnot_X": 0.0,
  "p_idle_cnot_Y": 0.0,
  "p_idle_cnot_Z": 0.0,
  "p_idle_spam_X": 0.0,
  "p_idle_spam_Y": 0.001898742517828074,
  "p_idle_spam_Z": 0.0,
  "p_meas_X": 0.0046049410499694205,
  "p_meas_Z": 0.0046049410499694205,
  "p_prep_X": 0.0,
  "p_prep_Z": 0.0
}