{
  "p_cnot_IX": 0.001236724918139684,
  "p_cnot_IY": 0.0002772832090375397,
  "p_cnot_IZ": 0.0,
  "p_cnot_XI": 0.0007967370541959507,
  "p_cnot_XX": 0.00030673166745827797,
  "p_cnot_XY": 0.0,
  "p_cnot_XZ": 0.0007968429952367514,
  "p_cnot_YI": 0.000851741120890144,
  "p_cnot_YX": 0.0012545651920532479,
  "p_cnot_YY": 2.3099054077408316e-05,
  "p_cnot_YZ": 0.0008513588018207474,
  "p_cnot_ZI": 0.0,
  "p_cnot_ZX": 0.00031655849677171143,
  "p_cnot_ZY": 0.00027444032230324196,
  "p_cnot_ZZ": 0.0,
  "p_idle_cnot_X": 0.0,
  "p_idle_cnot_Y": 0.0,
  "p_idle_cnot_Z": 0.0,
  "p_idle_spam_X": 0.0003178478232497752,
  "p_idle_spam_Y": 0.0010043414408027161,
  "p_idle_spam_Z": 0.0,
  "p_meas_X": 0.005128296427848022,
  "p_meas_Z": 0.005128296427848022,
  "p_prep_X": 0.0009265981083817753,
  "p_prep_Z": 0.0009265981083817753
}