{
  "p_cnot_IX": 0.000328300169317742,
  "p_cnot_IY": 0.0,
  "p_cnot_IZ": 0.0,
  "p_cnot_XI": 0.0008279175882112934,
  "p_cnot_XX": 0.0,
  "p_cnot_XY": 0.0017391494323872412,
  "p_cnot_XZ": 0.0008202940290084595,
  "p_cnot_YI": 0.0009115907307879483,
  "p_cnot_YX": 0.0,
  "p_cnot_YY": 0.00013211953090114026,
  "p_cnot_YZ": 0.0008979396425141045,
  "p_cnot_ZI": 0.0008511814195664815,
  "p_cnot_ZX": 0.0,
  "p_cnot_ZY": 0.0,
  "p_cnot_ZZ": 0.0,
  "p_idle_cnot_X": 0.00013878334488728235,
  "p_idle_cnot_Y": 0.0002599637754487198,
  "p_idle_cnot_Z": 9.661432231182272e-06,
  "p_idle_spam_X": 0.0016064420386146807,
  "p_idle_spam_Y": 0.002318219572569831,
  "p_idle_spam_Z": 0.0011896412577637196,
  "p_meas_X": 0.002422023718701897,
  "p_meas_Z": 0.002422023718701897,
  "p_prep_X": 0.0020066859117291416,
  "p_prep_Z": 0.0020066859117291416
}