distance,basis,orientation,rounds,decoder,model,shots,n_errors,ler,ler_per_cycle,decode_seconds,note
3,X,q6_7,1,bplsd,-,20000,53,0.00265,0.0026499999999999857,0.10328258597292006,
3,X,q6_7,10,bplsd,-,20000,2616,0.1308,0.014935855524508101,4.317400282016024,
3,X,q6_7,13,bplsd,-,20000,3203,0.16015,0.01463178474143656,6.658269517822191,
3,X,q6_7,30,bplsd,-,20000,5813,0.29065,0.014301491644615694,23.59905423503369,
