distance,basis,orientation,rounds,decoder,model,shots,n_errors,ler,ler_per_cycle,decode_seconds,note
3,X,q10_7,1,bplsd,-,20000,71,0.00355,0.0035499999999999976,0.10313182300888002,
3,X,q10_7,10,bplsd,-,20000,1742,0.0871,0.009479127376234298,3.441155500942841,
3,X,q10_7,13,bplsd,-,20000,2203,0.11015,0.009479979503727753,5.269328812835738,
3,X,q10_7,30,bplsd,-,20000,4339,0.21695,0.009393712757269135,20.758570661069825,
