distance,basis,orientation,rounds,decoder,model,shots,n_errors,ler,ler_per_cycle,decode_seconds,note
3,X,q8_9,1,bplsd,-,20000,111,0.00555,0.005549999999999999,0.10304660093970597,
3,X,q8_9,10,bplsd,-,20000,1782,0.0891,0.009717244767730504,3.1601681949105114,
3,X,q8_9,13,bplsd,-,20000,2229,0.11145,0.009605996324227317,4.766799482051283,
3,X,q8_9,30,bplsd,-,20000,4378,0.2189,0.009506753124917666,18.151928656967357,
