distance,basis,orientation,rounds,decoder,model,shots,n_errors,ler,ler_per_cycle,decode_seconds,note
3,X,q4_9,1,bplsd,-,20000,65,0.00325,0.003249999999999975,0.10367317008785903,
3,X,q4_9,10,bplsd,-,20000,1992,0.0996,0.010984741079670457,2.763663203921169,
3,X,q4_9,13,bplsd,-,20000,2395,0.11975,0.010419862042789885,4.2234589089639485,
3,X,q4_9,30,bplsd,-,20000,4213,0.21065,0.009033582458892409,15.648464899044484,
