{
  "p_cnot_IX": 0.0007128785579413355,
  "p_cnot_IY": 0.00031252755817612663,
  "p_cnot_IZ": 0.0,
  "p_cnot_XI": 9.776025673043078e-05,
  "p_cnot_XX": 0.0016029795260737501,
  "p_cnot_XY": 0.0005023810185890753,
  "p_cnot_XZ": 9.840942128659845e-05,
  "p_cnot_YI": 0.000681234458707777,
  "p_cnot_YX": 0.0004778046658755946,
  "p_cnot_YY": 0.0003768125593477719,
  "p_cnot_YZ": 0.0006826819798308762,
  "p_cnot_ZI": 0.0007490049537609582,
  "p_cnot_ZX": 0.0005974777798231583,
  "p_cnot_ZY": 0.00020581525011570173,
  "p_cnot_ZZ": 0.0004266594768036842,
  "p_idle_cnot_X": 0.0,
  "p_idle_cnot_Y": 0.0,
  "p_idle_cnot_Z": 0.00021593216201712037,
  "p_idle_spam_X": 0.0009553961565964181,
  "p_idle_spam_Y": 0.0011095900705178985,
  "p_idle_spam_Z": 0.0007074949331837733,
  "p_meas_X": 0.0013500561529792084,
  "p_meas_Z": 0.0013500561529792084,
  "p_prep_X": 0.0011853363381838216,
  "p_prep_Z": 0.0011853363381838216
}