{
  "p_cnot_IX": 0.0007255728767932073,
  "p_cnot_IY": 0.0,
  "p_cnot_IZ": 0.0,
  "p_cnot_XI": 0.000937118573239036,
  "p_cnot_XX": 0.0,
  "p_cnot_XY": 0.00233515561355718,
  "p_cnot_XZ": 0.0009277995938016308,
  "p_cnot_YI": 0.001008407044312205,
  "p_cnot_YX": 0.0,
  "p_cnot_YY": 1.945685520083136e-06,
  "p_cnot_YZ": 0.0009904892569892235,
  "p_cnot_ZI": 0.0008967718480283594,
  "p_cnot_ZX": 0.0,
  "p_cnot_ZY": 0.0,
  "p_cnot_ZZ": 0.0,
  "p_idle_cnot_X": 1.1410291150361142e-05,
  "p_idle_cnot_Y": 0.0001562976536674678,
  "p_idle_cnot_Z": 1.9504582412371041e-07,
  "p_idle_spam_X": 0.0013912945113690412,
  "p_idle_spam_Y": 0.002306476378080693,
  "p_idle_spam_Z": 0.0007867385351658732,
  "p_meas_X": 0.0029220818605790893,
  "p_meas_Z": 0.0029220818605790893,
  "p_prep_X": 0.0021619883061847513,
  "p_prep_Z": 0.0021619883061847513
}