{
  "p_cnot_IX": 0.0,
  "p_cnot_IY": 0.00011711291003534828,
  "p_cnot_IZ": 0.0,
  "p_cnot_XI": 0.0,
  "p_cnot_XX": 0.0,
  "p_cnot_XY": 0.001362864828923166,
  "p_cnot_XZ": 0.0,
  "p_cnot_YI": 1.4014806393563826e-06,
  "p_cnot_YX": 0.0,
  "p_cnot_YY": 5.098074563481152e-05,
  "p_cnot_YZ": 2.6694315768747474e-06,
  "p_cnot_ZI": 0.0011088112351444284,
  "p_cnot_ZX": 0.0,
  "p_cnot_ZY": 7.820282271455415e-05,
  "p_cnot_ZZ": 0.00038317808998130775,
  "p_idle_cnot_X": 0.00034100901013193243,
  "p_idle_cnot_Y": 0.00020028011696444047,
  "p_idle_cnot_Z": 0.0,
  "p_idle_spam_X": 0.0014745124035523507,
  "p_idle_spam_Y": 0.002025010143652309,
  "p_idle_spam_Z": 0.00034384362624070326,
  "p_meas_X": 0.003490356778334856,
  "p_meas_Z": 0.003490356778334856,
  "p_prep_X": 0.0019465625509114239,
  "p_prep_Z": 0.0019465625509114239
}