{
  "p_cnot_IX": 2.8009673471150688e-06,
  "p_cnot_IY": 0.00014664686058149526,
  "p_cnot_IZ": 2.9343505290594814e-06,
  "p_cnot_XI": 1.850539440701589e-06,
  "p_cnot_XX": 0.0009146390760972806,
  "p_cnot_XY": 1.9159368554310687e-09,
  "p_cnot_XZ": 1.8470481669147696e-06,
  "p_cnot_YI": 3.071930684028936e-05,
  "p_cnot_YX": 3.642470776953769e-06,
  "p_cnot_YY": 0.0,
  "p_cnot_YZ": 3.70218431332442e-05,
  "p_cnot_ZI": 0.0013141374681271826,
  "p_cnot_ZX": 0.0,
  "p_cnot_ZY": 2.7616169599739623e-06,
  "p_cnot_ZZ": 8.278730692510346e-06,
  "p_idle_cnot_X": 1.9096903291871795e-06,
  "p_idle_cnot_Y": 0.0005830314266706729,
  "p_idle_cnot_Z": 0.0,
  "p_idle_spam_X": 0.0022148928486152033,
  "p_idle_spam_Y": 0.0008983000904373526,
  "p_idle_spam_Z": 0.0,
  "p_meas_X": 0.003748923579338556,
  "p_meas_Z": 0.003748923579338556,
  "p_prep_X": 0.0013252375876719215,
  "p_prep_Z": 0.0013252375876719215
}