{
  "p_cnot_IX": 0.0002660292192330027,
  "p_cnot_IY": 0.00011477409546325776,
  "p_cnot_IZ": 0.0,
  "p_cnot_XI": 0.0,
  "p_cnot_XX": 0.0,
  "p_cnot_XY": 0.00010654156118133103,
  "p_cnot_XZ": 0.0,
  "p_cnot_YI": 0.0002027058355001132,
  "p_cnot_YX": 0.0,
  "p_cnot_YY": 7.54454925830038e-05,
  "p_cnot_YZ": 0.00020137068255207191,
  "p_cnot_ZI": 0.0005233912242655959,
  "p_cnot_ZX": 0.0,
  "p_cnot_ZY": 0.0,
  "p_cnot_ZZ": 2.4726306704076524e-05,
  "p_idle_cnot_X": 0.0008183546907720908,
  "p_idle_cnot_Y": 0.0006121859690939095,
  "p_idle_cnot_Z": 0.0,
  "p_idle_spam_X": 0.0015622387843861522,
  "p_idle_spam_Y": 0.0018504614153493021,
  "p_idle_spam_Z": 0.0005951207532565406,
  "p_meas_X": 0.001716177731960047,
  "p_meas_Z": 0.001716177731960047,
  "p_prep_X": 0.0012243165767586923,
  "p_prep_Z": 0.0012243165767586923
}