{
  "p_cnot_IX": 0.0017687561069288933,
  "p_cnot_IY": 0.0,
  "p_cnot_IZ": 0.0,
  "p_cnot_XI": 0.0,
  "p_cnot_XX": 0.0,
  "p_cnot_XY": 0.002349667941107257,
  "p_cnot_XZ": 0.0,
  "p_cnot_YI": 0.0002859233370033667,
  "p_cnot_YX": 0.0,
  "p_cnot_YY": 0.00027896654955747213,
  "p_cnot_YZ": 0.00022798295055118093,
  "p_cnot_ZI": 0.002317887818611784,
  "p_cnot_ZX": 0.0,
  "p_cnot_ZY": 0.0,
  "p_cnot_ZZ": 0.0,
  "p_idle_cnot_X": 0.0,
  "p_idle_cnot_Y": 0.00038385337369087195,
  "p_idle_cnot_Z": 0.0,
  "p_idle_spam_X": 0.0,
  "p_idle_spam_Y": 0.0009944805812060471,
  "p_idle_spam_Z": 0.0,
  "p_meas_X": 0.0008783624844838165,
  "p_meas_Z": 0.0008783624844838165,
  "p_prep_X": 0.00272643672622256,
  "p_prep_Z": 0.00272643672622256
}