{
  "p_cnot_IX": 0.0017397340910786604,
  "p_cnot_IY": 0.0013810824798055766,
  "p_cnot_IZ": 0.0,
  "p_cnot_XI": 0.0,
  "p_cnot_XX": 0.0,
  "p_cnot_XY": 0.0008003733078288776,
  "p_cnot_XZ": 0.0,
  "p_cnot_YI": 0.0,
  "p_cnot_YX": 0.0,
  "p_cnot_YY": 0.0,
  "p_cnot_YZ": 0.0,
  "p_cnot_ZI": 0.0018565207177605382,
  "p_cnot_ZX": 0.0,
  "p_cnot_ZY": 0.0,
  "p_cnot_ZZ": 0.0,
  "p_idle_cnot_X": 0.0,
  "p_idle_cnot_Y": 0.0009763598774490377,
  "p_idle_cnot_Z": 3.367942757167601e-05,
  "p_idle_spam_X": 0.0,
  "p_idle_spam_Y": 0.000525497480411109,
  "p_idle_spam_Z": 0.0,
  "p_meas_X": 0.002238421021333137,
  "p_meas_Z": 0.002238421021333137,
  "p_prep_X": 0.0022406881226952322,
  "p_prep_Z": 0.0022406881226952322
}