{
  "p_cnot_IX": 0.0,
  "p_cnot_IY": 0.0,
  "p_cnot_IZ": 1.9628245989145497e-06,
  "p_cnot_XI": 7.349961825844611e-06,
  "p_cnot_XX": 0.00023738383057903792,
  "p_cnot_XY": 6.520184610060527e-05,
  "p_cnot_XZ": 2.1192265521929604e-05,
  "p_cnot_YI": 0.0002978126356741608,
  "p_cnot_YX": 0.0,
  "p_cnot_YY": 0.0,
  "p_cnot_YZ": 0.0008072621949952596,
  "p_cnot_ZI": 0.00039474072084876634,
  "p_cnot_ZX": 0.0,
  "p_cnot_ZY": 0.0,
  "p_cnot_ZZ": 0.0006660945886845326,
  "p_idle_cnot_X": 0.001505213596635037,
  "p_idle_cnot_Y": 0.0,
  "p_idle_cnot_Z": 0.0,
  "p_idle_spam_X": 0.00026134569616947137,
  "p_idle_spam_Y": 0.0022547891902667673,
  "p_idle_spam_Z": 0.0,
  "p_meas_X": 0.0034846493087397103,
  "p_meas_Z": 0.0034846493087397103,
  "p_prep_X": 0.0,
  "p_prep_Z": 0.0
}