{
  "p_cnot_IX": 0.0,
  "p_cnot_IY": 0.00010602814378937961,
  "p_cnot_IZ": 0.0,
  "p_cnot_XI": 0.0,
  "p_cnot_XX": 0.0,
  "p_cnot_XY": 0.0,
  "p_cnot_XZ": 0.0,
  "p_cnot_YI": 0.0,
  "p_cnot_YX": 0.0,
  "p_cnot_YY": 0.0,
  "p_cnot_YZ": 0.0,
  "p_cnot_ZI": 0.0,
  "p_cnot_ZX": 0.0,
  "p_cnot_ZY": 1.7849461291383663e-05,
  "p_cnot_ZZ": 5.654017386900613e-06,
  "p_idle_cnot_X": 0.0,
  "p_idle_cnot_Y": 0.0009525024617733695,
  "p_idle_cnot_Z": 0.0,
  "p_idle_spam_X": 0.003884949372202379,
  "p_idle_spam_Y": 0.0007518865130194515,
  "p_idle_spam_Z": 0.0,
  "p_meas_X": 0.003585325260021437,
  "p_meas_Z": 0.003585325260021437,
  "p_prep_X": 0.0021411811518755,
  "p_prep_Z": 0.0021411811518755
}