{
  "p_cnot_IX": 0.00024520447762399906,
  "p_cnot_IY": 0.00033343728361583406,
  "p_cnot_IZ": 3.944948469417426e-06,
  "p_cnot_XI": 7.143918819122325e-06,
  "p_cnot_XX": 0.0005041329228238894,
  "p_cnot_XY": 5.626920008119226e-06,
  "p_cnot_XZ": 7.271018142056894e-06,
  "p_cnot_YI": 0.00021970079723229822,
  "p_cnot_YX": 7.21186468811837e-05,
  "p_cnot_YY": 0.0,
  "p_cnot_YZ": 0.00022123198373657994,
  "p_cnot_ZI": 0.0006049704280600065,
  "p_cnot_ZX": 0.0,
  "p_cnot_ZY": 0.0,
  "p_cnot_ZZ": 1.087534027574822e-05,
  "p_idle_cnot_X": 0.00034366353570410154,
  "p_idle_cnot_Y": 0.0004046128822871603,
  "p_idle_cnot_Z": 7.864806309309745e-05,
  "p_idle_spam_X": 0.0017450977195127197,
  "p_idle_spam_Y": 0.0021561656819997443,
  "p_idle_spam_Z": 0.0007382631841986734,
  "p_meas_X": 0.002302826434130507,
  "p_meas_Z": 0.002302826434130507,
  "p_prep_X": 0.001822274857272746,
  "p_prep_Z": 0.001822274857272746
}