{
  "p_cnot_IX": 3.2567935149783432e-06,
  "p_cnot_IY": 0.00041367134170104,
  "p_cnot_IZ": 0.0,
  "p_cnot_XI": 0.0009470488893132857,
  "p_cnot_XX": 0.00034994476475884537,
  "p_cnot_XY": 0.0,
  "p_cnot_XZ": 0.0009565256002094728,
  "p_cnot_YI": 0.0005826795842612584,
  "p_cnot_YX": 0.0017050426275342138,
  "p_cnot_YY": 0.0,
  "p_cnot_YZ": 0.0005826802078984405,
  "p_cnot_ZI": 0.0,
  "p_cnot_ZX": 0.0003704091343551908,
  "p_cnot_ZY": 8.9904508804215e-05,
  "p_cnot_ZZ": 0.0,
  "p_idle_cnot_X": 0.0,
  "p_idle_cnot_Y": 0.0,
  "p_idle_cnot_Z": 0.0,
  "p_idle_spam_X": 0.000530330310840842,
  "p_idle_spam_Y": 0.001341676311854084,
  "p_idle_spam_Z": 0.0,
  "p_meas_X": 0.008706489466320372,
  "p_meas_Z": 0.008706489466320372,
  "p_prep_X": 0.0008426506228015766,
  "p_prep_Z": 0.0008426506228015766
}