{
  "p_cnot_IX": 0.0020107584313579997,
  "p_cnot_IY": 0.0,
  "p_cnot_IZ": 0.0,
  "p_cnot_XI": 0.0001692025271580279,
  "p_cnot_XX": 0.00029643232111404454,
  "p_cnot_XY": 3.3593652775134367e-08,
  "p_cnot_XZ": 0.00016747021532657387,
  "p_cnot_YI": 0.0011023090996939385,
  "p_cnot_YX": 0.001027752280795227,
  "p_cnot_YY": 9.335510255189241e-07,
  "p_cnot_YZ": 0.001106094136085737,
  "p_cnot_ZI": 6.099433097829242e-09,
  "p_cnot_ZX": 0.0014628350456685254,
  "p_cnot_ZY": 3.3444833025768316e-09,
  "p_cnot_ZZ": 9.093404866814172e-10,
  "p_idle_cnot_X": 0.0,
  "p_idle_cnot_Y": 0.0,
  "p_idle_cnot_Z": 0.0,
  "p_idle_spam_X": 0.0,
  "p_idle_spam_Y": 0.0018987533379397994,
  "p_idle_spam_Z": 0.0,
  "p_meas_X": 0.00436820098915208,
  "p_meas_Z": 0.00436820098915208,
  "p_prep_X": 0.0,
  "p_prep_Z": 0.0
}