{
  "p_cnot_IX": 0.0007605336247721473,
  "p_cnot_IY": 0.0,
  "p_cnot_IZ": 0.0,
  "p_cnot_XI": 0.000600547884152426,
  "p_cnot_XX": 0.0,
  "p_cnot_XY": 0.0,
  "p_cnot_XZ": 0.000606030241879173,
  "p_cnot_YI": 0.0007948526684713406,
  "p_cnot_YX": 0.0,
  "p_cnot_YY": 0.0003597667440199688,
  "p_cnot_YZ": 0.0007980973674293763,
  "p_cnot_ZI": 0.0,
  "p_cnot_ZX": 0.0008317770464988054,
  "p_cnot_ZY": 0.0009069399970275613,
  "p_cnot_ZZ": 0.0,
  "p_idle_cnot_X": 0.0,
  "p_idle_cnot_Y": 0.0,
  "p_idle_cnot_Z": 0.0,
  "p_idle_spam_X": 0.0010606025190008162,
  "p_idle_spam_Y": 0.002009520696562228,
  "p_idle_spam_Z": 0.0,
  "p_meas_X": 0.00708330553912612,
  "p_meas_Z": 0.00708330553912612,
  "p_prep_X": 1.4143145253304983e-05,
  "p_prep_Z": 1.4143145253304983e-05
}