{
  "p_cnot_IX": 0.0008688849431900401,
  "p_cnot_IY": 1.662816182148989e-05,
  "p_cnot_IZ": 1.4120177379973676e-07,
  "p_cnot_XI": 0.00040729735010265844,
  "p_cnot_XX": 0.0,
  "p_cnot_XY": 0.0013692733173154316,
  "p_cnot_XZ": 0.00040381655164140496,
  "p_cnot_YI": 0.00045474609421768,
  "p_cnot_YX": 0.0,
  "p_cnot_YY": 0.0,
  "p_cnot_YZ": 0.0004474641094921437,
  "p_cnot_ZI": 0.0009687415008876858,
  "p_cnot_ZX": 0.0,
  "p_cnot_ZY": 0.0,
  "p_cnot_ZZ": 0.0,
  "p_idle_cnot_X": 0.0006484924077297278,
  "p_idle_cnot_Y": 0.0004965293671201596,
  "p_idle_cnot_Z": 6.790063304096047e-06,
  "p_idle_spam_X": 0.00029656002920879,
  "p_idle_spam_Y": 0.0012517416099836474,
  "p_idle_spam_Z": 0.0,
  "p_meas_X": 0.0022610491653639172,
  "p_meas_Z": 0.0022610491653639172,
  "p_prep_X": 0.0012560187867230678,
  "p_prep_Z": 0.0012560187867230678
}