{
  "p_cnot_IX": 0.0008566899119190093,
  "p_cnot_IY": 0.0002462629717059921,
  "p_cnot_IZ": 0.0,
  "p_cnot_XI": 0.00042299292830799673,
  "p_cnot_XX": 0.0008139199778421731,
  "p_cnot_XY": 0.0006522357229108433,
  "p_cnot_XZ": 0.00042381202224228974,
  "p_cnot_YI": 0.0007757250112779383,
  "p_cnot_YX": 0.0005277756053299086,
  "p_cnot_YY": 0.00036505762977930066,
  "p_cnot_YZ": 0.0007773593913880349,
  "p_cnot_ZI": 0.0008030294293017381,
  "p_cnot_ZX": 0.0005261790721759382,
  "p_cnot_ZY": 0.0,
  "p_cnot_ZZ": 1.2908484738762406e-05,
  "p_idle_cnot_X": 0.0,
  "p_idle_cnot_Y": 2.6627993097142125e-07,
  "p_idle_cnot_Z": 3.100475736474905e-05,
  "p_idle_spam_X": 0.0008463107881230916,
  "p_idle_spam_Y": 0.0010061572509470322,
  "p_idle_spam_Z": 0.0,
  "p_meas_X": 0.0013052840759269905,
  "p_meas_Z": 0.0013052840759269905,
  "p_prep_X": 0.0009305115857621549,
  "p_prep_Z": 0.0009305115857621549
}