{
  "p_cnot_IX": 0.0,
  "p_cnot_IY": 0.0,
  "p_cnot_IZ": 0.00041716675614596584,
  "p_cnot_XI": 0.00030270254139246576,
  "p_cnot_XX": 0.0002727201932219109,
  "p_cnot_XY": 0.0,
  "p_cnot_XZ": 0.0003320760463759252,
  "p_cnot_YI": 0.001,
  "p_cnot_YX": 0.001344713817598276,
  "p_cnot_YY": 0.0,
  "p_cnot_YZ": 0.0,
  "p_cnot_ZI": 0.0,
  "p_cnot_ZX": 0.0,
  "p_cnot_ZY": 1.3762244046892077e-06,
  "p_cnot_ZZ": 0.0005662112035139424,
  "p_idle_cnot_X": 0.00011508612755207422,
  "p_idle_cnot_Y": 0.0001958565481494585,
  "p_idle_cnot_Z": 0.0,
  "p_idle_spam_X": 0.0018596228119164885,
  "p_idle_spam_Y": 0.0022152599852613745,
  "p_idle_spam_Z": 0.0,
  "p_meas_X": 0.0065328405230629626,
  "p_meas_Z": 0.0065328405230629626,
  "p_prep_X": 0.001598845347325293,
  "p_prep_Z": 0.001598845347325293
}