{
  "p_cnot_IX": 0.0006974992291603532,
  "p_cnot_IY": 0.0,
  "p_cnot_IZ": 0.0,
  "p_cnot_XI": 4.969625292844642e-05,
  "p_cnot_XX": 0.0,
  "p_cnot_XY": 0.0,
  "p_cnot_XZ": 4.8814089863144504e-05,
  "p_cnot_YI": 0.00031983254170902295,
  "p_cnot_YX": 0.0,
  "p_cnot_YY": 0.0006926768422983723,
  "p_cnot_YZ": 0.0003132790673562599,
  "p_cnot_ZI": 0.00048565877705065183,
  "p_cnot_ZX": 0.0,
  "p_cnot_ZY": 0.0,
  "p_cnot_ZZ": 0.0,
  "p_idle_cnot_X": 0.0005133634733022953,
  "p_idle_cnot_Y": 0.00047073248250108874,
  "p_idle_cnot_Z": 0.0,
  "p_idle_spam_X": 0.0017192635112244108,
  "p_idle_spam_Y": 0.0020198726050121535,
  "p_idle_spam_Z": 0.0,
  "p_meas_X": 0.00429742814915292,
  "p_meas_Z": 0.00429742814915292,
  "p_prep_X": 0.0,
  "p_prep_Z": 0.0
}