{
  "p_cnot_IX": 0.0013163094872552736,
  "p_cnot_IY": 0.0,
  "p_cnot_IZ": 1.9076227149233374e-05,
  "p_cnot_XI": 0.00025701524525804264,
  "p_cnot_XX": 0.0,
  "p_cnot_XY": 0.0016558906906468458,
  "p_cnot_XZ": 0.000250656750244344,
  "p_cnot_YI": 0.0007008291817124785,
  "p_cnot_YX": 0.0,
  "p_cnot_YY": 0.0004911207653403782,
  "p_cnot_YZ": 0.0006877088031664643,
  "p_cnot_ZI": 0.0018412120881229246,
  "p_cnot_ZX": 7.422983945875331e-05,
  "p_cnot_ZY": 0.0,
  "p_cnot_ZZ": 9.532733857090543e-06,
  "p_idle_cnot_X": 4.0499116351535534e-06,
  "p_idle_cnot_Y": 0.00017101679368960665,
  "p_idle_cnot_Z": 0.00037672659356967813,
  "p_idle_spam_X": 0.0,
  "p_idle_spam_Y": 0.0012484312496092267,
  "p_idle_spam_Z": 0.0,
  "p_meas_X": 0.0008605252658647049,
  "p_meas_Z": 0.0008605252658647049,
  "p_prep_X": 0.0007951490031646865,
  "p_prep_Z": 0.0007951490031646865
}