{
  "p_cnot_IX": 0.0,
  "p_cnot_IY": 0.0,
  "p_cnot_IZ": 0.00010738182895995943,
  "p_cnot_XI": 0.0001809489736249177,
  "p_cnot_XX": 0.0006841672668357939,
  "p_cnot_XY": 0.0,
  "p_cnot_XZ": 0.00019335745769742075,
  "p_cnot_YI": 9.798424459606197e-05,
  "p_cnot_YX": 0.00026663149378428237,
  "p_cnot_YY": 0.0,
  "p_cnot_YZ": 0.0001370033233322526,
  "p_cnot_ZI": 0.0004978607916832696,
  "p_cnot_ZX": 0.0,
  "p_cnot_ZY": 0.0,
  "p_cnot_ZZ": 0.00039330125225990197,
  "p_idle_cnot_X": 0.0,
  "p_idle_cnot_Y": 0.00036734689337700947,
  "p_idle_cnot_Z": 0.0,
  "p_idle_spam_X": 0.0021426178425483864,
  "p_idle_spam_Y": 0.0011883503372368172,
  "p_idle_spam_Z": 0.0,
  "p_meas_X": 0.007034070311208038,
  "p_meas_Z": 0.007034070311208038,
  "p_prep_X": 0.0,
  "p_prep_Z": 0.0
}