{
  "p_cnot_IX": 0.0,
  "p_cnot_IY": 6.555299042932395e-05,
  "p_cnot_IZ": 0.0,
  "p_cnot_XI": 0.0,
  "p_cnot_XX": 0.0,
  "p_cnot_XY": 0.0,
  "p_cnot_XZ": 0.0,
  "p_cnot_YI": 0.0,
  "p_cnot_YX": 0.0,
  "p_cnot_YY": 0.0,
  "p_cnot_YZ": 0.0,
  "p_cnot_ZI": 2.6589206370186946e-05,
  "p_cnot_ZX": 0.0,
  "p_cnot_ZY": 1.26884523932207e-05,
  "p_cnot_ZZ": 0.0,
  "p_idle_cnot_X": 0.0,
  "p_idle_cnot_Y": 0.0009926359125434897,
  "p_idle_cnot_Z": 0.0,
  "p_idle_spam_X": 0.003969521286503287,
  "p_idle_spam_Y": 0.000559528182718944,
  "p_idle_spam_Z": 0.0,
  "p_meas_X": 0.0035360897453232437,
  "p_meas_Z": 0.0035360897453232437,
  "p_prep_X": 0.002082946292738102,
  "p_prep_Z": 0.002082946292738102
}