{
  "p_cnot_IX": 0.0021690822217677193,
  "p_cnot_IY": 0.0017842725015244127,
  "p_cnot_IZ": 0.0,
  "p_cnot_XI": 0.0,
  "p_cnot_XX": 0.0,
  "p_cnot_XY": 0.0005489271352715506,
  "p_cnot_XZ": 0.0,
  "p_cnot_YI": 0.0,
  "p_cnot_YX": 0.0,
  "p_cnot_YY": 0.0,
  "p_cnot_YZ": 0.0,
  "p_cnot_ZI": 0.0010007571085553669,
  "p_cnot_ZX": 0.0,
  "p_cnot_ZY": 0.0,
  "p_cnot_ZZ": 0.0,
  "p_idle_cnot_X": 9.034803591557234e-05,
  "p_idle_cnot_Y": 0.0008203255285385227,
  "p_idle_cnot_Z": 0.0,
  "p_idle_spam_X": 0.0,
  "p_idle_spam_Y": 0.0004938406619451022,
  "p_idle_spam_Z": 0.0,
  "p_meas_X": 0.0017731232315533769,
  "p_meas_Z": 0.0017731232315533769,
  "p_prep_X": 0.005873651485087064,
  "p_prep_Z": 0.005873651485087064
}