{
  "p_cnot_IX": 0.0,
  "p_cnot_IY": 0.0,
  "p_cnot_IZ": 6.28700553987335e-05,
  "p_cnot_XI": 6.425091194928162e-10,
  "p_cnot_XX": 0.00018096246578558575,
  "p_cnot_XY": 7.648508873422323e-05,
  "p_cnot_XZ": 0.0,
  "p_cnot_YI": 0.0005414468180073109,
  "p_cnot_YX": 0.0,
  "p_cnot_YY": 0.0,
  "p_cnot_YZ": 0.0006680696025110865,
  "p_cnot_ZI": 0.0003603299685535568,
  "p_cnot_ZX": 0.0,
  "p_cnot_ZY": 0.0,
  "p_cnot_ZZ": 0.0005912493878043811,
  "p_idle_cnot_X": 0.0015479433599267457,
  "p_idle_cnot_Y": 0.0,
  "p_idle_cnot_Z": 0.0,
  "p_idle_spam_X": 0.00013739470901288212,
  "p_idle_spam_Y": 0.0022867544600024135,
  "p_idle_spam_Z": 0.0,
  "p_meas_X": 0.00335428933985697,
  "p_meas_Z": 0.00335428933985697,
  "p_prep_X": 0.0,
  "p_prep_Z": 0.0
}