{
  "p_cnot_IX": 0.0,
  "p_cnot_IY": 0.0,
  "p_cnot_IZ": 0.0004533541520216262,
  "p_cnot_XI": 0.0002649754177449661,
  "p_cnot_XX": 0.0002629301191603545,
  "p_cnot_XY": 0.0,
  "p_cnot_XZ": 0.0003315812404938434,
  "p_cnot_YI": 0.0,
  "p_cnot_YX": 0.0013409552653099535,
  "p_cnot_YY": 0.0,
  "p_cnot_YZ": 0.0,
  "p_cnot_ZI": 0.0,
  "p_cnot_ZX": 0.0,
  "p_cnot_ZY": 2.7975118013296942e-05,
  "p_cnot_ZZ": 0.0005468488686757953,
  "p_idle_cnot_X": 0.0001076546212952289,
  "p_idle_cnot_Y": 0.00019472835364636937,
  "p_idle_cnot_Z": 0.0,
  "p_idle_spam_X": 0.0018473667056202693,
  "p_idle_spam_Y": 0.0022253268285412527,
  "p_idle_spam_Z": 0.0,
  "p_meas_X": 0.006634615709990921,
  "p_meas_Z": 0.006634615709990921,
  "p_prep_X": 0.001560505708946949,
  "p_prep_Z": 0.001560505708946949
}