{
  "p_cnot_IX": 0.00013673262713877362,
  "p_cnot_IY": 0.00012535927896571247,
  "p_cnot_IZ": 0.00011661123354528321,
  "p_cnot_XI": 1.8282507492021597e-05,
  "p_cnot_XX": 0.0,
  "p_cnot_XY": 0.0002043213160165361,
  "p_cnot_XZ": 1.768222797368523e-05,
  "p_cnot_YI": 0.0004018701564032269,
  "p_cnot_YX": 0.0,
  "p_cnot_YY": 0.0,
  "p_cnot_YZ": 0.00040051930115425524,
  "p_cnot_ZI": 0.0005990298984413814,
  "p_cnot_ZX": 5.9086047406597145e-06,
  "p_cnot_ZY": 2.6195854421794213e-06,
  "p_cnot_ZZ": 0.0004751606499698193,
  "p_idle_cnot_X": 0.0005436229665218145,
  "p_idle_cnot_Y": 0.00027432902107989626,
  "p_idle_cnot_Z": 9.674570758455926e-05,
  "p_idle_spam_X": 0.0014691076942943285,
  "p_idle_spam_Y": 0.0017257004659913177,
  "p_idle_spam_Z": 0.001252316582953943,
  "p_meas_X": 0.001525252372678022,
  "p_meas_Z": 0.001525252372678022,
  "p_prep_X": 0.00142956545335528,
  "p_prep_Z": 0.00142956545335528
}