{
  "p_cnot_IX": 0.00029052211945465296,
  "p_cnot_IY": 0.0002346776858378907,
  "p_cnot_IZ": 0.0002512926753182646,
  "p_cnot_XI": 0.0003525816769395306,
  "p_cnot_XX": 0.00016807898471974628,
  "p_cnot_XY": 0.0005824284104420912,
  "p_cnot_XZ": 0.00035096341815789387,
  "p_cnot_YI": 0.0007569876934634008,
  "p_cnot_YX": 7.787298458868995e-06,
  "p_cnot_YY": 0.00022121911013202016,
  "p_cnot_YZ": 0.000754877356753358,
  "p_cnot_ZI": 0.0006290954450442608,
  "p_cnot_ZX": 4.117901430020224e-05,
  "p_cnot_ZY": 4.7533080822295193e-05,
  "p_cnot_ZZ": 0.0006717759467527737,
  "p_idle_cnot_X": 0.00047316206590485417,
  "p_idle_cnot_Y": 0.00041730683480896826,
  "p_idle_cnot_Z": 5.399205328553999e-05,
  "p_idle_spam_X": 0.001484860855043122,
  "p_idle_spam_Y": 0.0017440261088510747,
  "p_idle_spam_Z": 0.0013848329688995779,
  "p_meas_X": 0.0016358207622308636,
  "p_meas_Z": 0.0016358207622308636,
  "p_prep_X": 0.001566595760957065,
  "p_prep_Z": 0.001566595760957065
}