{
  "p_cnot_IX": 0.0005627118836327872,
  "p_cnot_IY": 0.0,
  "p_cnot_IZ": 0.0,
  "p_cnot_XI": 0.0006518971981904412,
  "p_cnot_XX": 0.0,
  "p_cnot_XY": 5.357781396683463e-06,
  "p_cnot_XZ": 0.0006567562615256848,
  "p_cnot_YI": 0.0007271732196623557,
  "p_cnot_YX": 0.0,
  "p_cnot_YY": 0.00033038734000540916,
  "p_cnot_YZ": 0.000730769309017877,
  "p_cnot_ZI": 0.0,
  "p_cnot_ZX": 0.0012280528204730863,
  "p_cnot_ZY": 0.0008966346189573732,
  "p_cnot_ZZ": 2.8753185235804404e-05,
  "p_idle_cnot_X": 0.0,
  "p_idle_cnot_Y": 0.0,
  "p_idle_cnot_Z": 0.0,
  "p_idle_spam_X": 0.0009218918991498136,
  "p_idle_spam_Y": 0.0019940751072648174,
  "p_idle_spam_Z": 0.0,
  "p_meas_X": 0.0069631871869732164,
  "p_meas_Z": 0.0069631871869732164,
  "p_prep_X": 0.0003027847344916709,
  "p_prep_Z": 0.0003027847344916709
}