{
  "p_cnot_IX": 0.0,
  "p_cnot_IY": 0.0002932071218387431,
  "p_cnot_IZ": 0.0,
  "p_cnot_XI": 0.0009710867707413011,
  "p_cnot_XX": 0.0003602713079183519,
  "p_cnot_XY": 0.0,
  "p_cnot_XZ": 0.0010024742185631096,
  "p_cnot_YI": 0.0005742145793469233,
  "p_cnot_YX": 0.001607155390860423,
  "p_cnot_YY": 0.0,
  "p_cnot_YZ": 0.0005762197092537166,
  "p_cnot_ZI": 0.0,
  "p_cnot_ZX": 0.00038599481548935434,
  "p_cnot_ZY": 0.0002598798350574163,
  "p_cnot_ZZ": 0.0,
  "p_idle_cnot_X": 0.0,
  "p_idle_cnot_Y": 0.0,
  "p_idle_cnot_Z": 0.0,
  "p_idle_spam_X": 0.0005378216312996594,
  "p_idle_spam_Y": 0.0013404868778213543,
  "p_idle_spam_Z": 0.0,
  "p_meas_X": 0.00879452159478529,
  "p_meas_Z": 0.00879452159478529,
  "p_prep_X": 0.0007937582199632732,
  "p_prep_Z": 0.0007937582199632732
}