{
  "p_cnot_IX": 0.0005010279673626735,
  "p_cnot_IY": 0.0,
  "p_cnot_IZ": 1.4941841827572855e-05,
  "p_cnot_XI": 0.00034235738746519616,
  "p_cnot_XX": 0.0,
  "p_cnot_XY": 0.0016884827476313239,
  "p_cnot_XZ": 0.000331707916125293,
  "p_cnot_YI": 0.0004486086718532512,
  "p_cnot_YX": 0.0,
  "p_cnot_YY": 0.0,
  "p_cnot_YZ": 0.0004196641356438243,
  "p_cnot_ZI": 0.0007251993413258513,
  "p_cnot_ZX": 0.0,
  "p_cnot_ZY": 0.0,
  "p_cnot_ZZ": 2.3533305862651187e-08,
  "p_idle_cnot_X": 0.0007643008352164253,
  "p_idle_cnot_Y": 0.0003540882578123054,
  "p_idle_cnot_Z": 0.0,
  "p_idle_spam_X": 0.00011402356751140902,
  "p_idle_spam_Y": 0.001379324934800824,
  "p_idle_spam_Z": 0.0,
  "p_meas_X": 0.004871441730232506,
  "p_meas_Z": 0.004871441730232506,
  "p_prep_X": 0.0008269691669368866,
  "p_prep_Z": 0.0008269691669368866
}