{
  "p_cnot_IX": 0.0016732550639440603,
  "p_cnot_IY": 0.0,
  "p_cnot_IZ": 0.0,
  "p_cnot_XI": 0.0001343273259059601,
  "p_cnot_XX": 0.000404944601176354,
  "p_cnot_XY": 0.0,
  "p_cnot_XZ": 0.00012726362892433288,
  "p_cnot_YI": 0.0011017311348357744,
  "p_cnot_YX": 0.0009852095640420276,
  "p_cnot_YY": 0.0,
  "p_cnot_YZ": 0.0010938028080915514,
  "p_cnot_ZI": 0.0,
  "p_cnot_ZX": 0.0017461305193390987,
  "p_cnot_ZY": 0.0,
  "p_cnot_ZZ": 0.0,
  "p_idle_cnot_X": 0.0,
  "p_idle_cnot_Y": 0.0,
  "p_idle_cnot_Z": 0.0,
  "p_idle_spam_X": 0.0,
  "p_idle_spam_Y": 0.0018693380851708481,
  "p_idle_spam_Z": 0.0,
  "p_meas_X": 0.004544702227548936,
  "p_meas_Z": 0.004544702227548936,
  "p_prep_X": 0.0,
  "p_prep_Z": 0.0
}