{
  "p_cnot_IX": 0.0013449354952554749,
  "p_cnot_IY": 0.00034393997784570423,
  "p_cnot_IZ": 0.0,
  "p_cnot_XI": 0.0006990582684119463,
  "p_cnot_XX": 0.00018743399810153524,
  "p_cnot_XY": 0.0,
  "p_cnot_XZ": 0.0007099458908761273,
  "p_cnot_YI": 0.0008724243860429165,
  "p_cnot_YX": 0.0014361548882083892,
  "p_cnot_YY": 0.0,
  "p_cnot_YZ": 0.0008703214100059684,
  "p_cnot_ZI": 0.0,
  "p_cnot_ZX": 0.0004888655743894111,
  "p_cnot_ZY": 3.7828623392563377e-06,
  "p_cnot_ZZ": 0.0,
  "p_idle_cnot_X": 0.0,
  "p_idle_cnot_Y": 0.0,
  "p_idle_cnot_Z": 0.0,
  "p_idle_spam_X": 0.0003087226813835232,
  "p_idle_spam_Y": 0.001132629050474245,
  "p_idle_spam_Z": 0.0,
  "p_meas_X": 0.005713661251875179,
  "p_meas_Z": 0.005713661251875179,
  "p_prep_X": 0.0,
  "p_prep_Z": 0.0
}