{
  "p_cnot_IX": 0.0001371803206332249,
  "p_cnot_IY": 0.0,
  "p_cnot_IZ": 0.0,
  "p_cnot_XI": 2.6096117248225987e-06,
  "p_cnot_XX": 1.1197141136370955e-05,
  "p_cnot_XY": 0.00029132211633662295,
  "p_cnot_XZ": 2.688607201539299e-06,
  "p_cnot_YI": 0.000273284460883392,
  "p_cnot_YX": 0.0,
  "p_cnot_YY": 8.411308071153689e-05,
  "p_cnot_YZ": 0.000269141839126221,
  "p_cnot_ZI": 0.0007651001623650989,
  "p_cnot_ZX": 2.212717494692299e-05,
  "p_cnot_ZY": 0.00010068327952368854,
  "p_cnot_ZZ": 0.00030124974700789035,
  "p_idle_cnot_X": 0.00048063279628604306,
  "p_idle_cnot_Y": 0.00025063602470545897,
  "p_idle_cnot_Z": 8.075743669036224e-05,
  "p_idle_spam_X": 0.0016871617825657003,
  "p_idle_spam_Y": 0.002119853762726461,
  "p_idle_spam_Z": 0.0012484015256374,
  "p_meas_X": 0.0019484418260517315,
  "p_meas_Z": 0.0019484418260517315,
  "p_prep_X": 0.0016797433256517445,
  "p_prep_Z": 0.0016797433256517445
}