{
  "p_cnot_IX": 0.002176666344483472,
  "p_cnot_IY": 0.001734632284549807,
  "p_cnot_IZ": 0.0,
  "p_cnot_XI": 0.0,
  "p_cnot_XX": 0.0,
  "p_cnot_XY": 0.0006271410402051416,
  "p_cnot_XZ": 0.0,
  "p_cnot_YI": 0.0,
  "p_cnot_YX": 0.0,
  "p_cnot_YY": 0.0,
  "p_cnot_YZ": 0.0,
  "p_cnot_ZI": 0.0010144015648353342,
  "p_cnot_ZX": 0.0,
  "p_cnot_ZY": 0.0,
  "p_cnot_ZZ": 0.0,
  "p_idle_cnot_X": 6.994195280210547e-05,
  "p_idle_cnot_Y": 0.0008238418696748343,
  "p_idle_cnot_Z": 0.0,
  "p_idle_spam_X": 0.0,
  "p_idle_spam_Y": 0.0004847381122294841,
  "p_idle_spam_Z": 0.0,
  "p_meas_X": 0.0017777443363580132,
  "p_meas_Z": 0.0017777443363580132,
  "p_prep_X": 0.005899498999042716,
  "p_prep_Z": 0.005899498999042716
}