{
  "p_cnot_IX": 0.0,
  "p_cnot_IY": 0.0,
  "p_cnot_IZ": 0.00010361492778462388,
  "p_cnot_XI": 0.00016496581878687615,
  "p_cnot_XX": 0.0006837787364274451,
  "p_cnot_XY": 0.0,
  "p_cnot_XZ": 0.00017003030168656627,
  "p_cnot_YI": 0.00015283211835051666,
  "p_cnot_YX": 0.00028332980016149096,
  "p_cnot_YY": 0.0,
  "p_cnot_YZ": 9.207267117862826e-05,
  "p_cnot_ZI": 0.0005354805126020486,
  "p_cnot_ZX": 0.0,
  "p_cnot_ZY": 0.0,
  "p_cnot_ZZ": 0.0003745649257848804,
  "p_idle_cnot_X": 0.0,
  "p_idle_cnot_Y": 0.00037016516319950436,
  "p_idle_cnot_Z": 0.0,
  "p_idle_spam_X": 0.002127430956474785,
  "p_idle_spam_Y": 0.001180936065375391,
  "p_idle_spam_Z": 0.0,
  "p_meas_X": 0.006995653049214218,
  "p_meas_Z": 0.006995653049214218,
  "p_prep_X": 0.0,
  "p_prep_Z": 0.0
}