{
  "p_cnot_IX": 0.0,
  "p_cnot_IY": 0.0,
  "p_cnot_IZ": 0.0,
  "p_cnot_XI": 5.748681330372114e-05,
  "p_cnot_XX": 0.00016968889262867,
  "p_cnot_XY": 0.00010241856539961181,
  "p_cnot_XZ": 0.00013676814359694464,
  "p_cnot_YI": 0.0,
  "p_cnot_YX": 0.0,
  "p_cnot_YY": 0.0,
  "p_cnot_YZ": 0.0010335319312297368,
  "p_cnot_ZI": 0.00041778206221862614,
  "p_cnot_ZX": 0.0,
  "p_cnot_ZY": 0.0,
  "p_cnot_ZZ": 0.0007261557983387133,
  "p_idle_cnot_X": 0.001491618754763667,
  "p_idle_cnot_Y": 0.0,
  "p_idle_cnot_Z": 0.0,
  "p_idle_spam_X": 0.00023055572518607882,
  "p_idle_spam_Y": 0.002267902070397824,
  "p_idle_spam_Z": 0.0,
  "p_meas_X": 0.003384020365043605,
  "p_meas_Z": 0.003384020365043605,
  "p_prep_X": 0.0,
  "p_prep_Z": 0.0
}