{
  "p_cnot_IX": 0.000543793212036392,
  "p_cnot_IY": 0.0,
  "p_cnot_IZ": 0.0,
  "p_cnot_XI": 0.0008787039870814911,
  "p_cnot_XX": 0.0,
  "p_cnot_XY": 0.0025784904573265895,
  "p_cnot_XZ": 0.0009038030466633913,
  "p_cnot_YI": 0.001188809323147091,
  "p_cnot_YX": 0.0,
  "p_cnot_YY": 0.0,
  "p_cnot_YZ": 0.0010328780319338584,
  "p_cnot_ZI": 9.774648867913491e-05,
  "p_cnot_ZX": 0.0,
  "p_cnot_ZY": 0.0,
  "p_cnot_ZZ": 0.0,
  "p_idle_cnot_X": 0.0003611539939216556,
  "p_idle_cnot_Y": 0.0,
  "p_idle_cnot_Z": 0.0,
  "p_idle_spam_X": 0.0008511614578165051,
  "p_idle_spam_Y": 0.002544891073671104,
  "p_idle_spam_Z": 0.0,
  "p_meas_X": 0.005316267428182594,
  "p_meas_Z": 0.005316267428182594,
  "p_prep_X": 0.0021773324071715423,
  "p_prep_Z": 0.0021773324071715423
}