{
  "p_cnot_IX": 0.0,
  "p_cnot_IY": 0.0,
  "p_cnot_IZ": 0.0003999801160230628,
  "p_cnot_XI": 0.0003063592861045421,
  "p_cnot_XX": 0.0002311047632030297,
  "p_cnot_XY": 0.0,
  "p_cnot_XZ": 0.0003483467963453826,
  "p_cnot_YI": 0.0,
  "p_cnot_YX": 0.0013307097021804282,
  "p_cnot_YY": 0.0,
  "p_cnot_YZ": 2.2116462946474994e-07,
  "p_cnot_ZI": 0.0,
  "p_cnot_ZX": 0.0,
  "p_cnot_ZY": 7.173319283724555e-05,
  "p_cnot_ZZ": 0.0005488260856915243,
  "p_idle_cnot_X": 0.00012437531377636703,
  "p_idle_cnot_Y": 0.00019184461436079787,
  "p_idle_cnot_Z": 0.0,
  "p_idle_spam_X": 0.001832277849401817,
  "p_idle_spam_Y": 0.0022064424621824276,
  "p_idle_spam_Z": 0.0,
  "p_meas_X": 0.006519437215440675,
  "p_meas_Z": 0.006519437215440675,
  "p_prep_X": 0.001647526751540055,
  "p_prep_Z": 0.001647526751540055
}