{
  "p_cnot_IX": 0.0,
  "p_cnot_IY": 1.4248824683329867e-05,
  "p_cnot_IZ": 0.0,
  "p_cnot_XI": 0.0,
  "p_cnot_XX": 0.0,
  "p_cnot_XY": 0.0,
  "p_cnot_XZ": 0.0,
  "p_cnot_YI": 0.0,
  "p_cnot_YX": 0.0,
  "p_cnot_YY": 0.0,
  "p_cnot_YZ": 0.0,
  "p_cnot_ZI": 0.0,
  "p_cnot_ZX": 0.0,
  "p_cnot_ZY": 0.0,
  "p_cnot_ZZ": 4.2048009822198306e-05,
  "p_idle_cnot_X": 0.0,
  "p_idle_cnot_Y": 0.0008818943538286624,
  "p_idle_cnot_Z": 0.0,
  "p_idle_spam_X": 0.003770077721112714,
  "p_idle_spam_Y": 0.0010728251896466433,
  "p_idle_spam_Z": 0.0,
  "p_meas_X": 0.0062261345390570745,
  "p_meas_Z": 0.0062261345390570745,
  "p_prep_X": 4.588217250339957e-05,
  "p_prep_Z": 4.588217250339957e-05
}