{
  "p_cnot_IX": 0.001843497155208698,
  "p_cnot_IY": 0.0,
  "p_cnot_IZ": 0.0,
  "p_cnot_XI": 2.7338682580365028e-05,
  "p_cnot_XX": 0.0,
  "p_cnot_XY": 0.002257800455924348,
  "p_cnot_XZ": 2.8337583179080375e-05,
  "p_cnot_YI": 0.00028865879018706163,
  "p_cnot_YX": 0.0,
  "p_cnot_YY": 0.00027151071851569825,
  "p_cnot_YZ": 0.0002446585261034975,
  "p_cnot_ZI": 0.002301191471800728,
  "p_cnot_ZX": 0.0,
  "p_cnot_ZY": 0.0,
  "p_cnot_ZZ": 0.0,
  "p_idle_cnot_X": 0.0,
  "p_idle_cnot_Y": 0.000385074220510348,
  "p_idle_cnot_Z": 0.0,
  "p_idle_spam_X": 0.0,
  "p_idle_spam_Y": 0.0010146728511293017,
  "p_idle_spam_Z": 0.0,
  "p_meas_X": 0.0009824760670407082,
  "p_meas_Z": 0.0009824760670407082,
  "p_prep_X": 0.0025782289742637032,
  "p_prep_Z": 0.0025782289742637032
}