{
  "p_cnot_IX": 0.0007321849055957206,
  "p_cnot_IY": 0.0,
  "p_cnot_IZ": 0.0,
  "p_cnot_XI": 6.300536908785064e-05,
  "p_cnot_XX": 0.0,
  "p_cnot_XY": 0.0,
  "p_cnot_XZ": 5.9349042571117506e-05,
  "p_cnot_YI": 0.00033973039460086566,
  "p_cnot_YX": 0.0,
  "p_cnot_YY": 0.0007041440562578886,
  "p_cnot_YZ": 0.0003321960062151836,
  "p_cnot_ZI": 0.0004393197225247374,
  "p_cnot_ZX": 0.0,
  "p_cnot_ZY": 0.0,
  "p_cnot_ZZ": 0.0,
  "p_idle_cnot_X": 0.0005106823222105446,
  "p_idle_cnot_Y": 0.0004637363460505049,
  "p_idle_cnot_Z": 0.0,
  "p_idle_spam_X": 0.0016796069200184192,
  "p_idle_spam_Y": 0.0019983937728659056,
  "p_idle_spam_Z": 0.0,
  "p_meas_X": 0.004352021748298067,
  "p_meas_Z": 0.004352021748298067,
  "p_prep_X": 0.0,
  "p_prep_Z": 0.0
}