{
  "p_cnot_IX": 0.0009523773908492144,
  "p_cnot_IY": 0.0004021946864701937,
  "p_cnot_IZ": 0.0,
  "p_cnot_XI": 0.00011269476660705627,
  "p_cnot_XX": 0.0003035900601049317,
  "p_cnot_XY": 0.0006647484220631776,
  "p_cnot_XZ": 0.00011290744134482258,
  "p_cnot_YI": 0.0006015144263524878,
  "p_cnot_YX": 0.0,
  "p_cnot_YY": 0.00033598379233334307,
  "p_cnot_YZ": 0.0006012854066266376,
  "p_cnot_ZI": 0.0009361919760701032,
  "p_cnot_ZX": 0.0005464372847606454,
  "p_cnot_ZY": 7.1283723111475864e-06,
  "p_cnot_ZZ": 7.415273175626866e-05,
  "p_idle_cnot_X": 0.0,
  "p_idle_cnot_Y": 0.00018536871322244488,
  "p_idle_cnot_Z": 1.868443798932035e-05,
  "p_idle_spam_X": 0.0013934618764539861,
  "p_idle_spam_Y": 0.0015059058482822193,
  "p_idle_spam_Z": 0.00020794181324854756,
  "p_meas_X": 0.002062519851073894,
  "p_meas_Z": 0.002062519851073894,
  "p_prep_X": 0.0014790935684283655,
  "p_prep_Z": 0.0014790935684283655
}