{
  "p_cnot_IX": 0.00044647900134418573,
  "p_cnot_IY": 0.0,
  "p_cnot_IZ": 1.8300999072256713e-07,
  "p_cnot_XI": 0.00032425730383681963,
  "p_cnot_XX": 0.0,
  "p_cnot_XY": 0.0017380118463210554,
  "p_cnot_XZ": 0.00031601797911113,
  "p_cnot_YI": 0.00041340459071312926,
  "p_cnot_YX": 0.0,
  "p_cnot_YY": 0.0,
  "p_cnot_YZ": 0.0003867615038574461,
  "p_cnot_ZI": 0.0008106672945240146,
  "p_cnot_ZX": 0.0,
  "p_cnot_ZY": 0.0,
  "p_cnot_ZZ": 1.9455565117268735e-05,
  "p_idle_cnot_X": 0.000763790933527737,
  "p_idle_cnot_Y": 0.000361478701148895,
  "p_idle_cnot_Z": 0.0,
  "p_idle_spam_X": 0.00013218772327850163,
  "p_idle_spam_Y": 0.001372807024349805,
  "p_idle_spam_Z": 9.445277826534313e-09,
  "p_meas_X": 0.004816281978074739,
  "p_meas_Z": 0.004816281978074739,
  "p_prep_X": 0.0007584936700166704,
  "p_prep_Z": 0.0007584936700166704
}