{
  "p_cnot_IX": 0.0008580498021762665,
  "p_cnot_IY": 0.0002506984916497795,
  "p_cnot_IZ": 0.0,
  "p_cnot_XI": 2.247118729796637e-05,
  "p_cnot_XX": 0.000654289350211495,
  "p_cnot_XY": 0.0005305181981194268,
  "p_cnot_XZ": 2.342859257869083e-05,
  "p_cnot_YI": 0.0008553293459621005,
  "p_cnot_YX": 0.000477847286677475,
  "p_cnot_YY": 0.00035355287155685943,
  "p_cnot_YZ": 0.0008571087803768928,
  "p_cnot_ZI": 0.0010268008270692677,
  "p_cnot_ZX": 0.0007015748710640223,
  "p_cnot_ZY": 9.43785216550038e-05,
  "p_cnot_ZZ": 0.0004937290441755011,
  "p_idle_cnot_X": 1.603883221917815e-05,
  "p_idle_cnot_Y": 0.00011023048529243693,
  "p_idle_cnot_Z": 2.097159959125226e-06,
  "p_idle_spam_X": 0.0005895642068522824,
  "p_idle_spam_Y": 0.0007465659043306926,
  "p_idle_spam_Z": 0.00029255306645630197,
  "p_meas_X": 0.0011355349882448708,
  "p_meas_Z": 0.0011355349882448708,
  "p_prep_X": 0.000942723946247173,
  "p_prep_Z": 0.000942723946247173
}