{
  "p_cnot_IX": 0.0,
  "p_cnot_IY": 0.0005283961097652722,
  "p_cnot_IZ": 0.0,
  "p_cnot_XI": 0.0009480732748114533,
  "p_cnot_XX": 0.0003303837897511241,
  "p_cnot_XY": 0.0,
  "p_cnot_XZ": 0.0009813446750870653,
  "p_cnot_YI": 0.0005720455616103642,
  "p_cnot_YX": 0.0017029640948085095,
  "p_cnot_YY": 0.0,
  "p_cnot_YZ": 0.000566623551615393,
  "p_cnot_ZI": 0.0,
  "p_cnot_ZX": 0.0003988518437865647,
  "p_cnot_ZY": 0.0,
  "p_cnot_ZZ": 0.0,
  "p_idle_cnot_X": 0.0,
  "p_idle_cnot_Y": 0.0,
  "p_idle_cnot_Z": 0.0,
  "p_idle_spam_X": 0.0005037823099081817,
  "p_idle_spam_Y": 0.001335544814205419,
  "p_idle_spam_Z": 0.0,
  "p_meas_X": 0.00851263074003625,
  "p_meas_Z": 0.00851263074003625,
  "p_prep_X": 0.001105900131946395,
  "p_prep_Z": 0.001105900131946395
}