{
  "p_cnot_IX": 0.0014018882722899267,
  "p_cnot_IY": 0.0002241414804303117,
  "p_cnot_IZ": 0.0,
  "p_cnot_XI": 0.0006997116945846444,
  "p_cnot_XX": 0.0001984633146119725,
  "p_cnot_XY": 0.0,
  "p_cnot_XZ": 0.0007004278995513967,
  "p_cnot_YI": 0.0008755416409342417,
  "p_cnot_YX": 0.0013864815801550286,
  "p_cnot_YY": 0.0,
  "p_cnot_YZ": 0.0008752150372353196,
  "p_cnot_ZI": 0.0,
  "p_cnot_ZX": 0.00047621700982700973,
  "p_cnot_ZY": 0.00013654614891449337,
  "p_cnot_ZZ": 0.0,
  "p_idle_cnot_X": 0.0,
  "p_idle_cnot_Y": 0.0,
  "p_idle_cnot_Z": 0.0,
  "p_idle_spam_X": 0.0003006218043792186,
  "p_idle_spam_Y": 0.0011285254848668479,
  "p_idle_spam_Z": 0.0,
  "p_meas_X": 0.005680796895219688,
  "p_meas_Z": 0.005680796895219688,
  "p_prep_X": 0.0,
  "p_prep_Z": 0.0
}