{
  "p_cnot_IX": 0.0,
  "p_cnot_IY": 0.0,
  "p_cnot_IZ": 0.0,
  "p_cnot_XI": 4.949484328711164e-05,
  "p_cnot_XX": 0.00020084854399810557,
  "p_cnot_XY": 0.0,
  "p_cnot_XZ": 6.122763489292137e-05,
  "p_cnot_YI": 0.0,
  "p_cnot_YX": 0.0,
  "p_cnot_YY": 0.0,
  "p_cnot_YZ": 0.0010606315931722353,
  "p_cnot_ZI": 0.00038280125414972546,
  "p_cnot_ZX": 0.0,
  "p_cnot_ZY": 0.0,
  "p_cnot_ZZ": 0.0007074198972536613,
  "p_idle_cnot_X": 0.0015792078161249675,
  "p_idle_cnot_Y": 0.0,
  "p_idle_cnot_Z": 0.0,
  "p_idle_spam_X": 0.000127052828691261,
  "p_idle_spam_Y": 0.0022814704917744682,
  "p_idle_spam_Z": 0.0,
  "p_meas_X": 0.0033210824738595123,
  "p_meas_Z": 0.0033210824738595123,
  "p_prep_X": 0.0,
  "p_prep_Z": 0.0
}