{
  "p_cnot_IX": 0.0,
  "p_cnot_IY": 0.0,
  "p_cnot_IZ": 0.00047324652471735233,
  "p_cnot_XI": 0.00025417913977041464,
  "p_cnot_XX": 0.0002492178522549512,
  "p_cnot_XY": 0.0,
  "p_cnot_XZ": 0.0003408901933289252,
  "p_cnot_YI": 0.0,
  "p_cnot_YX": 0.0013283070932572623,
  "p_cnot_YY": 0.0,
  "p_cnot_YZ": 0.0,
  "p_cnot_ZI": 0.0,
  "p_cnot_ZX": 0.0,
  "p_cnot_ZY": 6.556154169752023e-05,
  "p_cnot_ZZ": 0.000530586543578676,
  "p_idle_cnot_X": 0.00010560741510148274,
  "p_idle_cnot_Y": 0.00020021818141366903,
  "p_idle_cnot_Z": 0.0,
  "p_idle_spam_X": 0.001838616196099669,
  "p_idle_spam_Y": 0.0022034441369994467,
  "p_idle_spam_Z": 0.0,
  "p_meas_X": 0.006516585799828405,
  "p_meas_Z": 0.006516585799828405,
  "p_prep_X": 0.0016834850970120904,
  "p_prep_Z": 0.0016834850970120904
}