{
  "p_cnot_IX": 0.0005146778277710392,
  "p_cnot_IY": 0.0,
  "p_cnot_IZ": 0.0,
  "p_cnot_XI": 0.0009001325084425099,
  "p_cnot_XX": 0.0,
  "p_cnot_XY": 0.002581834832155111,
  "p_cnot_XZ": 0.0009155367151359808,
  "p_cnot_YI": 0.00114123483851836,
  "p_cnot_YX": 0.0,
  "p_cnot_YY": 0.0,
  "p_cnot_YZ": 0.0010801186198513434,
  "p_cnot_ZI": 0.0001417276686800117,
  "p_cnot_ZX": 0.0,
  "p_cnot_ZY": 0.0,
  "p_cnot_ZZ": 0.0,
  "p_idle_cnot_X": 0.0003475227879172115,
  "p_idle_cnot_Y": 0.0,
  "p_idle_cnot_Z": 0.0,
  "p_idle_spam_X": 0.0008682867357145308,
  "p_idle_spam_Y": 0.002550868635033034,
  "p_idle_spam_Z": 0.0,
  "p_meas_X": 0.005458992224890971,
  "p_meas_Z": 0.005458992224890971,
  "p_prep_X": 0.001969944928191622,
  "p_prep_Z": 0.001969944928191622
}