{
  "p_cnot_IX": 1.0191039612344693e-05,
  "p_cnot_IY": 7.61120263648007e-05,
  "p_cnot_IZ": 0.0,
  "p_cnot_XI": 0.0,
  "p_cnot_XX": 0.0,
  "p_cnot_XY": 0.0,
  "p_cnot_XZ": 0.0,
  "p_cnot_YI": 0.0,
  "p_cnot_YX": 0.0,
  "p_cnot_YY": 0.0,
  "p_cnot_YZ": 0.0,
  "p_cnot_ZI": 1.984106615778798e-05,
  "p_cnot_ZX": 0.0,
  "p_cnot_ZY": 0.0,
  "p_cnot_ZZ": 1.8327460295912038e-06,
  "p_idle_cnot_X": 0.0,
  "p_idle_cnot_Y": 0.0009612885949124686,
  "p_idle_cnot_Z": 0.0,
  "p_idle_spam_X": 0.004128247594476783,
  "p_idle_spam_Y": 0.0006564091724272795,
  "p_idle_spam_Z": 0.0,
  "p_meas_X": 0.0035565456801151703,
  "p_meas_Z": 0.0035565456801151703,
  "p_prep_X": 0.0019579545519645336,
  "p_prep_Z": 0.0019579545519645336
}