{
  "p_cnot_IX": 0.0022012347005447544,
  "p_cnot_IY": 0.0018259249027512239,
  "p_cnot_IZ": 0.0,
  "p_cnot_XI": 0.0,
  "p_cnot_XX": 0.0,
  "p_cnot_XY": 0.00043554671700613343,
  "p_cnot_XZ": 0.0,
  "p_cnot_YI": 0.0,
  "p_cnot_YX": 0.0,
  "p_cnot_YY": 0.0,
  "p_cnot_YZ": 0.0,
  "p_cnot_ZI": 0.0009904321431642915,
  "p_cnot_ZX": 0.0,
  "p_cnot_ZY": 1.9861242770656587e-05,
  "p_cnot_ZZ": 0.0,
  "p_idle_cnot_X": 4.6431390901739536e-05,
  "p_idle_cnot_Y": 0.0007962799781138098,
  "p_idle_cnot_Z": 0.0,
  "p_idle_spam_X": 0.0,
  "p_idle_spam_Y": 0.0006044571371690327,
  "p_idle_spam_Z": 0.0,
  "p_meas_X": 0.0030208529930454402,
  "p_meas_Z": 0.0030208529930454402,
  "p_prep_X": 0.00493703480471507,
  "p_prep_Z": 0.00493703480471507
}