{
  "p_cnot_IX": 0.0,
  "p_cnot_IY": 0.0,
  "p_cnot_IZ": 0.0,
  "p_cnot_XI": 0.0,
  "p_cnot_XX": 0.0,
  "p_cnot_XY": 0.0012440475847536622,
  "p_cnot_XZ": 0.0,
  "p_cnot_YI": 0.0,
  "p_cnot_YX": 0.0,
  "p_cnot_YY": 0.00013229950010901318,
  "p_cnot_YZ": 0.0,
  "p_cnot_ZI": 0.0011523022628381376,
  "p_cnot_ZX": 0.0,
  "p_cnot_ZY": 0.0,
  "p_cnot_ZZ": 0.0004688740638584633,
  "p_idle_cnot_X": 0.0003229324617431424,
  "p_idle_cnot_Y": 0.00019386515249944185,
  "p_idle_cnot_Z": 0.0,
  "p_idle_spam_X": 0.0015179553974249609,
  "p_idle_spam_Y": 0.002195158206761704,
  "p_idle_spam_Z": 0.0005709986108121194,
  "p_meas_X": 0.005070611704313771,
  "p_meas_Z": 0.005070611704313771,
  "p_prep_X": 0.0,
  "p_prep_Z": 0.0
}