{
  "p_cnot_IX": 0.001780793228233065,
  "p_cnot_IY": 0.0,
  "p_cnot_IZ": 0.0,
  "p_cnot_XI": 0.0,
  "p_cnot_XX": 0.0,
  "p_cnot_XY": 0.0022963039907174486,
  "p_cnot_XZ": 0.0,
  "p_cnot_YI": 0.0002544869692144717,
  "p_cnot_YX": 0.0,
  "p_cnot_YY": 0.000297738354750304,
  "p_cnot_YZ": 0.00021098121346265183,
  "p_cnot_ZI": 0.0023563453923545535,
  "p_cnot_ZX": 0.0,
  "p_cnot_ZY": 0.0,
  "p_cnot_ZZ": 0.0,
  "p_idle_cnot_X": 0.0,
  "p_idle_cnot_Y": 0.00039470182917483883,
  "p_idle_cnot_Z": 0.0,
  "p_idle_spam_X": 0.0,
  "p_idle_spam_Y": 0.0010080984668037062,
  "p_idle_spam_Z": 0.0,
  "p_meas_X": 0.0008057999395616198,
  "p_meas_Z": 0.0008057999395616198,
  "p_prep_X": 0.002705543482493771,
  "p_prep_Z": 0.002705543482493771
}