{
  "p_cnot_IX": 0.0006432652237487368,
  "p_cnot_IY": 2.702617758725295e-07,
  "p_cnot_IZ": 0.0,
  "p_cnot_XI": 0.00015633975182826538,
  "p_cnot_XX": 0.0,
  "p_cnot_XY": 1.716792020344793e-05,
  "p_cnot_XZ": 0.0001325547130681561,
  "p_cnot_YI": 0.00020925761773594426,
  "p_cnot_YX": 1.814547303392688e-07,
  "p_cnot_YY": 0.0008028335276074242,
  "p_cnot_YZ": 0.00020288755945008452,
  "p_cnot_ZI": 0.0007136454017730792,
  "p_cnot_ZX": 0.0,
  "p_cnot_ZY": 0.0,
  "p_cnot_ZZ": 8.962862864306739e-06,
  "p_idle_cnot_X": 0.0003682072882624825,
  "p_idle_cnot_Y": 0.0005203332221631012,
  "p_idle_cnot_Z": 0.0,
  "p_idle_spam_X": 0.0018213669287575895,
  "p_idle_spam_Y": 0.0019552847722330157,
  "p_idle_spam_Z": 0.0,
  "p_meas_X": 0.004138309468276263,
  "p_meas_Z": 0.004138309468276263,
  "p_prep_X": 0.0,
  "p_prep_Z": 0.0
}