{
  "p_cnot_IX": 0.0,
  "p_cnot_IY": 0.0,
  "p_cnot_IZ": 0.00034280545578128533,
  "p_cnot_XI": 0.0,
  "p_cnot_XX": 0.0007074884249320997,
  "p_cnot_XY": 0.0,
  "p_cnot_XZ": 4.339595575808976e-05,
  "p_cnot_YI": 0.00033052459838731714,
  "p_cnot_YX": 0.00025781345341297933,
  "p_cnot_YY": 0.0,
  "p_cnot_YZ": 0.00024617478125608244,
  "p_cnot_ZI": 0.00043610210737216645,
  "p_cnot_ZX": 0.0,
  "p_cnot_ZY": 0.0,
  "p_cnot_ZZ": 0.00011815060751727082,
  "p_idle_cnot_X": 0.0,
  "p_idle_cnot_Y": 0.0003753573904866023,
  "p_idle_cnot_Z": 0.0,
  "p_idle_spam_X": 0.0021364153023187365,
  "p_idle_spam_Y": 0.0011738177257093845,
  "p_idle_spam_Z": 0.0,
  "p_meas_X": 0.006981890972168691,
  "p_meas_Z": 0.006981890972168691,
  "p_prep_X": 0.0,
  "p_prep_Z": 0.0
}