{
  "p_cnot_IX": 0.0011613767283862656,
  "p_cnot_IY": 0.00014663238079377192,
  "p_cnot_IZ": 0.0,
  "p_cnot_XI": 0.0,
  "p_cnot_XX": 0.0008229137696474552,
  "p_cnot_XY": 0.0006107381098675575,
  "p_cnot_XZ": 0.0,
  "p_cnot_YI": 0.0008524407194231148,
  "p_cnot_YX": 0.0005928847781345423,
  "p_cnot_YY": 0.0003798393695701989,
  "p_cnot_YZ": 0.0008557575756909801,
  "p_cnot_ZI": 0.001111831713187799,
  "p_cnot_ZX": 0.0009511328444188635,
  "p_cnot_ZY": 0.0,
  "p_cnot_ZZ": 0.00020578346120756418,
  "p_idle_cnot_X": 0.0,
  "p_idle_cnot_Y": 0.0,
  "p_idle_cnot_Z": 0.0,
  "p_idle_spam_X": 0.0005907518896975418,
  "p_idle_spam_Y": 0.0010350396104567955,
  "p_idle_spam_Z": 5.404572704559859e-05,
  "p_meas_X": 0.0014467124278280386,
  "p_meas_Z": 0.0014467124278280386,
  "p_prep_X": 0.0010820353525436202,
  "p_prep_Z": 0.0010820353525436202
}