{
  "p_cnot_IX": 0.0004452171433750751,
  "p_cnot_IY": 0.0,
  "p_cnot_IZ": 2.392068357338821e-05,
  "p_cnot_XI": 0.0003764039175547997,
  "p_cnot_XX": 0.0,
  "p_cnot_XY": 0.0016755494511001094,
  "p_cnot_XZ": 0.0003688004343384867,
  "p_cnot_YI": 0.00042286637694087216,
  "p_cnot_YX": 0.0,
  "p_cnot_YY": 0.0,
  "p_cnot_YZ": 0.00039869986615620186,
  "p_cnot_ZI": 0.0008438201615042852,
  "p_cnot_ZX": 0.0,
  "p_cnot_ZY": 0.0,
  "p_cnot_ZZ": 0.0,
  "p_idle_cnot_X": 0.0007320800697060622,
  "p_idle_cnot_Y": 0.00038735776505233676,
  "p_idle_cnot_Z": 0.0,
  "p_idle_spam_X": 0.00018312210419655817,
  "p_idle_spam_Y": 0.001345833695930869,
  "p_idle_spam_Z": 2.468995648441859e-07,
  "p_meas_X": 0.0049016217573241636,
  "p_meas_Z": 0.0049016217573241636,
  "p_prep_X": 0.0003798659411571776,
  "p_prep_Z": 0.0003798659411571776
}