{
  "p_cnot_IX": 0.0007457533265328533,
  "p_cnot_IY": 1.1593478922893682e-05,
  "p_cnot_IZ": 0.0,
  "p_cnot_XI": 0.0005210546188800452,
  "p_cnot_XX": 0.0,
  "p_cnot_XY": 4.743166892890072e-05,
  "p_cnot_XZ": 0.0005261519266655673,
  "p_cnot_YI": 0.0007872060240807998,
  "p_cnot_YX": 0.0,
  "p_cnot_YY": 0.000354605573644083,
  "p_cnot_YZ": 0.0007909735252852287,
  "p_cnot_ZI": 0.0,
  "p_cnot_ZX": 0.0008305506382496684,
  "p_cnot_ZY": 0.0009529523486355597,
  "p_cnot_ZZ": 0.0,
  "p_idle_cnot_X": 0.0,
  "p_idle_cnot_Y": 0.0,
  "p_idle_cnot_Z": 0.0,
  "p_idle_spam_X": 0.0010997695191942033,
  "p_idle_spam_Y": 0.0019068306904282645,
  "p_idle_spam_Z": 0.0,
  "p_meas_X": 0.007181373035366522,
  "p_meas_Z": 0.007181373035366522,
  "p_prep_X": 0.00014426410818897437,
  "p_prep_Z": 0.00014426410818897437
}