{
  "p_cnot_IX": 0.0009564630629093421,
  "p_cnot_IY": 0.0,
  "p_cnot_IZ": 0.0,
  "p_cnot_XI": 0.0010910221158719525,
  "p_cnot_XX": 0.0012648006506346984,
  "p_cnot_XY": 5.2427053357540945e-05,
  "p_cnot_XZ": 0.0010942055804223185,
  "p_cnot_YI": 0.0007431997174242402,
  "p_cnot_YX": 0.0004540323289484335,
  "p_cnot_YY": 0.0,
  "p_cnot_YZ": 0.0007504088515615007,
  "p_cnot_ZI": 0.00038781865048157047,
  "p_cnot_ZX": 0.0,
  "p_cnot_ZY": 0.0,
  "p_cnot_ZZ": 0.0,
  "p_idle_cnot_X": 0.0,
  "p_idle_cnot_Y": 0.0002666915372090587,
  "p_idle_cnot_Z": 0.0,
  "p_idle_spam_X": 0.00044246506187121064,
  "p_idle_spam_Y": 0.0011407819038138055,
  "p_idle_spam_Z": 0.0,
  "p_meas_X": 0.0033498945394291905,
  "p_meas_Z": 0.0033498945394291905,
  "p_prep_X": 0.0019227569050066192,
  "p_prep_Z": 0.0019227569050066192
}