{
  "p_cnot_IX": 0.0008499972013445371,
  "p_cnot_IY": 0.0002441611250958362,
  "p_cnot_IZ": 0.0,
  "p_cnot_XI": 0.00043607165071287053,
  "p_cnot_XX": 0.0007941965501208044,
  "p_cnot_XY": 0.0006392541997060053,
  "p_cnot_XZ": 0.0004368248812759314,
  "p_cnot_YI": 0.0007714581422146473,
  "p_cnot_YX": 0.0005185156100342331,
  "p_cnot_YY": 0.00036256764347277067,
  "p_cnot_YZ": 0.0007729826761235196,
  "p_cnot_ZI": 0.0008099612650638414,
  "p_cnot_ZX": 0.0005282467168823057,
  "p_cnot_ZY": 0.0,
  "p_cnot_ZZ": 1.6984938936440837e-05,
  "p_idle_cnot_X": 0.0,
  "p_idle_cnot_Y": 0.0,
  "p_idle_cnot_Z": 3.143300556991889e-05,
  "p_idle_spam_X": 0.0008814315961882234,
  "p_idle_spam_Y": 0.001038521847465963,
  "p_idle_spam_Z": 0.0,
  "p_meas_X": 0.0013283293920051684,
  "p_meas_Z": 0.0013283293920051684,
  "p_prep_X": 0.0009568478600871002,
  "p_prep_Z": 0.0009568478600871002
}